,code,signal_date
10,000021.SZ,2013-04-30
14,000027.SZ,2013-04-30
32,000089.SZ,2013-04-30
40,000159.SZ,2013-04-30
45,000402.SZ,2013-04-30
53,000425.SZ,2013-04-30
56,000429.SZ,2013-04-30
57,000488.SZ,2013-04-30
63,000521.SZ,2013-04-30
68,000528.SZ,2013-04-30
125,000685.SZ,2013-04-30
132,000707.SZ,2013-04-30
141,000729.SZ,2013-04-30
150,000756.SZ,2013-04-30
159,000782.SZ,2013-04-30
171,000807.SZ,2013-04-30
192,000876.SZ,2013-04-30
193,000877.SZ,2013-04-30
205,000900.SZ,2013-04-30
207,000903.SZ,2013-04-30
211,000910.SZ,2013-04-30
216,000919.SZ,2013-04-30
220,000930.SZ,2013-04-30
226,000951.SZ,2013-04-30
230,000965.SZ,2013-04-30
237,000978.SZ,2013-04-30
245,000990.SZ,2013-04-30
253,002001.SZ,2013-04-30
287,002042.SZ,2013-04-30
290,002045.SZ,2013-04-30
301,002060.SZ,2013-04-30
319,002082.SZ,2013-04-30
321,002088.SZ,2013-04-30
325,002092.SZ,2013-04-30
347,002122.SZ,2013-04-30
362,002147.SZ,2013-04-30
371,002156.SZ,2013-04-30
398,002202.SZ,2013-04-30
400,002204.SZ,2013-04-30
402,002206.SZ,2013-04-30
407,002212.SZ,2013-04-30
445,002263.SZ,2013-04-30
459,002280.SZ,2013-04-30
462,002283.SZ,2013-04-30
487,002315.SZ,2013-04-30
499,002328.SZ,2013-04-30
501,002330.SZ,2013-04-30
507,002337.SZ,2013-04-30
533,002366.SZ,2013-04-30
545,002380.SZ,2013-04-30
549,002386.SZ,2013-04-30
550,002387.SZ,2013-04-30
556,002393.SZ,2013-04-30
562,002399.SZ,2013-04-30
565,002402.SZ,2013-04-30
568,002406.SZ,2013-04-30
574,002413.SZ,2013-04-30
586,002427.SZ,2013-04-30
591,002432.SZ,2013-04-30
593,002434.SZ,2013-04-30
606,002449.SZ,2013-04-30
636,002483.SZ,2013-04-30
640,002487.SZ,2013-04-30
648,002495.SZ,2013-04-30
657,002504.SZ,2013-04-30
664,002515.SZ,2013-04-30
671,002523.SZ,2013-04-30
675,002528.SZ,2013-04-30
683,002536.SZ,2013-04-30
684,002537.SZ,2013-04-30
686,002539.SZ,2013-04-30
717,002574.SZ,2013-04-30
719,002576.SZ,2013-04-30
724,002582.SZ,2013-04-30
727,002585.SZ,2013-04-30
735,002593.SZ,2013-04-30
743,002602.SZ,2013-04-30
753,002614.SZ,2013-04-30
761,002623.SZ,2013-04-30
763,002626.SZ,2013-04-30
768,002631.SZ,2013-04-30
781,002647.SZ,2013-04-30
812,300030.SZ,2013-04-30
815,300033.SZ,2013-04-30
827,300046.SZ,2013-04-30
830,300050.SZ,2013-04-30
832,300052.SZ,2013-04-30
853,300077.SZ,2013-04-30
854,300078.SZ,2013-04-30
857,300082.SZ,2013-04-30
864,300095.SZ,2013-04-30
870,300102.SZ,2013-04-30
875,300107.SZ,2013-04-30
891,300125.SZ,2013-04-30
902,300138.SZ,2013-04-30
912,300150.SZ,2013-04-30
915,300153.SZ,2013-04-30
920,300158.SZ,2013-04-30
922,300160.SZ,2013-04-30
927,300165.SZ,2013-04-30
929,300167.SZ,2013-04-30
938,300178.SZ,2013-04-30
944,300184.SZ,2013-04-30
954,300194.SZ,2013-04-30
965,300206.SZ,2013-04-30
968,300209.SZ,2013-04-30
970,300211.SZ,2013-04-30
982,300223.SZ,2013-04-30
991,300233.SZ,2013-04-30
1011,300254.SZ,2013-04-30
1023,300269.SZ,2013-04-30
1031,300277.SZ,2013-04-30
1047,600006.SH,2013-04-30
1061,600028.SH,2013-04-30
1073,600051.SH,2013-04-30
1097,600098.SH,2013-04-30
1142,600183.SH,2013-04-30
1145,600189.SH,2013-04-30
1158,600210.SH,2013-04-30
1161,600216.SH,2013-04-30
1189,600268.SH,2013-04-30
1190,600269.SH,2013-04-30
1210,600295.SH,2013-04-30
1212,600298.SH,2013-04-30
1214,600303.SH,2013-04-30
1216,600308.SH,2013-04-30
1218,600310.SH,2013-04-30
1224,600321.SH,2013-04-30
1225,600322.SH,2013-04-30
1235,600350.SH,2013-04-30
1241,600361.SH,2013-04-30
1248,600370.SH,2013-04-30
1252,600375.SH,2013-04-30
1256,600380.SH,2013-04-30
1281,600425.SH,2013-04-30
1289,600449.SH,2013-04-30
1290,600456.SH,2013-04-30
1293,600461.SH,2013-04-30
1301,600480.SH,2013-04-30
1317,600500.SH,2013-04-30
1323,600508.SH,2013-04-30
1339,600529.SH,2013-04-30
1344,600536.SH,2013-04-30
1349,600548.SH,2013-04-30
1351,600551.SH,2013-04-30
1354,600558.SH,2013-04-30
1365,600580.SH,2013-04-30
1380,600601.SH,2013-04-30
1383,600606.SH,2013-04-30
1401,600641.SH,2013-04-30
1402,600642.SH,2013-04-30
1412,600657.SH,2013-04-30
1417,600665.SH,2013-04-30
1437,600704.SH,2013-04-30
1449,600736.SH,2013-04-30
1458,600755.SH,2013-04-30
1489,600815.SH,2013-04-30
1495,600825.SH,2013-04-30
1497,600827.SH,2013-04-30
1504,600835.SH,2013-04-30
1529,600881.SH,2013-04-30
1530,600883.SH,2013-04-30
1534,600888.SH,2013-04-30
1559,600992.SH,2013-04-30
1565,601001.SH,2013-04-30
1572,601028.SH,2013-04-30
1582,601113.SH,2013-04-30
1591,601168.SH,2013-04-30
1598,601216.SH,2013-04-30
1608,601333.SH,2013-04-30
1620,601607.SH,2013-04-30
1621,601616.SH,2013-04-30
1625,601666.SH,2013-04-30
1628,601677.SH,2013-04-30
1629,601678.SH,2013-04-30
1646,601857.SH,2013-04-30
1647,601872.SH,2013-04-30
1649,601880.SH,2013-04-30
1652,601890.SH,2013-04-30
1664,601992.SH,2013-04-30
1675,000016.SZ,2014-04-30
1681,000027.SZ,2014-04-30
1707,000157.SZ,2014-04-30
1711,000338.SZ,2014-04-30
1713,000401.SZ,2014-04-30
1718,000417.SZ,2014-04-30
1719,000418.SZ,2014-04-30
1722,000422.SZ,2014-04-30
1724,000425.SZ,2014-04-30
1740,000528.SZ,2014-04-30
1758,000560.SZ,2014-04-30
1761,000564.SZ,2014-04-30
1777,000601.SZ,2014-04-30
1781,000616.SZ,2014-04-30
1782,000619.SZ,2014-04-30
1784,000623.SZ,2014-04-30
1787,000630.SZ,2014-04-30
1796,000656.SZ,2014-04-30
1799,000666.SZ,2014-04-30
1812,000703.SZ,2014-04-30
1824,000728.SZ,2014-04-30
1825,000729.SZ,2014-04-30
1826,000731.SZ,2014-04-30
1836,000756.SZ,2014-04-30
1845,000780.SZ,2014-04-30
1852,000791.SZ,2014-04-30
1853,000792.SZ,2014-04-30
1866,000825.SZ,2014-04-30
1870,000839.SZ,2014-04-30
1878,000876.SZ,2014-04-30
1879,000877.SZ,2014-04-30
1880,000881.SZ,2014-04-30
1902,000919.SZ,2014-04-30
1907,000930.SZ,2014-04-30
1910,000937.SZ,2014-04-30
1912,000948.SZ,2014-04-30
1915,000961.SZ,2014-04-30
1916,000962.SZ,2014-04-30
1942,002001.SZ,2014-04-30
1988,002060.SZ,2014-04-30
2022,002106.SZ,2014-04-30
2033,002122.SZ,2014-04-30
2040,002133.SZ,2014-04-30
2053,002154.SZ,2014-04-30
2066,002177.SZ,2014-04-30
2088,002204.SZ,2014-04-30
2090,002206.SZ,2014-04-30
2095,002212.SZ,2014-04-30
2135,002263.SZ,2014-04-30
2151,002283.SZ,2014-04-30
2184,002323.SZ,2014-04-30
2201,002343.SZ,2014-04-30
2220,002365.SZ,2014-04-30
2234,002380.SZ,2014-04-30
2242,002389.SZ,2014-04-30
2246,002393.SZ,2014-04-30
2252,002399.SZ,2014-04-30
2259,002406.SZ,2014-04-30
2266,002413.SZ,2014-04-30
2272,002422.SZ,2014-04-30
2280,002430.SZ,2014-04-30
2298,002449.SZ,2014-04-30
2310,002463.SZ,2014-04-30
2320,002474.SZ,2014-04-30
2330,002485.SZ,2014-04-30
2336,002493.SZ,2014-04-30
2361,002526.SZ,2014-04-30
2368,002533.SZ,2014-04-30
2369,002534.SZ,2014-04-30
2371,002536.SZ,2014-04-30
2372,002537.SZ,2014-04-30
2376,002541.SZ,2014-04-30
2380,002545.SZ,2014-04-30
2392,002558.SZ,2014-04-30
2406,002576.SZ,2014-04-30
2413,002585.SZ,2014-04-30
2421,002593.SZ,2014-04-30
2429,002601.SZ,2014-04-30
2463,002638.SZ,2014-04-30
2472,002647.SZ,2014-04-30
2554,300033.SZ,2014-04-30
2566,300046.SZ,2014-04-30
2592,300077.SZ,2014-04-30
2594,300079.SZ,2014-04-30
2596,300082.SZ,2014-04-30
2612,300102.SZ,2014-04-30
2645,300138.SZ,2014-04-30
2656,300150.SZ,2014-04-30
2658,300152.SZ,2014-04-30
2659,300153.SZ,2014-04-30
2663,300158.SZ,2014-04-30
2688,300185.SZ,2014-04-30
2692,300189.SZ,2014-04-30
2696,300193.SZ,2014-04-30
2708,300209.SZ,2014-04-30
2770,300277.SZ,2014-04-30
2821,300333.SZ,2014-04-30
2828,300340.SZ,2014-04-30
2849,600006.SH,2014-04-30
2866,600030.SH,2014-04-30
2867,600031.SH,2014-04-30
2869,600035.SH,2014-04-30
2885,600062.SH,2014-04-30
2889,600068.SH,2014-04-30
2923,600128.SH,2014-04-30
2926,600141.SH,2014-04-30
2929,600150.SH,2014-04-30
2934,600160.SH,2014-04-30
2936,600166.SH,2014-04-30
2950,600188.SH,2014-04-30
2958,600199.SH,2014-04-30
2963,600210.SH,2014-04-30
2966,600216.SH,2014-04-30
2969,600226.SH,2014-04-30
2970,600227.SH,2014-04-30
2974,600233.SH,2014-04-30
2976,600237.SH,2014-04-30
2988,600267.SH,2014-04-30
2989,600268.SH,2014-04-30
2990,600269.SH,2014-04-30
3009,600298.SH,2014-04-30
3012,600308.SH,2014-04-30
3014,600310.SH,2014-04-30
3019,600321.SH,2014-04-30
3022,600325.SH,2014-04-30
3036,600353.SH,2014-04-30
3037,600356.SH,2014-04-30
3050,600376.SH,2014-04-30
3057,600386.SH,2014-04-30
3074,600410.SH,2014-04-30
3079,600425.SH,2014-04-30
3089,600456.SH,2014-04-30
3095,600467.SH,2014-04-30
3098,600470.SH,2014-04-30
3109,600488.SH,2014-04-30
3112,600491.SH,2014-04-30
3140,600528.SH,2014-04-30
3141,600529.SH,2014-04-30
3142,600530.SH,2014-04-30
3144,600533.SH,2014-04-30
3149,600546.SH,2014-04-30
3151,600548.SH,2014-04-30
3153,600551.SH,2014-04-30
3169,600578.SH,2014-04-30
3179,600590.SH,2014-04-30
3185,600601.SH,2014-04-30
3247,600702.SH,2014-04-30
3259,600723.SH,2014-04-30
3263,600736.SH,2014-04-30
3267,600742.SH,2014-04-30
3271,600750.SH,2014-04-30
3316,600831.SH,2014-04-30
3334,600859.SH,2014-04-30
3343,600873.SH,2014-04-30
3345,600875.SH,2014-04-30
3347,600881.SH,2014-04-30
3350,600884.SH,2014-04-30
3353,600888.SH,2014-04-30
3360,600900.SH,2014-04-30
3367,600971.SH,2014-04-30
3382,600997.SH,2014-04-30
3388,601007.SH,2014-04-30
3391,601010.SH,2014-04-30
3395,601038.SH,2014-04-30
3402,601106.SH,2014-04-30
3403,601107.SH,2014-04-30
3415,601169.SH,2014-04-30
3416,601177.SH,2014-04-30
3425,601233.SH,2014-04-30
3426,601238.SH,2014-04-30
3431,601328.SH,2014-04-30
3432,601333.SH,2014-04-30
3438,601388.SH,2014-04-30
3447,601588.SH,2014-04-30
3451,601608.SH,2014-04-30
3452,601616.SH,2014-04-30
3461,601678.SH,2014-04-30
3462,601688.SH,2014-04-30
3464,601717.SH,2014-04-30
3466,601727.SH,2014-04-30
3468,601777.SH,2014-04-30
3469,601788.SH,2014-04-30
3474,601801.SH,2014-04-30
3485,601918.SH,2014-04-30
3486,601928.SH,2014-04-30
3490,601958.SH,2014-04-30
3493,601989.SH,2014-04-30
3495,601992.SH,2014-04-30
3507,603333.SH,2014-04-30
3535,000050.SZ,2015-04-30
3545,000089.SZ,2015-04-30
3551,000157.SZ,2015-04-30
3553,000301.SZ,2015-04-30
3562,000415.SZ,2015-04-30
3564,000417.SZ,2015-04-30
3568,000422.SZ,2015-04-30
3570,000425.SZ,2015-04-30
3573,000488.SZ,2015-04-30
3583,000528.SZ,2015-04-30
3590,000539.SZ,2015-04-30
3593,000543.SZ,2015-04-30
3607,000564.SZ,2015-04-30
3610,000568.SZ,2015-04-30
3611,000570.SZ,2015-04-30
3614,000589.SZ,2015-04-30
3622,000619.SZ,2015-04-30
3625,000630.SZ,2015-04-30
3627,000635.SZ,2015-04-30
3636,000666.SZ,2015-04-30
3640,000679.SZ,2015-04-30
3647,000701.SZ,2015-04-30
3652,000715.SZ,2015-04-30
3674,000761.SZ,2015-04-30
3687,000792.SZ,2015-04-30
3708,000858.SZ,2015-04-30
3715,000877.SZ,2015-04-30
3717,000883.SZ,2015-04-30
3725,000900.SZ,2015-04-30
3727,000903.SZ,2015-04-30
3734,000917.SZ,2015-04-30
3740,000937.SZ,2015-04-30
3757,000983.SZ,2015-04-30
3761,000990.SZ,2015-04-30
3763,000999.SZ,2015-04-30
3777,002014.SZ,2015-04-30
3789,002029.SZ,2015-04-30
3805,002046.SZ,2015-04-30
3811,002054.SZ,2015-04-30
3834,002087.SZ,2015-04-30
3835,002088.SZ,2015-04-30
3843,002097.SZ,2015-04-30
3851,002106.SZ,2015-04-30
3862,002122.SZ,2015-04-30
3896,002177.SZ,2015-04-30
3900,002181.SZ,2015-04-30
3924,002212.SZ,2015-04-30
3948,002244.SZ,2015-04-30
3957,002255.SZ,2015-04-30
3977,002281.SZ,2015-04-30
3982,002286.SZ,2015-04-30
3997,002308.SZ,2015-04-30
4016,002331.SZ,2015-04-30
4034,002352.SZ,2015-04-30
4037,002355.SZ,2015-04-30
4043,002365.SZ,2015-04-30
4052,002380.SZ,2015-04-30
4056,002386.SZ,2015-04-30
4062,002393.SZ,2015-04-30
4068,002399.SZ,2015-04-30
4084,002422.SZ,2015-04-30
4091,002430.SZ,2015-04-30
4134,002483.SZ,2015-04-30
4140,002491.SZ,2015-04-30
4156,002511.SZ,2015-04-30
4167,002528.SZ,2015-04-30
4173,002534.SZ,2015-04-30
4174,002535.SZ,2015-04-30
4175,002537.SZ,2015-04-30
4177,002541.SZ,2015-04-30
4181,002545.SZ,2015-04-30
4195,002560.SZ,2015-04-30
4199,002566.SZ,2015-04-30
4200,002567.SZ,2015-04-30
4209,002582.SZ,2015-04-30
4242,002623.SZ,2015-04-30
4247,002628.SZ,2015-04-30
4286,002674.SZ,2015-04-30
4365,300044.SZ,2015-04-30
4369,300048.SZ,2015-04-30
4392,300076.SZ,2015-04-30
4394,300078.SZ,2015-04-30
4395,300079.SZ,2015-04-30
4414,300102.SZ,2015-04-30
4422,300110.SZ,2015-04-30
4448,300141.SZ,2015-04-30
4462,300158.SZ,2015-04-30
4487,300186.SZ,2015-04-30
4493,300193.SZ,2015-04-30
4512,300214.SZ,2015-04-30
4613,300323.SZ,2015-04-30
4620,300330.SZ,2015-04-30
4672,600011.SH,2015-04-30
4676,600017.SH,2015-04-30
4683,600028.SH,2015-04-30
4686,600031.SH,2015-04-30
4692,600039.SH,2015-04-30
4701,600059.SH,2015-04-30
4720,600100.SH,2015-04-30
4721,600101.SH,2015-04-30
4735,600123.SH,2015-04-30
4744,600143.SH,2015-04-30
4751,600160.SH,2015-04-30
4763,600183.SH,2015-04-30
4766,600189.SH,2015-04-30
4768,600191.SH,2015-04-30
4773,600199.SH,2015-04-30
4782,600215.SH,2015-04-30
4783,600216.SH,2015-04-30
4789,600232.SH,2015-04-30
4804,600268.SH,2015-04-30
4805,600269.SH,2015-04-30
4817,600285.SH,2015-04-30
4826,600298.SH,2015-04-30
4831,600310.SH,2015-04-30
4838,600322.SH,2015-04-30
4856,600360.SH,2015-04-30
4858,600362.SH,2015-04-30
4868,600377.SH,2015-04-30
4873,600386.SH,2015-04-30
4884,600401.SH,2015-04-30
4913,600467.SH,2015-04-30
4916,600475.SH,2015-04-30
4927,600488.SH,2015-04-30
4936,600500.SH,2015-04-30
4942,600509.SH,2015-04-30
4943,600510.SH,2015-04-30
4957,600529.SH,2015-04-30
4961,600533.SH,2015-04-30
4969,600551.SH,2015-04-30
4979,600567.SH,2015-04-30
4995,600590.SH,2015-04-30
4999,600596.SH,2015-04-30
5004,600601.SH,2015-04-30
5030,600642.SH,2015-04-30
5045,600667.SH,2015-04-30
5058,600702.SH,2015-04-30
5066,600718.SH,2015-04-30
5069,600723.SH,2015-04-30
5071,600729.SH,2015-04-30
5080,600750.SH,2015-04-30
5092,600778.SH,2015-04-30
5105,600805.SH,2015-04-30
5111,600820.SH,2015-04-30
5116,600827.SH,2015-04-30
5118,600830.SH,2015-04-30
5135,600858.SH,2015-04-30
5144,600875.SH,2015-04-30
5145,600880.SH,2015-04-30
5166,600973.SH,2015-04-30
5189,601038.SH,2015-04-30
5194,601100.SH,2015-04-30
5200,601117.SH,2015-04-30
5202,601126.SH,2015-04-30
5203,601137.SH,2015-04-30
5209,601177.SH,2015-04-30
5219,601233.SH,2015-04-30
5222,601288.SH,2015-04-30
5224,601318.SH,2015-04-30
5225,601328.SH,2015-04-30
5226,601333.SH,2015-04-30
5228,601339.SH,2015-04-30
5230,601369.SH,2015-04-30
5234,601398.SH,2015-04-30
5238,601566.SH,2015-04-30
5240,601588.SH,2015-04-30
5242,601601.SH,2015-04-30
5243,601607.SH,2015-04-30
5244,601608.SH,2015-04-30
5249,601666.SH,2015-04-30
5257,601717.SH,2015-04-30
5263,601798.SH,2015-04-30
5273,601886.SH,2015-04-30
5276,601898.SH,2015-04-30
5283,601958.SH,2015-04-30
5287,601991.SH,2015-04-30
5288,601992.SH,2015-04-30
5290,601999.SH,2015-04-30
5292,603001.SH,2015-04-30
5302,603366.SH,2015-04-30
5319,000021.SZ,2016-04-30
5322,000027.SZ,2016-04-30
5324,000030.SZ,2016-04-30
5351,000100.SZ,2016-04-30
5355,000157.SZ,2016-04-30
5361,000338.SZ,2016-04-30
5362,000400.SZ,2016-04-30
5368,000417.SZ,2016-04-30
5379,000521.SZ,2016-04-30
5382,000525.SZ,2016-04-30
5383,000528.SZ,2016-04-30
5384,000530.SZ,2016-04-30
5389,000539.SZ,2016-04-30
5391,000541.SZ,2016-04-30
5404,000568.SZ,2016-04-30
5408,000581.SZ,2016-04-30
5417,000616.SZ,2016-04-30
5424,000635.SZ,2016-04-30
5425,000636.SZ,2016-04-30
5440,000683.SZ,2016-04-30
5452,000713.SZ,2016-04-30
5456,000719.SZ,2016-04-30
5457,000725.SZ,2016-04-30
5458,000726.SZ,2016-04-30
5460,000728.SZ,2016-04-30
5461,000729.SZ,2016-04-30
5466,000739.SZ,2016-04-30
5467,000748.SZ,2016-04-30
5472,000768.SZ,2016-04-30
5479,000789.SZ,2016-04-30
5482,000793.SZ,2016-04-30
5488,000816.SZ,2016-04-30
5491,000823.SZ,2016-04-30
5523,000916.SZ,2016-04-30
5524,000917.SZ,2016-04-30
5525,000919.SZ,2016-04-30
5528,000926.SZ,2016-04-30
5532,000948.SZ,2016-04-30
5534,000951.SZ,2016-04-30
5538,000965.SZ,2016-04-30
5559,002001.SZ,2016-04-30
5578,002028.SZ,2016-04-30
5595,002048.SZ,2016-04-30
5603,002060.SZ,2016-04-30
5605,002063.SZ,2016-04-30
5608,002068.SZ,2016-04-30
5625,002092.SZ,2016-04-30
5690,002194.SZ,2016-04-30
5697,002204.SZ,2016-04-30
5770,002309.SZ,2016-04-30
5781,002322.SZ,2016-04-30
5788,002331.SZ,2016-04-30
5795,002342.SZ,2016-04-30
5804,002353.SZ,2016-04-30
5813,002365.SZ,2016-04-30
5822,002376.SZ,2016-04-30
5831,002393.SZ,2016-04-30
5843,002406.SZ,2016-04-30
5845,002408.SZ,2016-04-30
5854,002422.SZ,2016-04-30
5869,002440.SZ,2016-04-30
5930,002521.SZ,2016-04-30
5934,002528.SZ,2016-04-30
5939,002534.SZ,2016-04-30
5940,002535.SZ,2016-04-30
5944,002541.SZ,2016-04-30
5963,002567.SZ,2016-04-30
5966,002574.SZ,2016-04-30
5972,002585.SZ,2016-04-30
6058,002695.SZ,2016-04-30
6095,300002.SZ,2016-04-30
6109,300020.SZ,2016-04-30
6125,300042.SZ,2016-04-30
6127,300046.SZ,2016-04-30
6128,300047.SZ,2016-04-30
6137,300057.SZ,2016-04-30
6151,300079.SZ,2016-04-30
6153,300082.SZ,2016-04-30
6188,300128.SZ,2016-04-30
6203,300147.SZ,2016-04-30
6213,300158.SZ,2016-04-30
6226,300177.SZ,2016-04-30
6239,300194.SZ,2016-04-30
6432,600011.SH,2016-04-30
6443,600028.SH,2016-04-30
6446,600031.SH,2016-04-30
6447,600033.SH,2016-04-30
6454,600050.SH,2016-04-30
6459,600056.SH,2016-04-30
6460,600060.SH,2016-04-30
6477,600098.SH,2016-04-30
6483,600108.SH,2016-04-30
6500,600138.SH,2016-04-30
6501,600141.SH,2016-04-30
6503,600150.SH,2016-04-30
6512,600166.SH,2016-04-30
6513,600168.SH,2016-04-30
6522,600183.SH,2016-04-30
6526,600189.SH,2016-04-30
6529,600192.SH,2016-04-30
6531,600196.SH,2016-04-30
6538,600210.SH,2016-04-30
6541,600216.SH,2016-04-30
6558,600266.SH,2016-04-30
6559,600267.SH,2016-04-30
6560,600268.SH,2016-04-30
6561,600269.SH,2016-04-30
6567,600277.SH,2016-04-30
6572,600284.SH,2016-04-30
6575,600289.SH,2016-04-30
6584,600308.SH,2016-04-30
6599,600335.SH,2016-04-30
6609,600361.SH,2016-04-30
6610,600362.SH,2016-04-30
6621,600382.SH,2016-04-30
6635,600409.SH,2016-04-30
6638,600416.SH,2016-04-30
6648,600439.SH,2016-04-30
6650,600449.SH,2016-04-30
6652,600456.SH,2016-04-30
6655,600460.SH,2016-04-30
6658,600467.SH,2016-04-30
6660,600469.SH,2016-04-30
6662,600475.SH,2016-04-30
6665,600479.SH,2016-04-30
6679,600500.SH,2016-04-30
6702,600533.SH,2016-04-30
6710,600551.SH,2016-04-30
6711,600557.SH,2016-04-30
6720,600567.SH,2016-04-30
6727,600578.SH,2016-04-30
6729,600582.SH,2016-04-30
6733,600587.SH,2016-04-30
6737,600592.SH,2016-04-30
6740,600596.SH,2016-04-30
6742,600598.SH,2016-04-30
6744,600600.SH,2016-04-30
6754,600616.SH,2016-04-30
6771,600640.SH,2016-04-30
6780,600657.SH,2016-04-30
6786,600665.SH,2016-04-30
6800,600690.SH,2016-04-30
6814,600718.SH,2016-04-30
6816,600720.SH,2016-04-30
6823,600742.SH,2016-04-30
6828,600755.SH,2016-04-30
6830,600757.SH,2016-04-30
6832,600761.SH,2016-04-30
6837,600776.SH,2016-04-30
6846,600795.SH,2016-04-30
6849,600801.SH,2016-04-30
6852,600805.SH,2016-04-30
6878,600858.SH,2016-04-30
6881,600863.SH,2016-04-30
6887,600875.SH,2016-04-30
6889,600880.SH,2016-04-30
6893,600886.SH,2016-04-30
6908,600969.SH,2016-04-30
6915,600982.SH,2016-04-30
6916,600983.SH,2016-04-30
6921,600992.SH,2016-04-30
6927,601006.SH,2016-04-30
6939,601058.SH,2016-04-30
6946,601107.SH,2016-04-30
6950,601117.SH,2016-04-30
6951,601126.SH,2016-04-30
6956,601168.SH,2016-04-30
6958,601179.SH,2016-04-30
6966,601231.SH,2016-04-30
6970,601318.SH,2016-04-30
6972,601333.SH,2016-04-30
6974,601339.SH,2016-04-30
6984,601566.SH,2016-04-30
6989,601607.SH,2016-04-30
6991,601616.SH,2016-04-30
7001,601717.SH,2016-04-30
7004,601777.SH,2016-04-30
7007,601798.SH,2016-04-30
7019,601890.SH,2016-04-30
7022,601928.SH,2016-04-30
7023,601929.SH,2016-04-30
7026,601965.SH,2016-04-30
7030,601988.SH,2016-04-30
7031,601991.SH,2016-04-30
7032,601992.SH,2016-04-30
7033,601996.SH,2016-04-30
7051,603100.SH,2016-04-30
7053,603123.SH,2016-04-30
7064,603366.SH,2016-04-30
7101,000026.SZ,2017-04-30
7102,000027.SZ,2017-04-30
7109,000039.SZ,2017-04-30
7114,000050.SZ,2017-04-30
7127,000100.SZ,2017-04-30
7130,000156.SZ,2017-04-30
7139,000402.SZ,2017-04-30
7140,000404.SZ,2017-04-30
7147,000421.SZ,2017-04-30
7159,000521.SZ,2017-04-30
7162,000528.SZ,2017-04-30
7172,000539.SZ,2017-04-30
7175,000543.SZ,2017-04-30
7181,000550.SZ,2017-04-30
7192,000570.SZ,2017-04-30
7195,000581.SZ,2017-04-30
7210,000623.SZ,2017-04-30
7223,000665.SZ,2017-04-30
7230,000685.SZ,2017-04-30
7235,000700.SZ,2017-04-30
7236,000701.SZ,2017-04-30
7243,000713.SZ,2017-04-30
7246,000719.SZ,2017-04-30
7249,000725.SZ,2017-04-30
7250,000726.SZ,2017-04-30
7252,000729.SZ,2017-04-30
7270,000789.SZ,2017-04-30
7271,000791.SZ,2017-04-30
7272,000792.SZ,2017-04-30
7286,000823.SZ,2017-04-30
7293,000850.SZ,2017-04-30
7297,000860.SZ,2017-04-30
7299,000869.SZ,2017-04-30
7300,000876.SZ,2017-04-30
7303,000882.SZ,2017-04-30
7304,000883.SZ,2017-04-30
7307,000888.SZ,2017-04-30
7314,000902.SZ,2017-04-30
7315,000903.SZ,2017-04-30
7323,000917.SZ,2017-04-30
7324,000919.SZ,2017-04-30
7327,000926.SZ,2017-04-30
7335,000949.SZ,2017-04-30
7341,000966.SZ,2017-04-30
7346,000979.SZ,2017-04-30
7366,002004.SZ,2017-04-30
7370,002009.SZ,2017-04-30
7383,002024.SZ,2017-04-30
7388,002029.SZ,2017-04-30
7390,002031.SZ,2017-04-30
7392,002033.SZ,2017-04-30
7395,002037.SZ,2017-04-30
7413,002056.SZ,2017-04-30
7427,002080.SZ,2017-04-30
7441,002096.SZ,2017-04-30
7444,002099.SZ,2017-04-30
7472,002144.SZ,2017-04-30
7478,002152.SZ,2017-04-30
7480,002154.SZ,2017-04-30
7502,002193.SZ,2017-04-30
7507,002202.SZ,2017-04-30
7518,002220.SZ,2017-04-30
7523,002225.SZ,2017-04-30
7562,002283.SZ,2017-04-30
7571,002296.SZ,2017-04-30
7595,002328.SZ,2017-04-30
7615,002353.SZ,2017-04-30
7633,002375.SZ,2017-04-30
7645,002391.SZ,2017-04-30
7647,002393.SZ,2017-04-30
7652,002398.SZ,2017-04-30
7659,002406.SZ,2017-04-30
7673,002422.SZ,2017-04-30
7687,002440.SZ,2017-04-30
7688,002441.SZ,2017-04-30
7695,002449.SZ,2017-04-30
7699,002454.SZ,2017-04-30
7723,002484.SZ,2017-04-30
7730,002496.SZ,2017-04-30
7749,002521.SZ,2017-04-30
7767,002546.SZ,2017-04-30
7777,002557.SZ,2017-04-30
7787,002574.SZ,2017-04-30
7826,002628.SZ,2017-04-30
7844,002649.SZ,2017-04-30
7965,300004.SZ,2017-04-30
7981,300020.SZ,2017-04-30
7984,300026.SZ,2017-04-30
7985,300027.SZ,2017-04-30
7987,300032.SZ,2017-04-30
8001,300047.SZ,2017-04-30
8024,300077.SZ,2017-04-30
8029,300083.SZ,2017-04-30
8047,300106.SZ,2017-04-30
8074,300139.SZ,2017-04-30
8081,300150.SZ,2017-04-30
8085,300154.SZ,2017-04-30
8101,300171.SZ,2017-04-30
8107,300177.SZ,2017-04-30
8139,300214.SZ,2017-04-30
8183,300263.SZ,2017-04-30
8193,300274.SZ,2017-04-30
8208,300291.SZ,2017-04-30
8219,300305.SZ,2017-04-30
8393,600006.SH,2017-04-30
8398,600011.SH,2017-04-30
8405,600020.SH,2017-04-30
8410,600027.SH,2017-04-30
8413,600030.SH,2017-04-30
8415,600033.SH,2017-04-30
8422,600051.SH,2017-04-30
8430,600061.SH,2017-04-30
8431,600062.SH,2017-04-30
8434,600067.SH,2017-04-30
8445,600089.SH,2017-04-30
8453,600104.SH,2017-04-30
8456,600108.SH,2017-04-30
8466,600122.SH,2017-04-30
8474,600141.SH,2017-04-30
8490,600175.SH,2017-04-30
8492,600177.SH,2017-04-30
8499,600190.SH,2017-04-30
8500,600191.SH,2017-04-30
8501,600192.SH,2017-04-30
8529,600266.SH,2017-04-30
8530,600267.SH,2017-04-30
8540,600279.SH,2017-04-30
8546,600289.SH,2017-04-30
8547,600291.SH,2017-04-30
8563,600316.SH,2017-04-30
8572,600332.SH,2017-04-30
8573,600335.SH,2017-04-30
8578,600351.SH,2017-04-30
8579,600352.SH,2017-04-30
8583,600362.SH,2017-04-30
8584,600363.SH,2017-04-30
8593,600376.SH,2017-04-30
8597,600380.SH,2017-04-30
8599,600383.SH,2017-04-30
8607,600396.SH,2017-04-30
8612,600410.SH,2017-04-30
8617,600422.SH,2017-04-30
8618,600426.SH,2017-04-30
8634,600467.SH,2017-04-30
8646,600488.SH,2017-04-30
8650,600496.SH,2017-04-30
8653,600500.SH,2017-04-30
8658,600509.SH,2017-04-30
8689,600561.SH,2017-04-30
8699,600573.SH,2017-04-30
8702,600580.SH,2017-04-30
8703,600582.SH,2017-04-30
8706,600585.SH,2017-04-30
8707,600587.SH,2017-04-30
8719,600601.SH,2017-04-30
8726,600613.SH,2017-04-30
8733,600623.SH,2017-04-30
8739,600637.SH,2017-04-30
8744,600642.SH,2017-04-30
8750,600655.SH,2017-04-30
8771,600694.SH,2017-04-30
8779,600708.SH,2017-04-30
8782,600713.SH,2017-04-30
8794,600742.SH,2017-04-30
8799,600754.SH,2017-04-30
8801,600756.SH,2017-04-30
8810,600776.SH,2017-04-30
8821,600795.SH,2017-04-30
8825,600801.SH,2017-04-30
8829,600805.SH,2017-04-30
8847,600835.SH,2017-04-30
8852,600845.SH,2017-04-30
8859,600858.SH,2017-04-30
8860,600859.SH,2017-04-30
8863,600864.SH,2017-04-30
8871,600880.SH,2017-04-30
8873,600884.SH,2017-04-30
8882,600894.SH,2017-04-30
8893,600969.SH,2017-04-30
8900,600982.SH,2017-04-30
8901,600983.SH,2017-04-30
8913,601006.SH,2017-04-30
8922,601038.SH,2017-04-30
8927,601098.SH,2017-04-30
8934,601117.SH,2017-04-30
8935,601126.SH,2017-04-30
8950,601208.SH,2017-04-30
8953,601222.SH,2017-04-30
8962,601328.SH,2017-04-30
8966,601360.SH,2017-04-30
8968,601369.SH,2017-04-30
8978,601579.SH,2017-04-30
8982,601607.SH,2017-04-30
8991,601678.SH,2017-04-30
8998,601777.SH,2017-04-30
8999,601788.SH,2017-04-30
9005,601818.SH,2017-04-30
9006,601857.SH,2017-04-30
9016,601928.SH,2017-04-30
9023,601988.SH,2017-04-30
9038,603012.SH,2017-04-30
9059,603116.SH,2017-04-30
9062,603123.SH,2017-04-30
9081,603308.SH,2017-04-30
9096,603456.SH,2017-04-30
9166,000026.SZ,2018-04-30
9167,000027.SZ,2018-04-30
9197,000100.SZ,2018-04-30
9200,000156.SZ,2018-04-30
9209,000404.SZ,2018-04-30
9210,000413.SZ,2018-04-30
9215,000421.SZ,2018-04-30
9234,000530.SZ,2018-04-30
9235,000531.SZ,2018-04-30
9239,000536.SZ,2018-04-30
9242,000539.SZ,2018-04-30
9245,000543.SZ,2018-04-30
9250,000550.SZ,2018-04-30
9264,000570.SZ,2018-04-30
9272,000600.SZ,2018-04-30
9281,000623.SZ,2018-04-30
9282,000625.SZ,2018-04-30
9289,000650.SZ,2018-04-30
9295,000665.SZ,2018-04-30
9306,000686.SZ,2018-04-30
9309,000700.SZ,2018-04-30
9310,000701.SZ,2018-04-30
9312,000708.SZ,2018-04-30
9319,000719.SZ,2018-04-30
9322,000726.SZ,2018-04-30
9324,000729.SZ,2018-04-30
9327,000733.SZ,2018-04-30
9331,000750.SZ,2018-04-30
9334,000758.SZ,2018-04-30
9340,000778.SZ,2018-04-30
9350,000793.SZ,2018-04-30
9357,000811.SZ,2018-04-30
9374,000851.SZ,2018-04-30
9378,000863.SZ,2018-04-30
9380,000876.SZ,2018-04-30
9384,000882.SZ,2018-04-30
9403,000919.SZ,2018-04-30
9407,000926.SZ,2018-04-30
9408,000928.SZ,2018-04-30
9411,000936.SZ,2018-04-30
9414,000948.SZ,2018-04-30
9415,000949.SZ,2018-04-30
9449,002004.SZ,2018-04-30
9460,002020.SZ,2018-04-30
9464,002026.SZ,2018-04-30
9467,002029.SZ,2018-04-30
9471,002033.SZ,2018-04-30
9491,002054.SZ,2018-04-30
9521,002096.SZ,2018-04-30
9524,002099.SZ,2018-04-30
9533,002111.SZ,2018-04-30
9548,002133.SZ,2018-04-30
9565,002154.SZ,2018-04-30
9566,002157.SZ,2018-04-30
9572,002169.SZ,2018-04-30
9586,002187.SZ,2018-04-30
9592,002197.SZ,2018-04-30
9595,002204.SZ,2018-04-30
9606,002220.SZ,2018-04-30
9631,002249.SZ,2018-04-30
9632,002250.SZ,2018-04-30
9646,002274.SZ,2018-04-30
9686,002328.SZ,2018-04-30
9687,002329.SZ,2018-04-30
9698,002344.SZ,2018-04-30
9712,002363.SZ,2018-04-30
9716,002367.SZ,2018-04-30
9735,002391.SZ,2018-04-30
9738,002394.SZ,2018-04-30
9745,002403.SZ,2018-04-30
9764,002426.SZ,2018-04-30
9778,002446.SZ,2018-04-30
9783,002454.SZ,2018-04-30
9806,002481.SZ,2018-04-30
9811,002487.SZ,2018-04-30
9834,002521.SZ,2018-04-30
9842,002533.SZ,2018-04-30
9846,002538.SZ,2018-04-30
9847,002539.SZ,2018-04-30
9849,002541.SZ,2018-04-30
9854,002546.SZ,2018-04-30
9879,002585.SZ,2018-04-30
9915,002635.SZ,2018-04-30
9918,002641.SZ,2018-04-30
9932,002661.SZ,2018-04-30
9942,002671.SZ,2018-04-30
10027,002772.SZ,2018-04-30
10091,300002.SZ,2018-04-30
10106,300020.SZ,2018-04-30
10108,300026.SZ,2018-04-30
10126,300048.SZ,2018-04-30
10147,300079.SZ,2018-04-30
10150,300084.SZ,2018-04-30
10173,300118.SZ,2018-04-30
10181,300126.SZ,2018-04-30
10184,300129.SZ,2018-04-30
10206,300154.SZ,2018-04-30
10217,300171.SZ,2018-04-30
10242,300200.SZ,2018-04-30
10255,300214.SZ,2018-04-30
10299,300267.SZ,2018-04-30
10312,300287.SZ,2018-04-30
10316,300292.SZ,2018-04-30
10327,300305.SZ,2018-04-30
10387,300381.SZ,2018-04-30
10390,300384.SZ,2018-04-30
10420,300419.SZ,2018-04-30
10466,300471.SZ,2018-04-30
10593,600006.SH,2018-04-30
10600,600015.SH,2018-04-30
10601,600016.SH,2018-04-30
10607,600023.SH,2018-04-30
10609,600026.SH,2018-04-30
10610,600027.SH,2018-04-30
10618,600037.SH,2018-04-30
10620,600039.SH,2018-04-30
10628,600059.SH,2018-04-30
10629,600060.SH,2018-04-30
10633,600064.SH,2018-04-30
10639,600073.SH,2018-04-30
10656,600098.SH,2018-04-30
10657,600100.SH,2018-04-30
10661,600106.SH,2018-04-30
10685,600143.SH,2018-04-30
10690,600159.SH,2018-04-30
10694,600166.SH,2018-04-30
10696,600168.SH,2018-04-30
10697,600170.SH,2018-04-30
10701,600177.SH,2018-04-30
10713,600192.SH,2018-04-30
10724,600216.SH,2018-04-30
10725,600218.SH,2018-04-30
10726,600219.SH,2018-04-30
10727,600221.SH,2018-04-30
10749,600261.SH,2018-04-30
10751,600266.SH,2018-04-30
10752,600267.SH,2018-04-30
10754,600269.SH,2018-04-30
10761,600278.SH,2018-04-30
10765,600284.SH,2018-04-30
10782,600312.SH,2018-04-30
10784,600316.SH,2018-04-30
10790,600327.SH,2018-04-30
10803,600350.SH,2018-04-30
10807,600356.SH,2018-04-30
10811,600363.SH,2018-04-30
10812,600366.SH,2018-04-30
10815,600369.SH,2018-04-30
10820,600376.SH,2018-04-30
10841,600416.SH,2018-04-30
10842,600418.SH,2018-04-30
10844,600420.SH,2018-04-30
10857,600458.SH,2018-04-30
10865,600475.SH,2018-04-30
10889,600510.SH,2018-04-30
10909,600537.SH,2018-04-30
10914,600551.SH,2018-04-30
10915,600557.SH,2018-04-30
10919,600561.SH,2018-04-30
10930,600578.SH,2018-04-30
10933,600582.SH,2018-04-30
10938,600587.SH,2018-04-30
10951,600603.SH,2018-04-30
10957,600613.SH,2018-04-30
10958,600616.SH,2018-04-30
10964,600623.SH,2018-04-30
10972,600637.SH,2018-04-30
10984,600655.SH,2018-04-30
10985,600657.SH,2018-04-30
10986,600658.SH,2018-04-30
10990,600664.SH,2018-04-30
10995,600676.SH,2018-04-30
10996,600677.SH,2018-04-30
11008,600697.SH,2018-04-30
11020,600717.SH,2018-04-30
11021,600718.SH,2018-04-30
11035,600742.SH,2018-04-30
11036,600743.SH,2018-04-30
11039,600748.SH,2018-04-30
11046,600761.SH,2018-04-30
11052,600775.SH,2018-04-30
11063,600795.SH,2018-04-30
11073,600812.SH,2018-04-30
11077,600820.SH,2018-04-30
11078,600823.SH,2018-04-30
11082,600827.SH,2018-04-30
11085,600831.SH,2018-04-30
11090,600837.SH,2018-04-30
11102,600858.SH,2018-04-30
11104,600861.SH,2018-04-30
11111,600880.SH,2018-04-30
11120,600894.SH,2018-04-30
11136,600969.SH,2018-04-30
11139,600973.SH,2018-04-30
11143,600978.SH,2018-04-30
11148,600983.SH,2018-04-30
11154,600992.SH,2018-04-30
11176,601058.SH,2018-04-30
11180,601098.SH,2018-04-30
11184,601107.SH,2018-04-30
11188,601117.SH,2018-04-30
11189,601126.SH,2018-04-30
11196,601163.SH,2018-04-30
11201,601179.SH,2018-04-30
11202,601186.SH,2018-04-30
11208,601211.SH,2018-04-30
11224,601328.SH,2018-04-30
11225,601333.SH,2018-04-30
11234,601390.SH,2018-04-30
11238,601555.SH,2018-04-30
11246,601607.SH,2018-04-30
11250,601618.SH,2018-04-30
11255,601668.SH,2018-04-30
11257,601677.SH,2018-04-30
11260,601700.SH,2018-04-30
11262,601718.SH,2018-04-30
11265,601788.SH,2018-04-30
11268,601800.SH,2018-04-30
11272,601818.SH,2018-04-30
11284,601890.SH,2018-04-30
11290,601928.SH,2018-04-30
11291,601929.SH,2018-04-30
11297,601968.SH,2018-04-30
11299,601988.SH,2018-04-30
11302,601992.SH,2018-04-30
11308,603001.SH,2018-04-30
11317,603012.SH,2018-04-30
11323,603020.SH,2018-04-30
11355,603118.SH,2018-04-30
11356,603123.SH,2018-04-30
11364,603168.SH,2018-04-30
11408,603366.SH,2018-04-30
11420,603508.SH,2018-04-30
11557,000027.SZ,2019-04-30
11558,000028.SZ,2019-04-30
11571,000050.SZ,2019-04-30
11600,000400.SZ,2019-04-30
11602,000402.SZ,2019-04-30
11603,000404.SZ,2019-04-30
11619,000521.SZ,2019-04-30
11625,000530.SZ,2019-04-30
11635,000544.SZ,2019-04-30
11648,000570.SZ,2019-04-30
11653,000591.SZ,2019-04-30
11656,000599.SZ,2019-04-30
11664,000623.SZ,2019-04-30
11665,000625.SZ,2019-04-30
11668,000635.SZ,2019-04-30
11685,000685.SZ,2019-04-30
11689,000700.SZ,2019-04-30
11690,000701.SZ,2019-04-30
11694,000709.SZ,2019-04-30
11700,000725.SZ,2019-04-30
11701,000726.SZ,2019-04-30
11702,000728.SZ,2019-04-30
11703,000729.SZ,2019-04-30
11713,000756.SZ,2019-04-30
11716,000761.SZ,2019-04-30
11720,000780.SZ,2019-04-30
11757,000883.SZ,2019-04-30
11761,000888.SZ,2019-04-30
11775,000919.SZ,2019-04-30
11779,000926.SZ,2019-04-30
11783,000933.SZ,2019-04-30
11785,000937.SZ,2019-04-30
11788,000949.SZ,2019-04-30
11810,001965.SZ,2019-04-30
11837,002033.SZ,2019-04-30
11848,002045.SZ,2019-04-30
11851,002048.SZ,2019-04-30
11868,002067.SZ,2019-04-30
11882,002092.SZ,2019-04-30
11885,002096.SZ,2019-04-30
11917,002152.SZ,2019-04-30
11932,002185.SZ,2019-04-30
11934,002187.SZ,2019-04-30
11943,002204.SZ,2019-04-30
11965,002244.SZ,2019-04-30
11969,002251.SZ,2019-04-30
11989,002286.SZ,2019-04-30
12026,002344.SZ,2019-04-30
12047,002375.SZ,2019-04-30
12058,002393.SZ,2019-04-30
12093,002441.SZ,2019-04-30
12120,002483.SZ,2019-04-30
12139,002521.SZ,2019-04-30
12144,002533.SZ,2019-04-30
12159,002551.SZ,2019-04-30
12176,002582.SZ,2019-04-30
12181,002588.SZ,2019-04-30
12208,002635.SZ,2019-04-30
12262,002722.SZ,2019-04-30
12302,002772.SZ,2019-04-30
12450,300020.SZ,2019-04-30
12452,300026.SZ,2019-04-30
12459,300040.SZ,2019-04-30
12470,300055.SZ,2019-04-30
12497,300100.SZ,2019-04-30
12507,300118.SZ,2019-04-30
12516,300129.SZ,2019-04-30
12550,300182.SZ,2019-04-30
12551,300183.SZ,2019-04-30
12568,300209.SZ,2019-04-30
12636,300307.SZ,2019-04-30
12653,300336.SZ,2019-04-30
12988,600015.SH,2019-04-30
12989,600016.SH,2019-04-30
12992,600019.SH,2019-04-30
12993,600020.SH,2019-04-30
12997,600026.SH,2019-04-30
13003,600033.SH,2019-04-30
13006,600037.SH,2019-04-30
13019,600060.SH,2019-04-30
13022,600063.SH,2019-04-30
13025,600067.SH,2019-04-30
13030,600075.SH,2019-04-30
13031,600076.SH,2019-04-30
13033,600078.SH,2019-04-30
13062,600133.SH,2019-04-30
13077,600168.SH,2019-04-30
13078,600170.SH,2019-04-30
13093,600199.SH,2019-04-30
13096,600208.SH,2019-04-30
13098,600210.SH,2019-04-30
13121,600261.SH,2019-04-30
13138,600291.SH,2019-04-30
13139,600292.SH,2019-04-30
13148,600312.SH,2019-04-30
13171,600350.SH,2019-04-30
13175,600356.SH,2019-04-30
13180,600366.SH,2019-04-30
13220,600458.SH,2019-04-30
13229,600475.SH,2019-04-30
13245,600502.SH,2019-04-30
13249,600508.SH,2019-04-30
13250,600509.SH,2019-04-30
13256,600518.SH,2019-04-30
13263,600531.SH,2019-04-30
13272,600551.SH,2019-04-30
13319,600628.SH,2019-04-30
13329,600642.SH,2019-04-30
13336,600658.SH,2019-04-30
13355,600697.SH,2019-04-30
13359,600704.SH,2019-04-30
13364,600713.SH,2019-04-30
13366,600717.SH,2019-04-30
13368,600720.SH,2019-04-30
13379,600743.SH,2019-04-30
13417,600820.SH,2019-04-30
13418,600823.SH,2019-04-30
13428,600835.SH,2019-04-30
13443,600861.SH,2019-04-30
13461,600894.SH,2019-04-30
13476,600960.SH,2019-04-30
13479,600966.SH,2019-04-30
13481,600969.SH,2019-04-30
13484,600973.SH,2019-04-30
13487,600978.SH,2019-04-30
13502,600998.SH,2019-04-30
13527,601107.SH,2019-04-30
13534,601126.SH,2019-04-30
13541,601163.SH,2019-04-30
13545,601179.SH,2019-04-30
13547,601188.SH,2019-04-30
13551,601208.SH,2019-04-30
13565,601328.SH,2019-04-30
13568,601339.SH,2019-04-30
13573,601377.SH,2019-04-30
13584,601579.SH,2019-04-30
13594,601618.SH,2019-04-30
13598,601636.SH,2019-04-30
13599,601668.SH,2019-04-30
13600,601669.SH,2019-04-30
13608,601718.SH,2019-04-30
13660,603001.SH,2019-04-30
13666,603011.SH,2019-04-30
13673,603020.SH,2019-04-30
13721,603118.SH,2019-04-30
13731,603139.SH,2019-04-30
13781,603308.SH,2019-04-30
13819,603385.SH,2019-04-30
13858,603556.SH,2019-04-30
13919,603686.SH,2019-04-30
13955,603803.SH,2019-04-30
14046,000008.SZ,2020-04-30
14066,000039.SZ,2020-04-30
14071,000050.SZ,2020-04-30
14074,000059.SZ,2020-04-30
14109,000488.SZ,2020-04-30
14116,000519.SZ,2020-04-30
14128,000539.SZ,2020-04-30
14129,000541.SZ,2020-04-30
14134,000550.SZ,2020-04-30
14136,000553.SZ,2020-04-30
14152,000599.SZ,2020-04-30
14158,000617.SZ,2020-04-30
14160,000623.SZ,2020-04-30
14164,000635.SZ,2020-04-30
14171,000665.SZ,2020-04-30
14172,000666.SZ,2020-04-30
14179,000685.SZ,2020-04-30
14193,000725.SZ,2020-04-30
14197,000731.SZ,2020-04-30
14207,000776.SZ,2020-04-30
14210,000782.SZ,2020-04-30
14216,000791.SZ,2020-04-30
14225,000822.SZ,2020-04-30
14227,000825.SZ,2020-04-30
14230,000830.SZ,2020-04-30
14244,000881.SZ,2020-04-30
14245,000882.SZ,2020-04-30
14246,000883.SZ,2020-04-30
14251,000898.SZ,2020-04-30
14253,000900.SZ,2020-04-30
14269,000930.SZ,2020-04-30
14274,000937.SZ,2020-04-30
14284,000965.SZ,2020-04-30
14301,001872.SZ,2020-04-30
14311,002009.SZ,2020-04-30
14323,002026.SZ,2020-04-30
14330,002033.SZ,2020-04-30
14334,002037.SZ,2020-04-30
14342,002046.SZ,2020-04-30
14346,002051.SZ,2020-04-30
14358,002067.SZ,2020-04-30
14365,002087.SZ,2020-04-30
14369,002092.SZ,2020-04-30
14394,002133.SZ,2020-04-30
14401,002144.SZ,2020-04-30
14430,002195.SZ,2020-04-30
14441,002217.SZ,2020-04-30
14467,002253.SZ,2020-04-30
14478,002277.SZ,2020-04-30
14481,002282.SZ,2020-04-30
14484,002286.SZ,2020-04-30
14516,002344.SZ,2020-04-30
14535,002376.SZ,2020-04-30
14541,002386.SZ,2020-04-30
14574,002433.SZ,2020-04-30
14583,002449.SZ,2020-04-30
14588,002457.SZ,2020-04-30
14598,002472.SZ,2020-04-30
14603,002482.SZ,2020-04-30
14628,002536.SZ,2020-04-30
14659,002585.SZ,2020-04-30
14673,002612.SZ,2020-04-30
14710,002682.SZ,2020-04-30
14712,002685.SZ,2020-04-30
14765,002772.SZ,2020-04-30
14829,002852.SZ,2020-04-30
14831,002855.SZ,2020-04-30
14888,002922.SZ,2020-04-30
14939,300040.SZ,2020-04-30
14945,300055.SZ,2020-04-30
14953,300072.SZ,2020-04-30
14995,300150.SZ,2020-04-30
15004,300165.SZ,2020-04-30
15039,300230.SZ,2020-04-30
15050,300245.SZ,2020-04-30
15063,300267.SZ,2020-04-30
15082,300296.SZ,2020-04-30
15104,300340.SZ,2020-04-30
15115,300358.SZ,2020-04-30
15158,300421.SZ,2020-04-30
15168,300434.SZ,2020-04-30
15289,300583.SZ,2020-04-30
15446,600012.SH,2020-04-30
15447,600015.SH,2020-04-30
15448,600016.SH,2020-04-30
15454,600023.SH,2020-04-30
15458,600028.SH,2020-04-30
15468,600051.SH,2020-04-30
15472,600056.SH,2020-04-30
15474,600059.SH,2020-04-30
15475,600060.SH,2020-04-30
15481,600068.SH,2020-04-30
15488,600080.SH,2020-04-30
15492,600089.SH,2020-04-30
15495,600097.SH,2020-04-30
15501,600105.SH,2020-04-30
15503,600108.SH,2020-04-30
15511,600123.SH,2020-04-30
15520,600141.SH,2020-04-30
15542,600192.SH,2020-04-30
15555,600219.SH,2020-04-30
15559,600230.SH,2020-04-30
15587,600292.SH,2020-04-30
15593,600308.SH,2020-04-30
15650,600409.SH,2020-04-30
15662,600439.SH,2020-04-30
15669,600458.SH,2020-04-30
15689,600497.SH,2020-04-30
15691,600500.SH,2020-04-30
15696,600508.SH,2020-04-30
15721,600558.SH,2020-04-30
15728,600569.SH,2020-04-30
15731,600573.SH,2020-04-30
15736,600582.SH,2020-04-30
15739,600586.SH,2020-04-30
15745,600596.SH,2020-04-30
15762,600623.SH,2020-04-30
15777,600649.SH,2020-04-30
15790,600676.SH,2020-04-30
15793,600686.SH,2020-04-30
15798,600697.SH,2020-04-30
15803,600708.SH,2020-04-30
15805,600711.SH,2020-04-30
15809,600717.SH,2020-04-30
15850,600795.SH,2020-04-30
15851,600797.SH,2020-04-30
15858,600810.SH,2020-04-30
15872,600835.SH,2020-04-30
15874,600839.SH,2020-04-30
15882,600854.SH,2020-04-30
15901,600884.SH,2020-04-30
15906,600893.SH,2020-04-30
15907,600894.SH,2020-04-30
15925,600960.SH,2020-04-30
15926,600963.SH,2020-04-30
15940,600982.SH,2020-04-30
15941,600983.SH,2020-04-30
15972,601101.SH,2020-04-30
15991,601169.SH,2020-04-30
15999,601211.SH,2020-04-30
16009,601233.SH,2020-04-30
16018,601328.SH,2020-04-30
16020,601333.SH,2020-04-30
16022,601339.SH,2020-04-30
16027,601377.SH,2020-04-30
16036,601588.SH,2020-04-30
16041,601607.SH,2020-04-30
16045,601616.SH,2020-04-30
16053,601669.SH,2020-04-30
16055,601678.SH,2020-04-30
16058,601699.SH,2020-04-30
16060,601718.SH,2020-04-30
16062,601788.SH,2020-04-30
16065,601800.SH,2020-04-30
16066,601801.SH,2020-04-30
16070,601828.SH,2020-04-30
16104,601991.SH,2020-04-30
16105,601992.SH,2020-04-30
16108,601998.SH,2020-04-30
16111,603001.SH,2020-04-30
16179,603139.SH,2020-04-30
16222,603278.SH,2020-04-30
16264,603367.SH,2020-04-30
16397,603773.SH,2020-04-30
16448,603889.SH,2020-04-30
16486,603980.SH,2020-04-30
16504,000016.SZ,2021-04-30
16510,000028.SZ,2021-04-30
16515,000039.SZ,2021-04-30
16522,000059.SZ,2021-04-30
16523,000060.SZ,2021-04-30
16542,000401.SZ,2021-04-30
16544,000404.SZ,2021-04-30
16548,000417.SZ,2021-04-30
16556,000501.SZ,2021-04-30
16561,000521.SZ,2021-04-30
16564,000530.SZ,2021-04-30
16571,000541.SZ,2021-04-30
16572,000543.SZ,2021-04-30
16580,000553.SZ,2021-04-30
16595,000597.SZ,2021-04-30
16597,000599.SZ,2021-04-30
16600,000605.SZ,2021-04-30
16603,000617.SZ,2021-04-30
16607,000627.SZ,2021-04-30
16618,000666.SZ,2021-04-30
16638,000726.SZ,2021-04-30
16640,000729.SZ,2021-04-30
16661,000791.SZ,2021-04-30
16667,000811.SZ,2021-04-30
16671,000823.SZ,2021-04-30
16691,000882.SZ,2021-04-30
16695,000887.SZ,2021-04-30
16697,000898.SZ,2021-04-30
16698,000899.SZ,2021-04-30
16699,000900.SZ,2021-04-30
16705,000910.SZ,2021-04-30
16707,000919.SZ,2021-04-30
16712,000926.SZ,2021-04-30
16718,000936.SZ,2021-04-30
16743,000999.SZ,2021-04-30
16745,001872.SZ,2021-04-30
16755,002009.SZ,2021-04-30
16785,002048.SZ,2021-04-30
16811,002092.SZ,2021-04-30
16849,002150.SZ,2021-04-30
16877,002204.SZ,2021-04-30
16897,002234.SZ,2021-04-30
16906,002246.SZ,2021-04-30
16909,002251.SZ,2021-04-30
16923,002276.SZ,2021-04-30
16924,002277.SZ,2021-04-30
16937,002303.SZ,2021-04-30
16942,002317.SZ,2021-04-30
16955,002342.SZ,2021-04-30
16956,002344.SZ,2021-04-30
16957,002345.SZ,2021-04-30
16959,002347.SZ,2021-04-30
16961,002350.SZ,2021-04-30
16967,002363.SZ,2021-04-30
16976,002376.SZ,2021-04-30
16984,002391.SZ,2021-04-30
16985,002393.SZ,2021-04-30
17015,002440.SZ,2021-04-30
17016,002441.SZ,2021-04-30
17018,002448.SZ,2021-04-30
17019,002449.SZ,2021-04-30
17021,002454.SZ,2021-04-30
17023,002457.SZ,2021-04-30
17027,002462.SZ,2021-04-30
17035,002478.SZ,2021-04-30
17056,002523.SZ,2021-04-30
17062,002536.SZ,2021-04-30
17063,002538.SZ,2021-04-30
17070,002545.SZ,2021-04-30
17071,002546.SZ,2021-04-30
17083,002566.SZ,2021-04-30
17095,002587.SZ,2021-04-30
17113,002620.SZ,2021-04-30
17133,002664.SZ,2021-04-30
17160,002722.SZ,2021-04-30
17177,002745.SZ,2021-04-30
17178,002746.SZ,2021-04-30
17206,002790.SZ,2021-04-30
17259,002861.SZ,2021-04-30
17297,002910.SZ,2021-04-30
17318,002933.SZ,2021-04-30
17342,002962.SZ,2021-04-30
17363,300017.SZ,2021-04-30
17374,300039.SZ,2021-04-30
17379,300047.SZ,2021-04-30
17382,300057.SZ,2021-04-30
17391,300075.SZ,2021-04-30
17392,300078.SZ,2021-04-30
17405,300109.SZ,2021-04-30
17412,300118.SZ,2021-04-30
17414,300120.SZ,2021-04-30
17433,300154.SZ,2021-04-30
17460,300217.SZ,2021-04-30
17478,300245.SZ,2021-04-30
17505,300296.SZ,2021-04-30
17529,300349.SZ,2021-04-30
17580,300423.SZ,2021-04-30
17620,300490.SZ,2021-04-30
17813,300735.SZ,2021-04-30
17868,300808.SZ,2021-04-30
17889,600015.SH,2021-04-30
17890,600016.SH,2021-04-30
17894,600020.SH,2021-04-30
17895,600021.SH,2021-04-30
17901,600028.SH,2021-04-30
17904,600033.SH,2021-04-30
17907,600037.SH,2021-04-30
17914,600056.SH,2021-04-30
17919,600062.SH,2021-04-30
17926,600072.SH,2021-04-30
17931,600080.SH,2021-04-30
17935,600089.SH,2021-04-30
17941,600101.SH,2021-04-30
17942,600104.SH,2021-04-30
17950,600120.SH,2021-04-30
17951,600123.SH,2021-04-30
17957,600135.SH,2021-04-30
17970,600168.SH,2021-04-30
17980,600184.SH,2021-04-30
17982,600190.SH,2021-04-30
17999,600230.SH,2021-04-30
18007,600252.SH,2021-04-30
18008,600261.SH,2021-04-30
18010,600266.SH,2021-04-30
18013,600269.SH,2021-04-30
18014,600271.SH,2021-04-30
18018,600277.SH,2021-04-30
18020,600279.SH,2021-04-30
18038,600312.SH,2021-04-30
18044,600327.SH,2021-04-30
18045,600328.SH,2021-04-30
18050,600335.SH,2021-04-30
18053,600345.SH,2021-04-30
18055,600348.SH,2021-04-30
18057,600351.SH,2021-04-30
18061,600360.SH,2021-04-30
18067,600368.SH,2021-04-30
18073,600376.SH,2021-04-30
18078,600382.SH,2021-04-30
18084,600390.SH,2021-04-30
18095,600420.SH,2021-04-30
18096,600422.SH,2021-04-30
18099,600429.SH,2021-04-30
18120,600479.SH,2021-04-30
18132,600495.SH,2021-04-30
18134,600497.SH,2021-04-30
18137,600500.SH,2021-04-30
18138,600502.SH,2021-04-30
18159,600535.SH,2021-04-30
18188,600587.SH,2021-04-30
18196,600602.SH,2021-04-30
18204,600619.SH,2021-04-30
18207,600623.SH,2021-04-30
18219,600643.SH,2021-04-30
18229,600668.SH,2021-04-30
18237,600686.SH,2021-04-30
18238,600688.SH,2021-04-30
18240,600694.SH,2021-04-30
18241,600697.SH,2021-04-30
18246,600708.SH,2021-04-30
18249,600713.SH,2021-04-30
18250,600716.SH,2021-04-30
18262,600736.SH,2021-04-30
18272,600750.SH,2021-04-30
18285,600780.SH,2021-04-30
18286,600782.SH,2021-04-30
18293,600795.SH,2021-04-30
18294,600797.SH,2021-04-30
18306,600823.SH,2021-04-30
18310,600828.SH,2021-04-30
18315,600835.SH,2021-04-30
18318,600839.SH,2021-04-30
18329,600863.SH,2021-04-30
18330,600864.SH,2021-04-30
18362,600939.SH,2021-04-30
18365,600959.SH,2021-04-30
18366,600960.SH,2021-04-30
18372,600969.SH,2021-04-30
18374,600971.SH,2021-04-30
18378,600979.SH,2021-04-30
18396,601006.SH,2021-04-30
18406,601019.SH,2021-04-30
18416,601101.SH,2021-04-30
18417,601107.SH,2021-04-30
18424,601137.SH,2021-04-30
18432,601169.SH,2021-04-30
18434,601179.SH,2021-04-30
18436,601188.SH,2021-04-30
18442,601212.SH,2021-04-30
18445,601222.SH,2021-04-30
18453,601238.SH,2021-04-30
18460,601328.SH,2021-04-30
18471,601500.SH,2021-04-30
18476,601567.SH,2021-04-30
18479,601588.SH,2021-04-30
18508,601766.SH,2021-04-30
18512,601800.SH,2021-04-30
18516,601818.SH,2021-04-30
18518,601857.SH,2021-04-30
18534,601900.SH,2021-04-30
18540,601929.SH,2021-04-30
18545,601958.SH,2021-04-30
18550,601988.SH,2021-04-30
18553,601992.SH,2021-04-30
18555,601996.SH,2021-04-30
18557,601998.SH,2021-04-30
18560,603001.SH,2021-04-30
18608,603086.SH,2021-04-30
18634,603139.SH,2021-04-30
18678,603269.SH,2021-04-30
18680,603278.SH,2021-04-30
18689,603299.SH,2021-04-30
18708,603328.SH,2021-04-30
18712,603332.SH,2021-04-30
18729,603367.SH,2021-04-30
18747,603421.SH,2021-04-30
18761,603508.SH,2021-04-30
18784,603585.SH,2021-04-30
18785,603586.SH,2021-04-30
18823,603660.SH,2021-04-30
18827,603667.SH,2021-04-30
18836,603685.SH,2021-04-30
18870,603766.SH,2021-04-30
18873,603773.SH,2021-04-30
18907,603861.SH,2021-04-30
18941,603917.SH,2021-04-30
18967,603980.SH,2021-04-30
18987,000016.SZ,2022-04-30
18992,000027.SZ,2022-04-30
18993,000028.SZ,2022-04-30
18995,000030.SZ,2022-04-30
18997,000034.SZ,2022-04-30
19009,000060.SZ,2022-04-30
19024,000157.SZ,2022-04-30
19031,000402.SZ,2022-04-30
19038,000419.SZ,2022-04-30
19039,000421.SZ,2022-04-30
19052,000530.SZ,2022-04-30
19058,000541.SZ,2022-04-30
19059,000544.SZ,2022-04-30
19061,000547.SZ,2022-04-30
19064,000552.SZ,2022-04-30
19075,000581.SZ,2022-04-30
19082,000601.SZ,2022-04-30
19083,000605.SZ,2022-04-30
19084,000612.SZ,2022-04-30
19085,000617.SZ,2022-04-30
19086,000623.SZ,2022-04-30
19088,000627.SZ,2022-04-30
19106,000690.SZ,2022-04-30
19108,000705.SZ,2022-04-30
19110,000709.SZ,2022-04-30
19116,000719.SZ,2022-04-30
19120,000726.SZ,2022-04-30
19144,000791.SZ,2022-04-30
19152,000811.SZ,2022-04-30
19164,000860.SZ,2022-04-30
19166,000869.SZ,2022-04-30
19170,000881.SZ,2022-04-30
19178,000900.SZ,2022-04-30
19181,000903.SZ,2022-04-30
19184,000910.SZ,2022-04-30
19204,000951.SZ,2022-04-30
19208,000967.SZ,2022-04-30
19227,001696.SZ,2022-04-30
19234,002004.SZ,2022-04-30
19254,002035.SZ,2022-04-30
19256,002037.SZ,2022-04-30
19268,002054.SZ,2022-04-30
19284,002087.SZ,2022-04-30
19291,002099.SZ,2022-04-30
19298,002110.SZ,2022-04-30
19322,002150.SZ,2022-04-30
19329,002165.SZ,2022-04-30
19333,002177.SZ,2022-04-30
19336,002181.SZ,2022-04-30
19345,002193.SZ,2022-04-30
19363,002224.SZ,2022-04-30
19364,002225.SZ,2022-04-30
19366,002228.SZ,2022-04-30
19369,002233.SZ,2022-04-30
19382,002251.SZ,2022-04-30
19393,002273.SZ,2022-04-30
19396,002276.SZ,2022-04-30
19410,002303.SZ,2022-04-30
19417,002322.SZ,2022-04-30
19432,002350.SZ,2022-04-30
19438,002363.SZ,2022-04-30
19444,002375.SZ,2022-04-30
19445,002376.SZ,2022-04-30
19447,002380.SZ,2022-04-30
19448,002381.SZ,2022-04-30
19454,002391.SZ,2022-04-30
19455,002393.SZ,2022-04-30
19458,002399.SZ,2022-04-30
19464,002406.SZ,2022-04-30
19479,002440.SZ,2022-04-30
19480,002441.SZ,2022-04-30
19484,002449.SZ,2022-04-30
19491,002462.SZ,2022-04-30
19517,002523.SZ,2022-04-30
19526,002540.SZ,2022-04-30
19531,002546.SZ,2022-04-30
19549,002582.SZ,2022-04-30
19566,002614.SZ,2022-04-30
19577,002641.SZ,2022-04-30
19587,002661.SZ,2022-04-30
19589,002672.SZ,2022-04-30
19618,002734.SZ,2022-04-30
19624,002745.SZ,2022-04-30
19625,002746.SZ,2022-04-30
19642,002772.SZ,2022-04-30
19649,002788.SZ,2022-04-30
19656,002798.SZ,2022-04-30
19670,002820.SZ,2022-04-30
19698,002863.SZ,2022-04-30
19700,002866.SZ,2022-04-30
19707,002879.SZ,2022-04-30
19722,002899.SZ,2022-04-30
19743,002926.SZ,2022-04-30
19771,002962.SZ,2022-04-30
19791,002988.SZ,2022-04-30
19803,003003.SZ,2022-04-30
19805,003005.SZ,2022-04-30
19860,300047.SZ,2022-04-30
19882,300109.SZ,2022-04-30
19891,300126.SZ,2022-04-30
19903,300154.SZ,2022-04-30
19914,300185.SZ,2022-04-30
19917,300190.SZ,2022-04-30
19926,300214.SZ,2022-04-30
19934,300232.SZ,2022-04-30
19991,300349.SZ,2022-04-30
20009,300381.SZ,2022-04-30
20014,300388.SZ,2022-04-30
20039,300423.SZ,2022-04-30
20046,300433.SZ,2022-04-30
20114,300545.SZ,2022-04-30
20120,300552.SZ,2022-04-30
20175,300625.SZ,2022-04-30
20182,300632.SZ,2022-04-30
20227,300686.SZ,2022-04-30
20265,300735.SZ,2022-04-30
20288,300771.SZ,2022-04-30
20389,300889.SZ,2022-04-30
20415,300923.SZ,2022-04-30
20422,300932.SZ,2022-04-30
20448,300965.SZ,2022-04-30
20455,300976.SZ,2022-04-30
20541,600000.SH,2022-04-30
20542,600006.SH,2022-04-30
20547,600015.SH,2022-04-30
20548,600016.SH,2022-04-30
20549,600017.SH,2022-04-30
20555,600027.SH,2022-04-30
20562,600037.SH,2022-04-30
20567,600051.SH,2022-04-30
20572,600059.SH,2022-04-30
20574,600061.SH,2022-04-30
20578,600066.SH,2022-04-30
20580,600073.SH,2022-04-30
20597,600114.SH,2022-04-30
20600,600120.SH,2022-04-30
20604,600128.SH,2022-04-30
20611,600143.SH,2022-04-30
20613,600150.SH,2022-04-30
20621,600168.SH,2022-04-30
20626,600177.SH,2022-04-30
20661,600252.SH,2022-04-30
20664,600261.SH,2022-04-30
20666,600266.SH,2022-04-30
20675,600279.SH,2022-04-30
20681,600292.SH,2022-04-30
20690,600312.SH,2022-04-30
20696,600326.SH,2022-04-30
20704,600339.SH,2022-04-30
20710,600352.SH,2022-04-30
20711,600356.SH,2022-04-30
20731,600387.SH,2022-04-30
20740,600410.SH,2022-04-30
20744,600420.SH,2022-04-30
20756,600449.SH,2022-04-30
20765,600469.SH,2022-04-30
20770,600482.SH,2022-04-30
20774,600488.SH,2022-04-30
20775,600489.SH,2022-04-30
20776,600491.SH,2022-04-30
20778,600495.SH,2022-04-30
20781,600498.SH,2022-04-30
20788,600508.SH,2022-04-30
20793,600517.SH,2022-04-30
20799,600528.SH,2022-04-30
20801,600531.SH,2022-04-30
20824,600573.SH,2022-04-30
20828,600583.SH,2022-04-30
20857,600633.SH,2022-04-30
20859,600636.SH,2022-04-30
20860,600637.SH,2022-04-30
20869,600655.SH,2022-04-30
20882,600682.SH,2022-04-30
20884,600685.SH,2022-04-30
20888,600697.SH,2022-04-30
20891,600704.SH,2022-04-30
20892,600705.SH,2022-04-30
20897,600717.SH,2022-04-30
20899,600720.SH,2022-04-30
20908,600739.SH,2022-04-30
20918,600757.SH,2022-04-30
20920,600761.SH,2022-04-30
20928,600782.SH,2022-04-30
20933,600790.SH,2022-04-30
20952,600826.SH,2022-04-30
20954,600828.SH,2022-04-30
20959,600835.SH,2022-04-30
21012,600959.SH,2022-04-30
21013,600963.SH,2022-04-30
21016,600967.SH,2022-04-30
21018,600969.SH,2022-04-30
21020,600971.SH,2022-04-30
21023,600979.SH,2022-04-30
21029,600987.SH,2022-04-30
21038,601000.SH,2022-04-30
21041,601006.SH,2022-04-30
21054,601077.SH,2022-04-30
21068,601138.SH,2022-04-30
21072,601163.SH,2022-04-30
21075,601169.SH,2022-04-30
21077,601179.SH,2022-04-30
21080,601188.SH,2022-04-30
21083,601200.SH,2022-04-30
21088,601218.SH,2022-04-30
21089,601222.SH,2022-04-30
21114,601390.SH,2022-04-30
21117,601500.SH,2022-04-30
21123,601567.SH,2022-04-30
21127,601588.SH,2022-04-30
21134,601609.SH,2022-04-30
21158,601766.SH,2022-04-30
21167,601811.SH,2022-04-30
21198,601949.SH,2022-04-30
21208,601992.SH,2022-04-30
21222,603012.SH,2022-04-30
21236,603036.SH,2022-04-30
21242,603042.SH,2022-04-30
21247,603059.SH,2022-04-30
21256,603079.SH,2022-04-30
21275,603116.SH,2022-04-30
21276,603118.SH,2022-04-30
21285,603139.SH,2022-04-30
21317,603221.SH,2022-04-30
21328,603238.SH,2022-04-30
21362,603328.SH,2022-04-30
21381,603367.SH,2022-04-30
21382,603368.SH,2022-04-30
21388,603385.SH,2022-04-30
21411,603508.SH,2022-04-30
21424,603556.SH,2022-04-30
21439,603590.SH,2022-04-30
21455,603618.SH,2022-04-30
21481,603680.SH,2022-04-30
21491,603697.SH,2022-04-30
21517,603773.SH,2022-04-30
21518,603776.SH,2022-04-30
21521,603788.SH,2022-04-30
21522,603790.SH,2022-04-30
21530,603810.SH,2022-04-30
21548,603858.SH,2022-04-30
21567,603890.SH,2022-04-30
21593,603937.SH,2022-04-30
21636,605100.SH,2022-04-30
21651,605177.SH,2022-04-30
21657,605208.SH,2022-04-30
21662,605258.SH,2022-04-30
21667,605288.SH,2022-04-30
21696,000027.SZ,2023-04-30
21697,000028.SZ,2023-04-30
21699,000030.SZ,2023-04-30
21703,000039.SZ,2023-04-30
21705,000045.SZ,2023-04-30
21711,000060.SZ,2023-04-30
21721,000100.SZ,2023-04-30
21724,000157.SZ,2023-04-30
21742,000425.SZ,2023-04-30
21746,000501.SZ,2023-04-30
21747,000507.SZ,2023-04-30
21753,000528.SZ,2023-04-30
21755,000530.SZ,2023-04-30
21756,000531.SZ,2023-04-30
21764,000547.SZ,2023-04-30
21771,000555.SZ,2023-04-30
21779,000581.SZ,2023-04-30
21781,000589.SZ,2023-04-30
21787,000605.SZ,2023-04-30
21788,000612.SZ,2023-04-30
21790,000623.SZ,2023-04-30
21794,000630.SZ,2023-04-30
21796,000636.SZ,2023-04-30
21798,000650.SZ,2023-04-30
21810,000685.SZ,2023-04-30
21814,000705.SZ,2023-04-30
21818,000717.SZ,2023-04-30
21821,000725.SZ,2023-04-30
21856,000825.SZ,2023-04-30
21863,000850.SZ,2023-04-30
21867,000877.SZ,2023-04-30
21870,000881.SZ,2023-04-30
21871,000883.SZ,2023-04-30
21876,000898.SZ,2023-04-30
21877,000900.SZ,2023-04-30
21882,000910.SZ,2023-04-30
21896,000936.SZ,2023-04-30
21900,000951.SZ,2023-04-30
21906,000967.SZ,2023-04-30
21933,001218.SZ,2023-04-30
21938,001288.SZ,2023-04-30
21940,001296.SZ,2023-04-30
21964,002026.SZ,2023-04-30
21983,002054.SZ,2023-04-30
21991,002065.SZ,2023-04-30
22005,002092.SZ,2023-04-30
22012,002106.SZ,2023-04-30
22013,002108.SZ,2023-04-30
22014,002109.SZ,2023-04-30
22015,002110.SZ,2023-04-30
22016,002111.SZ,2023-04-30
22034,002144.SZ,2023-04-30
22044,002165.SZ,2023-04-30
22046,002169.SZ,2023-04-30
22048,002171.SZ,2023-04-30
22051,002181.SZ,2023-04-30
22055,002185.SZ,2023-04-30
22062,002202.SZ,2023-04-30
22071,002218.SZ,2023-04-30
22074,002224.SZ,2023-04-30
22077,002228.SZ,2023-04-30
22080,002233.SZ,2023-04-30
22092,002252.SZ,2023-04-30
22106,002282.SZ,2023-04-30
22107,002283.SZ,2023-04-30
22124,002322.SZ,2023-04-30
22148,002375.SZ,2023-04-30
22149,002376.SZ,2023-04-30
22152,002382.SZ,2023-04-30
22163,002399.SZ,2023-04-30
22168,002406.SZ,2023-04-30
22180,002423.SZ,2023-04-30
22187,002440.SZ,2023-04-30
22192,002449.SZ,2023-04-30
22194,002454.SZ,2023-04-30
22200,002462.SZ,2023-04-30
22209,002479.SZ,2023-04-30
22210,002483.SZ,2023-04-30
22227,002521.SZ,2023-04-30
22229,002523.SZ,2023-04-30
22230,002532.SZ,2023-04-30
22231,002533.SZ,2023-04-30
22238,002543.SZ,2023-04-30
22241,002546.SZ,2023-04-30
22258,002579.SZ,2023-04-30
22261,002585.SZ,2023-04-30
22276,002614.SZ,2023-04-30
22278,002623.SZ,2023-04-30
22285,002636.SZ,2023-04-30
22286,002637.SZ,2023-04-30
22331,002734.SZ,2023-04-30
22338,002746.SZ,2023-04-30
22342,002753.SZ,2023-04-30
22344,002757.SZ,2023-04-30
22373,002809.SZ,2023-04-30
22379,002820.SZ,2023-04-30
22416,002879.SZ,2023-04-30
22432,002899.SZ,2023-04-30
22448,002921.SZ,2023-04-30
22480,002962.SZ,2023-04-30
22516,003012.SZ,2023-04-30
22526,003023.SZ,2023-04-30
22565,300047.SZ,2023-04-30
22572,300070.SZ,2023-04-30
22577,300088.SZ,2023-04-30
22579,300095.SZ,2023-04-30
22614,300185.SZ,2023-04-30
22616,300190.SZ,2023-04-30
22618,300193.SZ,2023-04-30
22626,300213.SZ,2023-04-30
22648,300255.SZ,2023-04-30
22651,300259.SZ,2023-04-30
22698,300377.SZ,2023-04-30
22700,300381.SZ,2023-04-30
22720,300409.SZ,2023-04-30
22727,300423.SZ,2023-04-30
22733,300433.SZ,2023-04-30
22748,300463.SZ,2023-04-30
22812,300569.SZ,2023-04-30
22840,300616.SZ,2023-04-30
22846,300625.SZ,2023-04-30
22852,300632.SZ,2023-04-30
22877,300664.SZ,2023-04-30
22885,300677.SZ,2023-04-30
22895,300690.SZ,2023-04-30
22967,300791.SZ,2023-04-30
22980,300810.SZ,2023-04-30
22991,300823.SZ,2023-04-30
23013,300851.SZ,2023-04-30
23040,300889.SZ,2023-04-30
23052,300903.SZ,2023-04-30
23067,300923.SZ,2023-04-30
23074,300932.SZ,2023-04-30
23095,300965.SZ,2023-04-30
23096,300968.SZ,2023-04-30
23102,300976.SZ,2023-04-30
23106,300981.SZ,2023-04-30
23149,301032.SZ,2023-04-30
23152,301036.SZ,2023-04-30
23205,301108.SZ,2023-04-30
23217,301126.SZ,2023-04-30
23224,301135.SZ,2023-04-30
23232,301151.SZ,2023-04-30
23253,301182.SZ,2023-04-30
23258,301189.SZ,2023-04-30
23264,301196.SZ,2023-04-30
23266,301199.SZ,2023-04-30
23269,301206.SZ,2023-04-30
23280,301219.SZ,2023-04-30
23321,301321.SZ,2023-04-30
23334,600000.SH,2023-04-30
23339,600015.SH,2023-04-30
23340,600016.SH,2023-04-30
23344,600020.SH,2023-04-30
23349,600027.SH,2023-04-30
23369,600061.SH,2023-04-30
23376,600075.SH,2023-04-30
23384,600097.SH,2023-04-30
23385,600098.SH,2023-04-30
23389,600104.SH,2023-04-30
23399,600120.SH,2023-04-30
23419,600170.SH,2023-04-30
23424,600178.SH,2023-04-30
23439,600216.SH,2023-04-30
23440,600218.SH,2023-04-30
23447,600235.SH,2023-04-30
23449,600248.SH,2023-04-30
23451,600252.SH,2023-04-30
23453,600261.SH,2023-04-30
23455,600266.SH,2023-04-30
23459,600271.SH,2023-04-30
23475,600300.SH,2023-04-30
23477,600308.SH,2023-04-30
23485,600327.SH,2023-04-30
23492,600339.SH,2023-04-30
23497,600352.SH,2023-04-30
23502,600362.SH,2023-04-30
23506,600368.SH,2023-04-30
23510,600373.SH,2023-04-30
23511,600376.SH,2023-04-30
23527,600409.SH,2023-04-30
23530,600420.SH,2023-04-30
23535,600429.SH,2023-04-30
23536,600433.SH,2023-04-30
23545,600458.SH,2023-04-30
23551,600469.SH,2023-04-30
23552,600475.SH,2023-04-30
23557,600482.SH,2023-04-30
23560,600487.SH,2023-04-30
23591,600548.SH,2023-04-30
23593,600551.SH,2023-04-30
23597,600558.SH,2023-04-30
23617,600597.SH,2023-04-30
23624,600611.SH,2023-04-30
23632,600623.SH,2023-04-30
23636,600635.SH,2023-04-30
23637,600636.SH,2023-04-30
23642,600642.SH,2023-04-30
23643,600643.SH,2023-04-30
23658,600682.SH,2023-04-30
23663,600697.SH,2023-04-30
23669,600708.SH,2023-04-30
23679,600739.SH,2023-04-30
23682,600742.SH,2023-04-30
23683,600746.SH,2023-04-30
23687,600755.SH,2023-04-30
23715,600808.SH,2023-04-30
23717,600810.SH,2023-04-30
23722,600826.SH,2023-04-30
23726,600831.SH,2023-04-30
23729,600835.SH,2023-04-30
23730,600837.SH,2023-04-30
23733,600843.SH,2023-04-30
23754,600884.SH,2023-04-30
23760,600894.SH,2023-04-30
23779,600939.SH,2023-04-30
23781,600955.SH,2023-04-30
23787,600966.SH,2023-04-30
23794,600979.SH,2023-04-30
23801,600990.SH,2023-04-30
23805,600997.SH,2023-04-30
23806,600998.SH,2023-04-30
23827,601077.SH,2023-04-30
23845,601163.SH,2023-04-30
23848,601169.SH,2023-04-30
23853,601188.SH,2023-04-30
23856,601200.SH,2023-04-30
23859,601212.SH,2023-04-30
23861,601218.SH,2023-04-30
23862,601222.SH,2023-04-30
23872,601311.SH,2023-04-30
23885,601388.SH,2023-04-30
23897,601579.SH,2023-04-30
23904,601609.SH,2023-04-30
23918,601677.SH,2023-04-30
23919,601678.SH,2023-04-30
23929,601728.SH,2023-04-30
23930,601766.SH,2023-04-30
23940,601818.SH,2023-04-30
23943,601828.SH,2023-04-30
23953,601877.SH,2023-04-30
23986,601997.SH,2023-04-30
23988,601999.SH,2023-04-30
24002,603020.SH,2023-04-30
24034,603079.SH,2023-04-30
24054,603116.SH,2023-04-30
24074,603183.SH,2023-04-30
24105,603238.SH,2023-04-30
24124,603301.SH,2023-04-30
24142,603332.SH,2023-04-30
24157,603367.SH,2023-04-30
24164,603385.SH,2023-04-30
24177,603458.SH,2023-04-30
24211,603577.SH,2023-04-30
24260,603680.SH,2023-04-30
24270,603697.SH,2023-04-30
24287,603727.SH,2023-04-30
24297,603766.SH,2023-04-30
24300,603776.SH,2023-04-30
24304,603788.SH,2023-04-30
24313,603810.SH,2023-04-30
24325,603839.SH,2023-04-30
24329,603858.SH,2023-04-30
24331,603861.SH,2023-04-30
24348,603897.SH,2023-04-30
24349,603898.SH,2023-04-30
24362,603926.SH,2023-04-30
24366,603933.SH,2023-04-30
24368,603937.SH,2023-04-30
24384,603980.SH,2023-04-30
24422,605100.SH,2023-04-30
24447,605208.SH,2023-04-30
24451,605258.SH,2023-04-30
24458,605288.SH,2023-04-30
24486,605566.SH,2023-04-30
