date,time,inst-id,direction,cost-price,last-price,volume,avail-vol,amt,pnl,account
2021-04-30,16:00:00,600106.XSHG.CS,L,2.61,2.62,365300,365300,957086,3653.0000000000846,
2021-05-06,16:00:00,600106.XSHG.CS,L,2.61,2.63,365300,365300,960739,7306.000000000006,
2021-05-07,16:00:00,600106.XSHG.CS,L,2.61,2.65,365300,365300,968045,14612.000000000013,
2021-05-10,16:00:00,600106.XSHG.CS,L,2.61,2.64,365300,365300,964392,10959.000000000091,
2021-05-11,16:00:00,600106.XSHG.CS,L,2.61,2.66,365300,365300,971698,18265.0000000001,
2021-05-12,16:00:00,600106.XSHG.CS,L,2.61,2.66,365300,365300,971698,18265.0000000001,
2021-05-13,16:00:00,600106.XSHG.CS,L,2.61,2.65,365300,365300,968045,14612.000000000013,
2021-05-14,16:00:00,600106.XSHG.CS,L,2.61,2.68,365300,365300,979004.0000000001,25571.000000000106,
2021-05-17,16:00:00,600106.XSHG.CS,L,2.61,2.65,365300,365300,968045,14612.000000000013,
2021-05-18,16:00:00,600106.XSHG.CS,L,2.61,2.65,365300,365300,968045,14612.000000000013,
2021-05-19,16:00:00,600106.XSHG.CS,L,2.61,2.62,365300,365300,957086,3653.0000000000846,
2021-05-20,16:00:00,600106.XSHG.CS,L,2.61,2.62,365300,365300,957086,3653.0000000000846,
2021-05-21,16:00:00,600106.XSHG.CS,L,2.61,2.64,365300,365300,964392,10959.000000000091,
2021-05-24,16:00:00,600106.XSHG.CS,L,2.61,2.65,365300,365300,968045,14612.000000000013,
2021-05-25,16:00:00,600106.XSHG.CS,L,2.61,2.64,365300,365300,964392,10959.000000000091,
2021-05-26,16:00:00,600106.XSHG.CS,L,2.61,2.65,365300,365300,968045,14612.000000000013,
2021-05-27,16:00:00,600106.XSHG.CS,L,2.61,2.64,365300,365300,964392,10959.000000000091,
2021-05-28,16:00:00,600106.XSHG.CS,L,2.61,2.62,365300,365300,957086,3653.0000000000846,
2021-05-31,16:00:00,600106.XSHG.CS,L,2.61,2.62,365300,365300,957086,3653.0000000000846,
2021-06-01,16:00:00,600106.XSHG.CS,L,2.61,2.62,365300,365300,957086,3653.0000000000846,
2021-06-02,16:00:00,600106.XSHG.CS,L,2.61,2.64,365300,365300,964392,10959.000000000091,
2021-06-03,16:00:00,600106.XSHG.CS,L,2.61,2.61,365300,365300,953433,0,
2021-06-04,16:00:00,600106.XSHG.CS,L,2.61,2.62,365300,365300,957086,3653.0000000000846,
2021-06-07,16:00:00,600106.XSHG.CS,L,2.61,2.61,365300,365300,953433,0,
2021-06-08,16:00:00,600106.XSHG.CS,L,2.61,2.61,365300,365300,953433,0,
2021-06-09,16:00:00,600106.XSHG.CS,L,2.61,2.61,365300,365300,953433,0,
2021-06-10,16:00:00,600106.XSHG.CS,L,2.61,2.62,365300,365300,957086,3653.0000000000846,
2021-06-11,16:00:00,600106.XSHG.CS,L,2.61,2.61,365300,365300,953433,0,
2021-06-15,16:00:00,600106.XSHG.CS,L,2.61,2.58,365300,365300,942474,-10958.999999999929,
2021-06-16,16:00:00,600106.XSHG.CS,L,2.61,2.57,365300,365300,938820.9999999999,-14612.000000000013,
2021-06-17,16:00:00,600106.XSHG.CS,L,2.61,2.53,365300,365300,924208.9999999999,-29224.000000000025,
2021-06-18,16:00:00,600106.XSHG.CS,L,2.61,2.55,365300,365300,931514.9999999999,-21918.00000000002,
2021-06-21,16:00:00,600106.XSHG.CS,L,2.61,2.57,365300,365300,938820.9999999999,-14612.000000000013,
2021-06-22,16:00:00,600106.XSHG.CS,L,2.61,2.58,365300,365300,942474,-10958.999999999929,
2021-06-23,16:00:00,600106.XSHG.CS,L,2.61,2.57,365300,365300,938820.9999999999,-14612.000000000013,
2021-06-24,16:00:00,600106.XSHG.CS,L,2.558,2.518,365300,365300,919825.3999999999,-33607.60000000001,
2021-06-25,16:00:00,600106.XSHG.CS,L,2.61,2.54,365300,365300,927862,-25570.99999999994,
2021-06-28,16:00:00,600106.XSHG.CS,L,2.61,2.51,365300,365300,916902.9999999999,-36530.00000000003,
2021-06-29,16:00:00,600106.XSHG.CS,L,2.61,2.49,365300,365300,909597.0000000001,-43835.999999999876,
2021-06-30,16:00:00,600106.XSHG.CS,L,2.61,2.51,365300,365300,916902.9999999999,-36530.00000000003,
2021-07-01,16:00:00,600106.XSHG.CS,L,2.61,2.5,365300,365300,913250,-40182.999999999956,
2021-07-02,16:00:00,600106.XSHG.CS,L,2.61,2.5,365300,365300,913250,-40182.999999999956,
2021-07-05,16:00:00,600106.XSHG.CS,L,2.61,2.55,365300,365300,931514.9999999999,-21918.00000000002,
2021-07-06,16:00:00,600106.XSHG.CS,L,2.61,2.55,365300,365300,931514.9999999999,-21918.00000000002,
2021-07-07,16:00:00,600106.XSHG.CS,L,2.61,2.57,365300,365300,938820.9999999999,-14612.000000000013,
2021-07-08,16:00:00,600106.XSHG.CS,L,2.61,2.54,365300,365300,927862,-25570.99999999994,
2021-07-09,16:00:00,600106.XSHG.CS,L,2.61,2.54,365300,365300,927862,-25570.99999999994,
2021-07-12,16:00:00,600106.XSHG.CS,L,2.61,2.54,365300,365300,927862,-25570.99999999994,
2021-07-13,16:00:00,600106.XSHG.CS,L,2.61,2.55,365300,365300,931514.9999999999,-21918.00000000002,
2021-07-14,16:00:00,600106.XSHG.CS,L,2.61,2.53,365300,365300,924208.9999999999,-29224.000000000025,
2021-07-15,16:00:00,600106.XSHG.CS,L,2.61,2.54,365300,365300,927862,-25570.99999999994,
2021-07-16,16:00:00,600106.XSHG.CS,L,2.61,2.57,365300,365300,938820.9999999999,-14612.000000000013,
2021-07-19,16:00:00,600106.XSHG.CS,L,2.61,2.53,365300,365300,924208.9999999999,-29224.000000000025,
2021-07-20,16:00:00,600106.XSHG.CS,L,2.61,2.53,365300,365300,924208.9999999999,-29224.000000000025,
2021-07-21,16:00:00,600106.XSHG.CS,L,2.61,2.54,365300,365300,927862,-25570.99999999994,
2021-07-22,16:00:00,600106.XSHG.CS,L,2.61,2.54,365300,365300,927862,-25570.99999999994,
2021-07-23,16:00:00,600106.XSHG.CS,L,2.61,2.53,365300,365300,924208.9999999999,-29224.000000000025,
2021-07-26,16:00:00,600106.XSHG.CS,L,2.61,2.49,365300,365300,909597.0000000001,-43835.999999999876,
2021-07-27,16:00:00,600106.XSHG.CS,L,2.61,2.48,365300,365300,905944,-47488.99999999996,
2021-07-28,16:00:00,600106.XSHG.CS,L,2.61,2.43,365300,365300,887679.0000000001,-65753.9999999999,
2021-07-29,16:00:00,600106.XSHG.CS,L,2.61,2.44,365300,365300,891332,-62100.99999999997,
2021-07-30,16:00:00,600106.XSHG.CS,L,2.61,2.43,365300,365300,887679.0000000001,-65753.9999999999,
2021-08-02,16:00:00,600106.XSHG.CS,L,2.61,2.45,365300,365300,894985.0000000001,-58447.99999999989,
2021-08-03,16:00:00,600106.XSHG.CS,L,2.61,2.45,365300,365300,894985.0000000001,-58447.99999999989,
2021-08-04,16:00:00,600106.XSHG.CS,L,2.61,2.45,365300,365300,894985.0000000001,-58447.99999999989,
2021-08-05,16:00:00,600106.XSHG.CS,L,2.61,2.45,365300,365300,894985.0000000001,-58447.99999999989,
2021-08-06,16:00:00,600106.XSHG.CS,L,2.61,2.44,365300,365300,891332,-62100.99999999997,
2021-08-09,16:00:00,600106.XSHG.CS,L,2.61,2.45,365300,365300,894985.0000000001,-58447.99999999989,
2021-08-10,16:00:00,600106.XSHG.CS,L,2.61,2.47,365300,365300,902291.0000000001,-51141.99999999988,
2021-08-11,16:00:00,600106.XSHG.CS,L,2.61,2.47,365300,365300,902291.0000000001,-51141.99999999988,
2021-08-12,16:00:00,600106.XSHG.CS,L,2.61,2.47,365300,365300,902291.0000000001,-51141.99999999988,
2021-08-13,16:00:00,600106.XSHG.CS,L,2.61,2.47,365300,365300,902291.0000000001,-51141.99999999988,
2021-08-16,16:00:00,600106.XSHG.CS,L,2.61,2.46,365300,365300,898638,-54794.99999999997,
2021-08-17,16:00:00,600106.XSHG.CS,L,2.61,2.43,365300,365300,887679.0000000001,-65753.9999999999,
2021-08-18,16:00:00,600106.XSHG.CS,L,2.61,2.45,365300,365300,894985.0000000001,-58447.99999999989,
2021-08-19,16:00:00,600106.XSHG.CS,L,2.61,2.43,365300,365300,887679.0000000001,-65753.9999999999,
2021-08-20,16:00:00,600106.XSHG.CS,L,2.61,2.47,365300,365300,902291.0000000001,-51141.99999999988,
2021-08-23,16:00:00,600106.XSHG.CS,L,2.61,2.5,365300,365300,913250,-40182.999999999956,
2021-08-24,16:00:00,600106.XSHG.CS,L,2.61,2.48,365300,365300,905944,-47488.99999999996,
2021-08-25,16:00:00,600106.XSHG.CS,L,2.61,2.52,365300,365300,920556,-32876.99999999995,
2021-08-26,16:00:00,600106.XSHG.CS,L,2.61,2.53,365300,365300,924208.9999999999,-29224.000000000025,
2021-08-27,16:00:00,600106.XSHG.CS,L,2.61,2.51,365300,365300,916902.9999999999,-36530.00000000003,
2021-08-30,16:00:00,600106.XSHG.CS,L,2.61,2.49,365300,365300,909597.0000000001,-43835.999999999876,
2021-08-31,16:00:00,600106.XSHG.CS,L,2.61,2.55,365300,365300,931514.9999999999,-21918.00000000002,
2021-09-01,16:00:00,600106.XSHG.CS,L,2.61,2.63,365300,365300,960739,7306.000000000006,
2021-09-02,16:00:00,600106.XSHG.CS,L,2.61,2.64,365300,365300,964392,10959.000000000091,
2021-09-03,16:00:00,600106.XSHG.CS,L,2.61,2.62,365300,365300,957086,3653.0000000000846,
2021-09-06,16:00:00,600106.XSHG.CS,L,2.61,2.63,365300,365300,960739,7306.000000000006,
2021-09-07,16:00:00,600106.XSHG.CS,L,2.61,2.65,365300,365300,968045,14612.000000000013,
2021-09-08,16:00:00,600106.XSHG.CS,L,2.61,2.69,365300,365300,982657,29224.000000000025,
2021-09-09,16:00:00,600106.XSHG.CS,L,2.61,2.79,365300,365300,1019187,65754.00000000006,
2021-09-10,16:00:00,600106.XSHG.CS,L,2.61,2.81,365300,365300,1026493,73060.00000000006,
2021-09-13,16:00:00,600106.XSHG.CS,L,2.61,2.87,365300,365300,1048411,94978.00000000009,
2021-09-14,16:00:00,600106.XSHG.CS,L,2.61,2.8,365300,365300,1022839.9999999999,69406.99999999999,
2021-09-15,16:00:00,600106.XSHG.CS,L,2.61,2.84,365300,365300,1037452,84019,
2021-09-16,16:00:00,600106.XSHG.CS,L,2.61,2.8,365300,365300,1022839.9999999999,69406.99999999999,
2021-09-17,16:00:00,600106.XSHG.CS,L,2.61,2.77,365300,365300,1011881,58448.00000000005,
2021-09-22,16:00:00,600106.XSHG.CS,L,2.61,2.84,365300,365300,1037452,84019,
2021-09-23,16:00:00,600106.XSHG.CS,L,2.61,2.85,365300,365300,1041105,87672.00000000007,
2021-09-24,16:00:00,600106.XSHG.CS,L,2.61,2.77,365300,365300,1011881,58448.00000000005,
2021-09-27,16:00:00,600106.XSHG.CS,L,2.61,2.7,365300,365300,986310.0000000001,32877.00000000011,
2021-09-28,16:00:00,600106.XSHG.CS,L,2.61,2.76,365300,365300,1008227.9999999999,54794.99999999997,
2021-09-29,16:00:00,600106.XSHG.CS,L,2.61,2.72,365300,365300,993616.0000000001,40183.00000000012,
2021-09-30,16:00:00,600106.XSHG.CS,L,2.61,2.71,365300,365300,989963,36530.00000000003,
2021-10-08,16:00:00,600106.XSHG.CS,L,2.61,2.77,365300,365300,1011881,58448.00000000005,
2021-10-11,16:00:00,600106.XSHG.CS,L,2.61,2.77,365300,365300,1011881,58448.00000000005,
2021-10-12,16:00:00,600106.XSHG.CS,L,2.61,2.71,365300,365300,989963,36530.00000000003,
2021-10-13,16:00:00,600106.XSHG.CS,L,2.61,2.72,365300,365300,993616.0000000001,40183.00000000012,
2021-10-14,16:00:00,600106.XSHG.CS,L,2.61,2.77,365300,365300,1011881,58448.00000000005,
2021-10-15,16:00:00,600106.XSHG.CS,L,2.61,2.73,365300,365300,997269,43836.00000000004,
2021-10-18,16:00:00,600106.XSHG.CS,L,2.61,2.77,365300,365300,1011881,58448.00000000005,
2021-10-19,16:00:00,600106.XSHG.CS,L,2.61,2.73,365300,365300,997269,43836.00000000004,
2021-10-20,16:00:00,600106.XSHG.CS,L,2.61,2.7,365300,365300,986310.0000000001,32877.00000000011,
2021-10-21,16:00:00,600106.XSHG.CS,L,2.61,2.65,365300,365300,968045,14612.000000000013,
2021-10-22,16:00:00,600106.XSHG.CS,L,2.61,2.57,365300,365300,938820.9999999999,-14612.000000000013,
2021-10-25,16:00:00,600106.XSHG.CS,L,2.61,2.54,365300,365300,927862,-25570.99999999994,
2021-10-26,16:00:00,600106.XSHG.CS,L,2.61,2.51,365300,365300,916902.9999999999,-36530.00000000003,
2021-10-27,16:00:00,600106.XSHG.CS,L,2.61,2.51,365300,365300,916902.9999999999,-36530.00000000003,
2021-10-28,16:00:00,600106.XSHG.CS,L,2.61,2.53,365300,365300,924208.9999999999,-29224.000000000025,
2021-10-29,16:00:00,600106.XSHG.CS,L,2.61,2.58,365300,365300,942474,-10958.999999999929,
2021-11-01,16:00:00,600106.XSHG.CS,L,2.61,2.56,365300,365300,935168,-18264.999999999935,
2021-11-02,16:00:00,600106.XSHG.CS,L,2.61,2.51,365300,365300,916902.9999999999,-36530.00000000003,
2021-11-03,16:00:00,600106.XSHG.CS,L,2.61,2.53,365300,365300,924208.9999999999,-29224.000000000025,
2021-11-04,16:00:00,600106.XSHG.CS,L,2.61,2.53,365300,365300,924208.9999999999,-29224.000000000025,
2021-11-05,16:00:00,600106.XSHG.CS,L,2.61,2.52,365300,365300,920556,-32876.99999999995,
2021-11-08,16:00:00,600106.XSHG.CS,L,2.61,2.53,365300,365300,924208.9999999999,-29224.000000000025,
2021-11-09,16:00:00,600106.XSHG.CS,L,2.61,2.52,365300,365300,920556,-32876.99999999995,
2021-11-10,16:00:00,600106.XSHG.CS,L,2.61,2.54,365300,365300,927862,-25570.99999999994,
2021-11-11,16:00:00,600106.XSHG.CS,L,2.61,2.56,365300,365300,935168,-18264.999999999935,
2021-11-12,16:00:00,600106.XSHG.CS,L,2.61,2.55,365300,365300,931514.9999999999,-21918.00000000002,
2021-11-15,16:00:00,600106.XSHG.CS,L,2.61,2.59,365300,365300,946127,-7306.000000000006,
2021-11-16,16:00:00,600106.XSHG.CS,L,2.61,2.56,365300,365300,935168,-18264.999999999935,
2021-11-17,16:00:00,600106.XSHG.CS,L,2.61,2.59,365300,365300,946127,-7306.000000000006,
2021-11-18,16:00:00,600106.XSHG.CS,L,2.61,2.57,365300,365300,938820.9999999999,-14612.000000000013,
2021-11-19,16:00:00,600106.XSHG.CS,L,2.61,2.58,365300,365300,942474,-10958.999999999929,
2021-11-22,16:00:00,600106.XSHG.CS,L,2.61,2.57,365300,365300,938820.9999999999,-14612.000000000013,
2021-11-23,16:00:00,600106.XSHG.CS,L,2.61,2.77,365300,365300,1011881,58448.00000000005,
2021-11-24,16:00:00,600106.XSHG.CS,L,2.61,2.77,365300,365300,1011881,58448.00000000005,
2021-11-25,16:00:00,600106.XSHG.CS,L,2.61,2.95,365300,365300,1077635,124202.00000000012,
2021-11-26,16:00:00,600106.XSHG.CS,L,2.61,3.25,365300,365300,1187225,233792.00000000006,
2021-11-29,16:00:00,600106.XSHG.CS,L,2.61,3.31,365300,365300,1209143,255710.00000000006,
2021-11-30,16:00:00,600106.XSHG.CS,L,2.61,3.27,365300,365300,1194531,241098.00000000006,
2021-12-01,16:00:00,600106.XSHG.CS,L,2.61,3.53,365300,365300,1289509,336076,
2021-12-02,16:00:00,600106.XSHG.CS,L,2.61,3.55,365300,365300,1296815,343382,
2021-12-03,16:00:00,600106.XSHG.CS,L,2.61,3.53,365300,365300,1289509,336076,
2021-12-06,16:00:00,600106.XSHG.CS,L,2.61,3.73,365300,365300,1362569,409136.00000000006,
2021-12-07,16:00:00,600106.XSHG.CS,L,2.61,3.51,365300,365300,1282203,328769.99999999994,
2021-12-08,16:00:00,600106.XSHG.CS,L,2.61,3.86,365300,365300,1410058,456625,
2021-12-09,16:00:00,600106.XSHG.CS,L,2.61,4.01,365300,365300,1464853,511419.99999999994,
2021-12-10,16:00:00,600106.XSHG.CS,L,2.61,4.25,365300,365300,1552525,599092,
2021-12-13,16:00:00,600106.XSHG.CS,L,2.61,4.42,365300,365300,1614626,661193,
2021-12-14,16:00:00,600106.XSHG.CS,L,2.61,4.26,365300,365300,1556178,602745,
2021-12-15,16:00:00,600106.XSHG.CS,L,2.61,4.69,365300,365300,1713257.0000000002,759824.0000000002,
2021-12-16,16:00:00,600106.XSHG.CS,L,2.61,4.55,365300,365300,1662115,708682,
2021-12-17,16:00:00,600106.XSHG.CS,L,2.61,4.33,365300,365300,1581749,628316.0000000001,
2021-12-20,16:00:00,600106.XSHG.CS,L,2.61,4.39,365300,365300,1603666.9999999998,650233.9999999999,
2021-12-21,16:00:00,600106.XSHG.CS,L,2.61,4.34,365300,365300,1585402,631969,
2021-12-22,16:00:00,600106.XSHG.CS,L,2.61,4.28,365300,365300,1563484,610051.0000000001,
2021-12-23,16:00:00,600106.XSHG.CS,L,2.61,4.23,365300,365300,1545219.0000000002,591786.0000000002,
2021-12-24,16:00:00,600106.XSHG.CS,L,2.61,4.12,365300,365300,1505036,551603.0000000001,
2021-12-27,16:00:00,600106.XSHG.CS,L,2.61,4.36,365300,365300,1592708.0000000002,639275.0000000001,
2021-12-28,16:00:00,600106.XSHG.CS,L,2.61,4.8,365300,365300,1753440,800007,
2021-12-29,16:00:00,600106.XSHG.CS,L,2.61,4.75,365300,365300,1735175,781742,
2021-12-30,16:00:00,600106.XSHG.CS,L,2.61,4.86,365300,365300,1775358.0000000002,821925.0000000001,
2021-12-31,16:00:00,600106.XSHG.CS,L,2.61,4.5,365300,365300,1643850,690417,
2022-01-04,16:00:00,600106.XSHG.CS,L,2.61,4.67,365300,365300,1705951,752518,
2022-01-05,16:00:00,600106.XSHG.CS,L,2.61,4.72,365300,365300,1724216,770783,
2022-01-06,16:00:00,600106.XSHG.CS,L,2.61,4.69,365300,365300,1713257.0000000002,759824.0000000002,
2022-01-07,16:00:00,600106.XSHG.CS,L,2.61,4.76,365300,365300,1738828,785395,
2022-01-10,16:00:00,600106.XSHG.CS,L,2.61,4.66,365300,365300,1702298,748865.0000000001,
2022-01-11,16:00:00,600106.XSHG.CS,L,2.61,4.71,365300,365300,1720563,767130,
2022-01-12,16:00:00,600106.XSHG.CS,L,2.61,4.73,365300,365300,1727869.0000000002,774436.0000000002,
2022-01-13,16:00:00,600106.XSHG.CS,L,2.61,4.96,365300,365300,1811888,858455,
2022-01-14,16:00:00,600106.XSHG.CS,L,2.61,4.74,365300,365300,1731522,778089.0000000001,
2022-01-17,16:00:00,600106.XSHG.CS,L,2.61,4.69,365300,365300,1713257.0000000002,759824.0000000002,
2022-01-18,16:00:00,600106.XSHG.CS,L,2.61,4.77,365300,365300,1742480.9999999998,789047.9999999999,
2022-01-19,16:00:00,600106.XSHG.CS,L,2.61,4.78,365300,365300,1746134,792701.0000000001,
2022-01-20,16:00:00,600106.XSHG.CS,L,2.61,4.72,365300,365300,1724216,770783,
2022-01-21,16:00:00,600106.XSHG.CS,L,2.61,4.61,365300,365300,1684033.0000000002,730600.0000000001,
2022-01-24,16:00:00,600106.XSHG.CS,L,2.61,4.58,365300,365300,1673074,719641.0000000001,
2022-01-25,16:00:00,600106.XSHG.CS,L,2.61,4.35,365300,365300,1589054.9999999998,635621.9999999999,
2022-01-26,16:00:00,600106.XSHG.CS,L,2.61,4.53,365300,365300,1654809,701376.0000000001,
2022-01-27,16:00:00,600106.XSHG.CS,L,2.61,4.55,365300,365300,1662115,708682,
2022-01-28,16:00:00,600106.XSHG.CS,L,2.61,4.63,365300,365300,1691339,737906,
2022-02-07,16:00:00,600106.XSHG.CS,L,2.61,4.87,365300,365300,1779011,825578.0000000001,
2022-02-08,16:00:00,600106.XSHG.CS,L,2.61,4.84,365300,365300,1768052,814619,
2022-02-09,16:00:00,600106.XSHG.CS,L,2.61,4.77,365300,365300,1742480.9999999998,789047.9999999999,
2022-02-10,16:00:00,600106.XSHG.CS,L,2.61,4.78,365300,365300,1746134,792701.0000000001,
2022-02-11,16:00:00,600106.XSHG.CS,L,2.61,4.66,365300,365300,1702298,748865.0000000001,
2022-02-14,16:00:00,600106.XSHG.CS,L,2.61,4.62,365300,365300,1687686,734253.0000000001,
2022-02-15,16:00:00,600106.XSHG.CS,L,2.61,4.53,365300,365300,1654809,701376.0000000001,
2022-02-16,16:00:00,600106.XSHG.CS,L,2.61,4.75,365300,365300,1735175,781742,
2022-02-17,16:00:00,600106.XSHG.CS,L,2.61,4.74,365300,365300,1731522,778089.0000000001,
2022-02-18,16:00:00,600106.XSHG.CS,L,2.61,4.77,365300,365300,1742480.9999999998,789047.9999999999,
2022-02-21,16:00:00,600106.XSHG.CS,L,2.61,4.83,365300,365300,1764399,810966.0000000001,
2022-02-22,16:00:00,600106.XSHG.CS,L,2.61,4.75,365300,365300,1735175,781742,
2022-02-23,16:00:00,600106.XSHG.CS,L,2.61,4.77,365300,365300,1742480.9999999998,789047.9999999999,
2022-02-24,16:00:00,600106.XSHG.CS,L,2.61,4.53,365300,365300,1654809,701376.0000000001,
2022-02-25,16:00:00,600106.XSHG.CS,L,2.61,4.72,365300,365300,1724216,770783,
2022-02-28,16:00:00,600106.XSHG.CS,L,2.61,4.81,365300,365300,1757092.9999999998,803659.9999999999,
2022-03-01,16:00:00,600106.XSHG.CS,L,2.61,5.22,365300,365300,1906866,953433,
2022-03-02,16:00:00,600106.XSHG.CS,L,2.61,5.35,365300,365300,1954354.9999999998,1000921.9999999999,
2022-03-03,16:00:00,600106.XSHG.CS,L,2.61,5.45,365300,365300,1990885,1037452.0000000001,
2022-03-04,16:00:00,600106.XSHG.CS,L,2.61,5.49,365300,365300,2005497,1052064.0000000002,
2022-03-07,16:00:00,600106.XSHG.CS,L,2.61,5.44,365300,365300,1987232.0000000002,1033799.0000000002,
2022-03-08,16:00:00,600106.XSHG.CS,L,2.61,5.21,365300,365300,1903213,949780,
2022-03-09,16:00:00,600106.XSHG.CS,L,2.61,5.07,365300,365300,1852071,898638.0000000001,
2022-03-10,16:00:00,600106.XSHG.CS,L,2.61,5.17,365300,365300,1888601,935168,
2022-03-11,16:00:00,600106.XSHG.CS,L,2.61,5.26,365300,365300,1921478,968045,
2022-03-14,16:00:00,600106.XSHG.CS,L,2.61,5.09,365300,365300,1859377,905944,
2022-03-15,16:00:00,600106.XSHG.CS,L,2.61,4.8,365300,365300,1753440,800007,
2022-03-16,16:00:00,600106.XSHG.CS,L,2.61,4.99,365300,365300,1822847,869414.0000000001,
2022-03-17,16:00:00,600106.XSHG.CS,L,2.61,5.01,365300,365300,1830153,876720,
2022-03-18,16:00:00,600106.XSHG.CS,L,2.61,5.03,365300,365300,1837459,884026.0000000001,
2022-03-21,16:00:00,600106.XSHG.CS,L,2.61,4.93,365300,365300,1800929,847495.9999999999,
2022-03-22,16:00:00,600106.XSHG.CS,L,2.61,4.93,365300,365300,1800929,847495.9999999999,
2022-03-23,16:00:00,600106.XSHG.CS,L,2.61,4.82,365300,365300,1760746,807313.0000000001,
2022-03-24,16:00:00,600106.XSHG.CS,L,2.61,4.64,365300,365300,1694991.9999999998,741558.9999999999,
2022-03-25,16:00:00,600106.XSHG.CS,L,2.61,4.64,365300,365300,1694991.9999999998,741558.9999999999,
2022-03-28,16:00:00,600106.XSHG.CS,L,2.61,4.62,365300,365300,1687686,734253.0000000001,
2022-03-29,16:00:00,600106.XSHG.CS,L,2.61,4.66,365300,365300,1702298,748865.0000000001,
2022-03-30,16:00:00,600106.XSHG.CS,L,2.61,4.78,365300,365300,1746134,792701.0000000001,
2022-03-31,16:00:00,600106.XSHG.CS,L,2.61,4.73,365300,365300,1727869.0000000002,774436.0000000002,
2022-04-01,16:00:00,600106.XSHG.CS,L,2.61,4.75,365300,365300,1735175,781742,
2022-04-06,16:00:00,600106.XSHG.CS,L,2.61,4.91,365300,365300,1793623,840190.0000000001,
2022-04-07,16:00:00,600106.XSHG.CS,L,2.61,4.77,365300,365300,1742480.9999999998,789047.9999999999,
2022-04-08,16:00:00,600106.XSHG.CS,L,2.61,4.9,365300,365300,1789970.0000000002,836537.0000000002,
2022-04-11,16:00:00,600106.XSHG.CS,L,2.61,4.7,365300,365300,1716910,763477.0000000001,
2022-04-12,16:00:00,600106.XSHG.CS,L,2.61,4.78,365300,365300,1746134,792701.0000000001,
2022-04-13,16:00:00,600106.XSHG.CS,L,2.61,4.64,365300,365300,1694991.9999999998,741558.9999999999,
2022-04-14,16:00:00,600106.XSHG.CS,L,2.61,4.52,365300,365300,1651155.9999999998,697722.9999999999,
2022-04-15,16:00:00,600106.XSHG.CS,L,2.61,4.32,365300,365300,1578096,624663.0000000001,
2022-04-18,16:00:00,600106.XSHG.CS,L,2.61,4.16,365300,365300,1519648,566215.0000000001,
2022-04-19,16:00:00,600106.XSHG.CS,L,2.61,4.25,365300,365300,1552525,599092,
2022-04-20,16:00:00,600106.XSHG.CS,L,2.61,4.11,365300,365300,1501383.0000000002,547950.0000000001,
2022-04-21,16:00:00,600106.XSHG.CS,L,2.61,3.91,365300,365300,1428323,474890.0000000001,
2022-04-22,16:00:00,600106.XSHG.CS,L,2.61,3.93,365300,365300,1435629,482196.0000000001,
2022-04-25,16:00:00,600106.XSHG.CS,L,2.61,3.54,365300,365300,1293162,339729.00000000006,
2022-04-26,16:00:00,600106.XSHG.CS,L,2.61,3.4,365300,365300,1242020,288587,
2022-04-27,16:00:00,600106.XSHG.CS,L,2.61,3.61,365300,365300,1318733,365300,
2022-04-28,16:00:00,600106.XSHG.CS,L,2.61,3.64,365300,365300,1329692,376259.0000000001,
2022-04-29,16:00:00,600106.XSHG.CS,L,2.61,3.69,365300,365300,1347957,394524,
2022-05-05,16:00:00,000019.XSHE.CS,L,7.37,7.36,43300,43300,318688,-432.9999999999908,
2022-05-05,16:00:00,000063.XSHE.CS,L,23.740000000000002,23.75,20100,20100,477375,200.99999999996,
2022-05-06,16:00:00,000019.XSHE.CS,L,7.37,7.23,43300,43300,313059,-6061.999999999986,
2022-05-06,16:00:00,000063.XSHE.CS,L,23.740000000000002,23.23,20100,20100,466923,-10251.000000000031,
2022-05-09,16:00:00,000019.XSHE.CS,L,7.37,7.37,43300,43300,319121,0,
2022-05-09,16:00:00,000063.XSHE.CS,L,23.44,22.86,20100,20100,459486,-17688.000000000036,
2022-05-10,16:00:00,000019.XSHE.CS,L,7.37,7.4,43300,43300,320420,1299.0000000000107,
2022-05-10,16:00:00,000063.XSHE.CS,L,23.740000000000002,23.4,20100,20100,470340,-6834.000000000068,
2022-05-11,16:00:00,000019.XSHE.CS,L,7.37,7.38,43300,43300,319554,432.9999999999908,
2022-05-11,16:00:00,000063.XSHE.CS,L,23.740000000000002,23.35,20100,20100,469335,-7839.000000000012,
2022-05-12,16:00:00,000019.XSHE.CS,L,7.37,7.48,43300,43300,323884,4763.000000000014,
2022-05-12,16:00:00,000063.XSHE.CS,L,23.740000000000002,23.36,20100,20100,469536,-7638.000000000052,
2022-05-13,16:00:00,000019.XSHE.CS,L,7.37,7.68,43300,43300,332544,13422.999999999984,
2022-05-13,16:00:00,000063.XSHE.CS,L,23.740000000000002,23.26,20100,20100,467526.00000000006,-9648.00000000001,
2022-05-16,16:00:00,000019.XSHE.CS,L,7.37,8.45,43300,43300,365884.99999999994,46763.99999999996,
2022-05-16,16:00:00,000063.XSHE.CS,L,23.740000000000002,23.12,20100,20100,464712,-12462.00000000002,
2022-05-17,16:00:00,000063.XSHE.CS,L,23.740000000000002,23.76,20100,20100,477576.00000000006,401.9999999999914,
2022-05-17,16:00:00,000019.XSHE.CS,L,7.37,8.31,43300,43300,359823,40702.000000000015,
2022-05-18,16:00:00,000019.XSHE.CS,L,7.37,8.45,43300,43300,365884.99999999994,46763.99999999996,
2022-05-18,16:00:00,000063.XSHE.CS,L,23.740000000000002,23.81,20100,20100,478581,1406.9999999999343,
2022-05-19,16:00:00,000063.XSHE.CS,L,23.740000000000002,23.69,20100,20100,476169,-1005.0000000000143,
2022-05-19,16:00:00,000019.XSHE.CS,L,7.37,8.47,43300,43300,366751,47630.00000000002,
2022-05-20,16:00:00,000019.XSHE.CS,L,7.37,8.55,43300,43300,370215.00000000006,51094.00000000003,
2022-05-20,16:00:00,000063.XSHE.CS,L,23.740000000000002,23.78,20100,20100,477978,803.9999999999828,
2022-05-23,16:00:00,000063.XSHE.CS,L,23.740000000000002,23.34,20100,20100,469134,-8040.000000000043,
2022-05-23,16:00:00,000019.XSHE.CS,L,7.37,8.84,43300,43300,382772,63650.99999999999,
2022-05-24,16:00:00,000019.XSHE.CS,L,7.37,8.42,43300,43300,364586,45464.99999999999,
2022-05-24,16:00:00,000063.XSHE.CS,L,23.740000000000002,22.36,20100,20100,449436,-27738.00000000005,
2022-05-25,16:00:00,000019.XSHE.CS,L,7.37,8.66,43300,43300,374978,55857,
2022-05-25,16:00:00,000063.XSHE.CS,L,23.740000000000002,22.53,20100,20100,452853,-24321.00000000002,
2022-05-26,16:00:00,000019.XSHE.CS,L,7.37,9.06,43300,43300,392298,73177.00000000001,
2022-05-26,16:00:00,000063.XSHE.CS,L,23.740000000000002,24.2,20100,20100,486420,9245.999999999945,
2022-05-27,16:00:00,000019.XSHE.CS,L,7.37,8.85,43300,43300,383205,64083.99999999998,
2022-05-27,16:00:00,000063.XSHE.CS,L,23.740000000000002,24.1,20100,20100,484410,7235.999999999988,
2022-05-30,16:00:00,000019.XSHE.CS,L,7.37,8.86,43300,43300,383638,64516.99999999997,
2022-05-30,16:00:00,000063.XSHE.CS,L,23.740000000000002,24,20100,20100,482400,5225.99999999996,
2022-05-31,16:00:00,000019.XSHE.CS,L,7.37,9.05,43300,43300,391865.00000000006,72744.00000000003,
2022-05-31,16:00:00,000063.XSHE.CS,L,23.740000000000002,24.33,20100,20100,489032.99999999994,11858.999999999925,
2022-06-01,16:00:00,000063.XSHE.CS,L,23.740000000000002,24.05,20100,20100,483405,6230.9999999999745,
2022-06-01,16:00:00,000019.XSHE.CS,L,7.37,8.77,43300,43300,379741,60619.99999999998,
2022-06-02,16:00:00,000019.XSHE.CS,L,7.37,9.37,43300,43300,405720.99999999994,86599.99999999996,
2022-06-02,16:00:00,000063.XSHE.CS,L,23.740000000000002,24.22,20100,20100,486822,9647.999999999936,
2022-06-06,16:00:00,000019.XSHE.CS,L,7.37,9.13,43300,43300,395329.00000000006,76208.00000000003,
2022-06-06,16:00:00,000063.XSHE.CS,L,23.740000000000002,24.72,20100,20100,496872,19697.999999999938,
2022-06-07,16:00:00,000019.XSHE.CS,L,7.37,8.71,43300,43300,377143.00000000006,58022.00000000003,
2022-06-07,16:00:00,000063.XSHE.CS,L,23.740000000000002,24.65,20100,20100,495465,18290.99999999993,
2022-06-08,16:00:00,000019.XSHE.CS,L,7.37,8.69,43300,43300,376277,57155.99999999997,
2022-06-08,16:00:00,000063.XSHE.CS,L,23.740000000000002,24.63,20100,20100,495063,17888.99999999994,
2022-06-09,16:00:00,000019.XSHE.CS,L,7.37,8.45,43300,43300,365884.99999999994,46763.99999999996,
2022-06-09,16:00:00,000063.XSHE.CS,L,23.740000000000002,24.25,20100,20100,487425,10250.99999999996,
2022-06-10,16:00:00,000019.XSHE.CS,L,7.37,8.59,43300,43300,371947,52825.99999999999,
2022-06-10,16:00:00,000063.XSHE.CS,L,23.740000000000002,24.47,20100,20100,491847,14672.999999999936,
2022-06-13,16:00:00,000019.XSHE.CS,L,7.37,8.55,43300,43300,370215.00000000006,51094.00000000003,
2022-06-13,16:00:00,000063.XSHE.CS,L,23.740000000000002,24.7,20100,20100,496470,19295.999999999945,
2022-06-14,16:00:00,000019.XSHE.CS,L,7.37,8.51,43300,43300,368483,49361.999999999985,
2022-06-14,16:00:00,000063.XSHE.CS,L,23.740000000000002,24.77,20100,20100,497877,20702.999999999953,
2022-06-15,16:00:00,000019.XSHE.CS,L,7.37,8.54,43300,43300,369781.99999999994,50660.999999999956,
2022-06-15,16:00:00,000063.XSHE.CS,L,23.740000000000002,25.59,20100,20100,514359,37184.999999999956,
2022-06-16,16:00:00,000019.XSHE.CS,L,7.37,8.7,43300,43300,376709.99999999994,57588.99999999996,
2022-06-16,16:00:00,000063.XSHE.CS,L,23.740000000000002,25.58,20100,20100,514157.99999999994,36983.99999999993,
2022-06-17,16:00:00,000019.XSHE.CS,L,7.37,8.57,43300,43300,371081,51960.00000000001,
2022-06-17,16:00:00,000063.XSHE.CS,L,23.740000000000002,25.7,20100,20100,516570,39395.99999999995,
2022-06-20,16:00:00,000063.XSHE.CS,L,23.740000000000002,25.52,20100,20100,512952,35777.99999999995,
2022-06-20,16:00:00,000019.XSHE.CS,L,7.37,8.55,43300,43300,370215.00000000006,51094.00000000003,
2022-06-21,16:00:00,000019.XSHE.CS,L,7.12,8.15,43300,43300,352895,33774.00000000001,
2022-06-21,16:00:00,000063.XSHE.CS,L,23.740000000000002,25.49,20100,20100,512348.99999999994,35174.99999999993,
2022-06-22,16:00:00,000019.XSHE.CS,L,7.37,7.91,43300,43300,342503,23382,
2022-06-22,16:00:00,000063.XSHE.CS,L,23.740000000000002,24.95,20100,20100,501495,24320.999999999945,
2022-06-23,16:00:00,000019.XSHE.CS,L,7.37,8.13,43300,43300,352029.00000000006,32908.00000000003,
2022-06-23,16:00:00,000063.XSHE.CS,L,23.740000000000002,25.16,20100,20100,505716,28541.999999999964,
2022-06-24,16:00:00,000019.XSHE.CS,L,7.37,8.07,43300,43300,349431,30310.000000000007,
2022-06-24,16:00:00,000063.XSHE.CS,L,23.740000000000002,24.9,20100,20100,500490,23315.99999999993,
2022-06-27,16:00:00,000019.XSHE.CS,L,7.37,8.03,43300,43300,347699,28577.999999999967,
2022-06-27,16:00:00,000063.XSHE.CS,L,23.740000000000002,25.19,20100,20100,506319,29144.999999999985,
2022-06-28,16:00:00,000019.XSHE.CS,L,7.37,7.95,43300,43300,344235,25114.000000000004,
2022-06-28,16:00:00,000063.XSHE.CS,L,23.740000000000002,25.5,20100,20100,512550,35375.99999999996,
2022-06-29,16:00:00,000019.XSHE.CS,L,7.37,7.74,43300,43300,335142,16021.000000000005,
2022-06-29,16:00:00,000063.XSHE.CS,L,23.740000000000002,25.37,20100,20100,509937,32762.99999999998,
2022-06-30,16:00:00,000019.XSHE.CS,L,7.37,7.71,43300,43300,333843,14721.999999999995,
2022-06-30,16:00:00,000063.XSHE.CS,L,23.740000000000002,25.53,20100,20100,513153,35978.999999999985,
2022-07-01,16:00:00,000019.XSHE.CS,L,7.37,7.78,43300,43300,336874,17753.000000000007,
2022-07-01,16:00:00,000063.XSHE.CS,L,23.740000000000002,25.26,20100,20100,507726.00000000006,30551.999999999993,
2022-07-04,16:00:00,000063.XSHE.CS,L,23.740000000000002,25.12,20100,20100,504912,27737.99999999998,
2022-07-04,16:00:00,000019.XSHE.CS,L,7.37,7.91,43300,43300,342503,23382,
2022-07-05,16:00:00,000019.XSHE.CS,L,7.37,7.77,43300,43300,336441,17319.999999999978,
2022-07-05,16:00:00,000063.XSHE.CS,L,23.740000000000002,24.88,20100,20100,500088,22913.99999999994,
2022-07-06,16:00:00,000019.XSHE.CS,L,7.37,7.6,43300,43300,329080,9958.99999999998,
2022-07-06,16:00:00,000063.XSHE.CS,L,23.740000000000002,24.67,20100,20100,495867.00000000006,18692.999999999993,
2022-07-07,16:00:00,000019.XSHE.CS,L,7.37,7.64,43300,43300,330812,11690.999999999982,
2022-07-07,16:00:00,000063.XSHE.CS,L,23.740000000000002,24.69,20100,20100,496269,19094.999999999985,
2022-07-08,16:00:00,000019.XSHE.CS,L,7.37,7.6,43300,43300,329080,9958.99999999998,
2022-07-08,16:00:00,000063.XSHE.CS,L,23.740000000000002,24.67,20100,20100,495867.00000000006,18692.999999999993,
2022-07-11,16:00:00,000063.XSHE.CS,L,23.740000000000002,24.65,20100,20100,495465,18290.99999999993,
2022-07-11,16:00:00,000019.XSHE.CS,L,7.37,7.68,43300,43300,332544,13422.999999999984,
2022-07-12,16:00:00,000019.XSHE.CS,L,7.37,7.55,43300,43300,326915,7793.999999999987,
2022-07-12,16:00:00,000063.XSHE.CS,L,23.740000000000002,24,20100,20100,482400,5225.99999999996,
2022-07-13,16:00:00,000019.XSHE.CS,L,7.37,7.61,43300,43300,329513,10392.00000000001,
2022-07-13,16:00:00,000063.XSHE.CS,L,23.740000000000002,23.75,20100,20100,477375,200.99999999996,
2022-07-14,16:00:00,000063.XSHE.CS,L,23.740000000000002,23.63,20100,20100,474963,-2211.00000000006,
2022-07-14,16:00:00,000019.XSHE.CS,L,7.37,7.55,43300,43300,326915,7793.999999999987,
2022-07-15,16:00:00,000019.XSHE.CS,L,7.37,7.32,43300,43300,316956,-2164.9999999999923,
2022-07-15,16:00:00,000063.XSHE.CS,L,23.740000000000002,23.48,20100,20100,471948,-5226.000000000032,
2022-07-18,16:00:00,000019.XSHE.CS,L,7.37,7.43,43300,43300,321719,2597.999999999983,
2022-07-18,16:00:00,000063.XSHE.CS,L,23.740000000000002,24.39,20100,20100,490239,13064.99999999997,
2022-07-19,16:00:00,000019.XSHE.CS,L,7.37,7.54,43300,43300,326482,7360.999999999997,
2022-07-19,16:00:00,000063.XSHE.CS,L,23.740000000000002,25.03,20100,20100,503103,25928.99999999998,
2022-07-20,16:00:00,000019.XSHE.CS,L,7.37,7.58,43300,43300,328214,9092.999999999998,
2022-07-20,16:00:00,000063.XSHE.CS,L,23.740000000000002,25.05,20100,20100,503505,26330.999999999975,
2022-07-21,16:00:00,000063.XSHE.CS,L,23.740000000000002,25,20100,20100,502500,25325.99999999996,
2022-07-21,16:00:00,000019.XSHE.CS,L,7.37,7.52,43300,43300,325616,6494.999999999977,
2022-07-22,16:00:00,000063.XSHE.CS,L,23.740000000000002,25,20100,20100,502500,25325.99999999996,
2022-07-22,16:00:00,000019.XSHE.CS,L,7.37,7.49,43300,43300,324317,5196.000000000005,
2022-07-25,16:00:00,000019.XSHE.CS,L,7.37,7.52,43300,43300,325616,6494.999999999977,
2022-07-25,16:00:00,000063.XSHE.CS,L,23.740000000000002,24.73,20100,20100,497073,19898.999999999967,
2022-07-26,16:00:00,000019.XSHE.CS,L,7.37,7.67,43300,43300,332111,12989.999999999993,
2022-07-26,16:00:00,000063.XSHE.CS,L,23.740000000000002,24.62,20100,20100,494862,17687.99999999998,
2022-07-27,16:00:00,000019.XSHE.CS,L,7.37,7.67,43300,43300,332111,12989.999999999993,
2022-07-27,16:00:00,000063.XSHE.CS,L,23.740000000000002,24.55,20100,20100,493455,16280.999999999975,
2022-07-28,16:00:00,000019.XSHE.CS,L,7.37,7.69,43300,43300,332977,13856.000000000013,
2022-07-28,16:00:00,000063.XSHE.CS,L,23.740000000000002,24.84,20100,20100,499284,22109.999999999956,
2022-07-29,16:00:00,000019.XSHE.CS,L,7.37,7.82,43300,43300,338606,19485.000000000007,
2022-07-29,16:00:00,000063.XSHE.CS,L,23.740000000000002,24.42,20100,20100,490842.00000000006,13667.999999999995,
2022-08-01,16:00:00,000019.XSHE.CS,L,7.37,7.67,43300,43300,332111,12989.999999999993,
2022-08-01,16:00:00,000063.XSHE.CS,L,23.740000000000002,24,20100,20100,482400,5225.99999999996,
2022-08-02,16:00:00,000019.XSHE.CS,L,7.37,8.08,43300,43300,349864,30743,
2022-08-02,16:00:00,000063.XSHE.CS,L,23.740000000000002,23.2,20100,20100,466320,-10854.000000000055,
2022-08-03,16:00:00,000019.XSHE.CS,L,7.37,7.94,43300,43300,343802,24681.00000000001,
2022-08-03,16:00:00,000063.XSHE.CS,L,23.740000000000002,23.23,20100,20100,466923,-10251.000000000031,
2022-08-04,16:00:00,000019.XSHE.CS,L,7.37,7.81,43300,43300,338173,19051.999999999978,
2022-08-04,16:00:00,000063.XSHE.CS,L,23.740000000000002,23.57,20100,20100,473757,-3417.000000000034,
2022-08-05,16:00:00,000019.XSHE.CS,L,7.37,7.84,43300,43300,339472,20350.99999999999,
2022-08-05,16:00:00,000063.XSHE.CS,L,23.740000000000002,25.38,20100,20100,510138,32963.99999999994,
2022-08-08,16:00:00,000019.XSHE.CS,L,7.37,7.79,43300,43300,337307,18185.999999999996,
2022-08-08,16:00:00,000063.XSHE.CS,L,23.740000000000002,25.06,20100,20100,503706,26531.999999999935,
2022-08-09,16:00:00,000019.XSHE.CS,L,7.37,7.6,43300,43300,329080,9958.99999999998,
2022-08-09,16:00:00,000063.XSHE.CS,L,23.740000000000002,25.15,20100,20100,505515,28340.99999999993,
2022-08-10,16:00:00,000019.XSHE.CS,L,7.37,7.49,43300,43300,324317,5196.000000000005,
2022-08-10,16:00:00,000063.XSHE.CS,L,23.740000000000002,24.87,20100,20100,499887,22712.99999999998,
2022-08-11,16:00:00,000063.XSHE.CS,L,23.740000000000002,25.28,20100,20100,508128,30953.99999999998,
2022-08-11,16:00:00,000019.XSHE.CS,L,7.37,7.6,43300,43300,329080,9958.99999999998,
2022-08-12,16:00:00,000019.XSHE.CS,L,7.37,7.63,43300,43300,330379,11257.99999999999,
2022-08-12,16:00:00,000063.XSHE.CS,L,23.740000000000002,25.06,20100,20100,503706,26531.999999999935,
2022-08-15,16:00:00,000019.XSHE.CS,L,7.37,7.71,43300,43300,333843,14721.999999999995,
2022-08-15,16:00:00,000063.XSHE.CS,L,23.740000000000002,24.69,20100,20100,496269,19094.999999999985,
2022-08-16,16:00:00,000019.XSHE.CS,L,7.37,7.76,43300,43300,336008,16886.999999999985,
2022-08-16,16:00:00,000063.XSHE.CS,L,23.740000000000002,24.33,20100,20100,489032.99999999994,11858.999999999925,
2022-08-17,16:00:00,000019.XSHE.CS,L,7.37,7.79,43300,43300,337307,18185.999999999996,
2022-08-17,16:00:00,000063.XSHE.CS,L,23.740000000000002,24.92,20100,20100,500892.00000000006,23717.999999999993,
2022-08-18,16:00:00,000063.XSHE.CS,L,23.740000000000002,24.7,20100,20100,496470,19295.999999999945,
2022-08-18,16:00:00,000019.XSHE.CS,L,7.37,7.71,43300,43300,333843,14721.999999999995,
2022-08-19,16:00:00,000019.XSHE.CS,L,7.37,7.79,43300,43300,337307,18185.999999999996,
2022-08-19,16:00:00,000063.XSHE.CS,L,23.740000000000002,24.68,20100,20100,496068,18893.999999999953,
2022-08-22,16:00:00,000063.XSHE.CS,L,23.740000000000002,24.86,20100,20100,499686,22511.99999999995,
2022-08-22,16:00:00,000019.XSHE.CS,L,7.37,7.98,43300,43300,345534,26413.000000000015,
2022-08-23,16:00:00,000019.XSHE.CS,L,7.37,8.03,43300,43300,347699,28577.999999999967,
2022-08-23,16:00:00,000063.XSHE.CS,L,23.740000000000002,24.54,20100,20100,493254,16079.999999999944,
2022-08-24,16:00:00,000019.XSHE.CS,L,7.37,8.1,43300,43300,350730,31608.99999999998,
2022-08-24,16:00:00,000063.XSHE.CS,L,23.740000000000002,23.91,20100,20100,480591,3416.9999999999627,
2022-08-25,16:00:00,000019.XSHE.CS,L,7.37,8.13,43300,43300,352029.00000000006,32908.00000000003,
2022-08-25,16:00:00,000063.XSHE.CS,L,23.740000000000002,24.16,20100,20100,485616,8441.999999999964,
2022-08-26,16:00:00,000019.XSHE.CS,L,7.37,8.03,43300,43300,347699,28577.999999999967,
2022-08-26,16:00:00,000063.XSHE.CS,L,23.740000000000002,24.53,20100,20100,493053,15878.999999999984,
2022-08-29,16:00:00,000019.XSHE.CS,L,7.37,8.09,43300,43300,350297,31175.99999999999,
2022-08-29,16:00:00,000063.XSHE.CS,L,23.740000000000002,24.08,20100,20100,484007.99999999994,6833.999999999925,
2022-08-30,16:00:00,000019.XSHE.CS,L,7.37,8.04,43300,43300,348131.99999999994,29010.99999999996,
2022-08-30,16:00:00,000063.XSHE.CS,L,23.740000000000002,24.5,20100,20100,492450,15275.99999999996,
2022-08-31,16:00:00,000019.XSHE.CS,L,7.37,7.86,43300,43300,340338,21217.00000000001,
2022-08-31,16:00:00,000063.XSHE.CS,L,23.740000000000002,24.5,20100,20100,492450,15275.99999999996,
2022-09-01,16:00:00,000019.XSHE.CS,L,7.37,8,43300,43300,346400,27278.999999999996,
2022-09-01,16:00:00,000063.XSHE.CS,L,23.740000000000002,24.03,20100,20100,483003,5828.999999999983,
2022-09-02,16:00:00,000019.XSHE.CS,L,7.37,8.06,43300,43300,348998,29877.00000000002,
2022-09-02,16:00:00,000063.XSHE.CS,L,23.740000000000002,24.27,20100,20100,487827,10652.99999999995,
2022-09-05,16:00:00,000019.XSHE.CS,L,7.37,8.03,43300,43300,347699,28577.999999999967,
2022-09-05,16:00:00,000063.XSHE.CS,L,23.740000000000002,24.03,20100,20100,483003,5828.999999999983,
2022-09-06,16:00:00,000019.XSHE.CS,L,7.37,8.13,43300,43300,352029.00000000006,32908.00000000003,
2022-09-06,16:00:00,000063.XSHE.CS,L,23.740000000000002,24.61,20100,20100,494661,17486.99999999995,
2022-09-07,16:00:00,000019.XSHE.CS,L,7.37,7.97,43300,43300,345101,25979.999999999985,
2022-09-07,16:00:00,000063.XSHE.CS,L,23.740000000000002,24.58,20100,20100,494057.99999999994,16883.999999999927,
2022-09-08,16:00:00,000063.XSHE.CS,L,23.740000000000002,24.39,20100,20100,490239,13064.99999999997,
2022-09-08,16:00:00,000019.XSHE.CS,L,7.37,7.7,43300,43300,333410,14289.000000000004,
2022-09-09,16:00:00,000019.XSHE.CS,L,7.37,7.64,43300,43300,330812,11690.999999999982,
2022-09-09,16:00:00,000063.XSHE.CS,L,23.740000000000002,24.76,20100,20100,497676.00000000006,20501.999999999993,
2022-09-13,16:00:00,000019.XSHE.CS,L,7.37,7.84,43300,43300,339472,20350.99999999999,
2022-09-13,16:00:00,000063.XSHE.CS,L,23.740000000000002,25.02,20100,20100,502902,25727.999999999953,
2022-09-14,16:00:00,000019.XSHE.CS,L,7.37,7.67,43300,43300,332111,12989.999999999993,
2022-09-14,16:00:00,000063.XSHE.CS,L,23.740000000000002,25.08,20100,20100,504107.99999999994,26933.999999999927,
2022-09-15,16:00:00,000019.XSHE.CS,L,7.37,7.46,43300,43300,323018,3896.9999999999936,
2022-09-15,16:00:00,000063.XSHE.CS,L,23.740000000000002,24.67,20100,20100,495867.00000000006,18692.999999999993,
2022-09-16,16:00:00,000063.XSHE.CS,L,23.740000000000002,24.56,20100,20100,493656,16481.999999999935,
2022-09-16,16:00:00,000019.XSHE.CS,L,7.37,7.22,43300,43300,312626,-6495.0000000000155,
2022-09-19,16:00:00,000019.XSHE.CS,L,7.37,7.17,43300,43300,310461,-8660.000000000007,
2022-09-19,16:00:00,000063.XSHE.CS,L,23.740000000000002,23.27,20100,20100,467727,-9447.00000000005,
2022-09-20,16:00:00,000019.XSHE.CS,L,7.37,7.22,43300,43300,312626,-6495.0000000000155,
2022-09-20,16:00:00,000063.XSHE.CS,L,23.740000000000002,23.11,20100,20100,464511,-12663.000000000051,
2022-09-21,16:00:00,000019.XSHE.CS,L,7.37,7.29,43300,43300,315657,-3464.000000000003,
2022-09-21,16:00:00,000063.XSHE.CS,L,23.740000000000002,23.06,20100,20100,463506,-13668.000000000065,
2022-09-22,16:00:00,000019.XSHE.CS,L,7.37,7.27,43300,43300,314791,-4330.000000000023,
2022-09-22,16:00:00,000063.XSHE.CS,L,23.740000000000002,22.56,20100,20100,453456,-23718.000000000065,
2022-09-23,16:00:00,000019.XSHE.CS,L,7.37,7.16,43300,43300,310028,-9092.999999999998,
2022-09-23,16:00:00,000063.XSHE.CS,L,23.740000000000002,22.33,20100,20100,448832.99999999994,-28341.000000000073,
2022-09-26,16:00:00,000019.XSHE.CS,L,7.37,6.86,43300,43300,297038,-22082.99999999999,
2022-09-26,16:00:00,000063.XSHE.CS,L,23.740000000000002,21.72,20100,20100,436572,-40602.000000000065,
2022-09-27,16:00:00,000063.XSHE.CS,L,23.740000000000002,22.04,20100,20100,443004,-34170.00000000006,
2022-09-27,16:00:00,000019.XSHE.CS,L,7.37,7.03,43300,43300,304399,-14721.999999999995,
2022-09-28,16:00:00,000019.XSHE.CS,L,7.37,6.89,43300,43300,298337,-20784.00000000002,
2022-09-28,16:00:00,000063.XSHE.CS,L,23.740000000000002,21.51,20100,20100,432351.00000000006,-44823.00000000001,
2022-09-29,16:00:00,000019.XSHE.CS,L,7.37,6.83,43300,43300,295739,-23382,
2022-09-29,16:00:00,000063.XSHE.CS,L,23.740000000000002,21.24,20100,20100,426923.99999999994,-50250.00000000007,
2022-09-30,16:00:00,000019.XSHE.CS,L,7.37,6.88,43300,43300,297904,-21217.00000000001,
2022-09-30,16:00:00,000063.XSHE.CS,L,23.740000000000002,21.4,20100,20100,430140,-47034.000000000065,
2022-10-10,16:00:00,000019.XSHE.CS,L,7.37,6.84,43300,43300,296172,-22949.00000000001,
2022-10-10,16:00:00,000063.XSHE.CS,L,23.740000000000002,20.6,20100,20100,414060,-63114.000000000015,
2022-10-11,16:00:00,000019.XSHE.CS,L,7.37,6.91,43300,43300,299203,-19918,
2022-10-11,16:00:00,000063.XSHE.CS,L,23.740000000000002,20.52,20100,20100,412452,-64722.00000000005,
2022-10-12,16:00:00,000019.XSHE.CS,L,7.37,7,43300,43300,303100,-16021.000000000005,
2022-10-12,16:00:00,000063.XSHE.CS,L,23.740000000000002,21.27,20100,20100,427527,-49647.00000000005,
2022-10-13,16:00:00,000019.XSHE.CS,L,7.37,7.07,43300,43300,306131,-12989.999999999993,
2022-10-13,16:00:00,000063.XSHE.CS,L,23.740000000000002,21.31,20100,20100,428331,-48843.000000000065,
2022-10-14,16:00:00,000019.XSHE.CS,L,7.37,7.13,43300,43300,308729,-10392.00000000001,
2022-10-14,16:00:00,000063.XSHE.CS,L,23.740000000000002,21.77,20100,20100,437577,-39597.00000000005,
2022-10-17,16:00:00,000019.XSHE.CS,L,7.37,7.14,43300,43300,309162,-9959.000000000018,
2022-10-17,16:00:00,000063.XSHE.CS,L,23.740000000000002,22.12,20100,20100,444612,-32562.00000000002,
2022-10-18,16:00:00,000019.XSHE.CS,L,7.37,7.13,43300,43300,308729,-10392.00000000001,
2022-10-18,16:00:00,000063.XSHE.CS,L,23.740000000000002,22.13,20100,20100,444813,-32361.00000000006,
2022-10-19,16:00:00,000019.XSHE.CS,L,7.37,7.01,43300,43300,303533,-15588.000000000015,
2022-10-19,16:00:00,000063.XSHE.CS,L,23.740000000000002,21.92,20100,20100,440592.00000000006,-36582.00000000001,
2022-10-20,16:00:00,000019.XSHE.CS,L,7.37,6.98,43300,43300,302234,-16886.999999999985,
2022-10-20,16:00:00,000063.XSHE.CS,L,23.740000000000002,22.04,20100,20100,443004,-34170.00000000006,
2022-10-21,16:00:00,000019.XSHE.CS,L,7.37,6.95,43300,43300,300935,-18185.999999999996,
2022-10-21,16:00:00,000063.XSHE.CS,L,23.740000000000002,22.02,20100,20100,442602,-34572.00000000005,
2022-10-24,16:00:00,000063.XSHE.CS,L,23.740000000000002,21.6,20100,20100,434160,-43014.000000000015,
2022-10-24,16:00:00,000019.XSHE.CS,L,7.37,6.8,43300,43300,294440,-24681.00000000001,
2022-10-25,16:00:00,000019.XSHE.CS,L,7.37,6.69,43300,43300,289677,-29443.99999999999,
2022-10-25,16:00:00,000063.XSHE.CS,L,23.740000000000002,21.55,20100,20100,433155,-44019.00000000003,
2022-10-26,16:00:00,000019.XSHE.CS,L,7.37,6.77,43300,43300,293141,-25980.000000000022,
2022-10-26,16:00:00,000063.XSHE.CS,L,23.740000000000002,22.16,20100,20100,445416,-31758.000000000036,
2022-10-27,16:00:00,000019.XSHE.CS,L,7.37,6.84,43300,43300,296172,-22949.00000000001,
2022-10-27,16:00:00,000063.XSHE.CS,L,23.740000000000002,22.15,20100,20100,445215,-31959.00000000007,
2022-10-28,16:00:00,000019.XSHE.CS,L,7.37,6.62,43300,43300,286646,-32475,
2022-10-28,16:00:00,000063.XSHE.CS,L,23.740000000000002,21.36,20100,20100,429336,-47838.00000000005,
2022-10-31,16:00:00,000019.XSHE.CS,L,7.37,6.88,43300,43300,297904,-21217.00000000001,
2022-10-31,16:00:00,000063.XSHE.CS,L,23.740000000000002,22.17,20100,20100,445617.00000000006,-31557.000000000007,
2022-11-01,16:00:00,000019.XSHE.CS,L,7.37,6.99,43300,43300,302667,-16453.999999999996,
2022-11-01,16:00:00,000063.XSHE.CS,L,23.740000000000002,22.45,20100,20100,451245,-25929.000000000055,
2022-11-02,16:00:00,000019.XSHE.CS,L,7.37,7.08,43300,43300,306564,-12557.000000000002,
2022-11-02,16:00:00,000063.XSHE.CS,L,23.740000000000002,22.81,20100,20100,458481,-18693.000000000065,
2022-11-03,16:00:00,000019.XSHE.CS,L,7.37,7.53,43300,43300,326049,6928.000000000006,
2022-11-03,16:00:00,000063.XSHE.CS,L,23.740000000000002,22.3,20100,20100,448230,-28944.000000000025,
2022-11-04,16:00:00,000019.XSHE.CS,L,7.37,7.46,43300,43300,323018,3896.9999999999936,
2022-11-04,16:00:00,000063.XSHE.CS,L,23.740000000000002,23.2,20100,20100,466320,-10854.000000000055,
2022-11-07,16:00:00,000019.XSHE.CS,L,7.37,7.48,43300,43300,323884,4763.000000000014,
2022-11-07,16:00:00,000063.XSHE.CS,L,23.740000000000002,23.69,20100,20100,476169,-1005.0000000000143,
2022-11-08,16:00:00,000019.XSHE.CS,L,7.37,7.51,43300,43300,325183,6061.999999999986,
2022-11-08,16:00:00,000063.XSHE.CS,L,23.740000000000002,23.45,20100,20100,471345,-5829.000000000055,
2022-11-09,16:00:00,000019.XSHE.CS,L,7.37,7.69,43300,43300,332977,13856.000000000013,
2022-11-09,16:00:00,000063.XSHE.CS,L,23.740000000000002,22.95,20100,20100,461295,-15879.000000000055,
2022-11-10,16:00:00,000019.XSHE.CS,L,7.37,7.58,43300,43300,328214,9092.999999999998,
2022-11-10,16:00:00,000063.XSHE.CS,L,23.740000000000002,22.89,20100,20100,460089,-17085.00000000003,
2022-11-11,16:00:00,000019.XSHE.CS,L,7.37,7.58,43300,43300,328214,9092.999999999998,
2022-11-11,16:00:00,000063.XSHE.CS,L,23.740000000000002,23.83,20100,20100,478982.99999999994,1808.9999999999256,
2022-11-14,16:00:00,000019.XSHE.CS,L,7.37,7.49,43300,43300,324317,5196.000000000005,
2022-11-14,16:00:00,000063.XSHE.CS,L,23.740000000000002,24.12,20100,20100,484812,7637.99999999998,
2022-11-15,16:00:00,000063.XSHE.CS,L,23.740000000000002,24.33,20100,20100,489032.99999999994,11858.999999999925,
2022-11-15,16:00:00,000019.XSHE.CS,L,7.37,7.51,43300,43300,325183,6061.999999999986,
2022-11-16,16:00:00,000019.XSHE.CS,L,7.37,7.49,43300,43300,324317,5196.000000000005,
2022-11-16,16:00:00,000063.XSHE.CS,L,23.740000000000002,24.2,20100,20100,486420,9245.999999999945,
2022-11-17,16:00:00,000019.XSHE.CS,L,7.37,7.5,43300,43300,324750,5628.999999999995,
2022-11-17,16:00:00,000063.XSHE.CS,L,23.740000000000002,24.54,20100,20100,493254,16079.999999999944,
2022-11-18,16:00:00,000019.XSHE.CS,L,7.37,7.38,43300,43300,319554,432.9999999999908,
2022-11-18,16:00:00,000063.XSHE.CS,L,23.740000000000002,25.12,20100,20100,504912,27737.99999999998,
2022-11-21,16:00:00,000019.XSHE.CS,L,7.37,7.42,43300,43300,321286,2164.9999999999923,
2022-11-21,16:00:00,000063.XSHE.CS,L,23.740000000000002,25.06,20100,20100,503706,26531.999999999935,
2022-11-22,16:00:00,000063.XSHE.CS,L,23.740000000000002,25.01,20100,20100,502701.00000000006,25526.999999999993,
2022-11-22,16:00:00,000019.XSHE.CS,L,7.37,7.32,43300,43300,316956,-2164.9999999999923,
2022-11-23,16:00:00,000019.XSHE.CS,L,7.37,7.36,43300,43300,318688,-432.9999999999908,
2022-11-23,16:00:00,000063.XSHE.CS,L,23.740000000000002,24.52,20100,20100,492852,15677.99999999995,
2022-11-24,16:00:00,000019.XSHE.CS,L,7.37,7.3,43300,43300,316090,-3031.0000000000123,
2022-11-24,16:00:00,000063.XSHE.CS,L,23.740000000000002,24.24,20100,20100,487223.99999999994,10049.999999999929,
2022-11-25,16:00:00,000019.XSHE.CS,L,7.37,7.35,43300,43300,318255,-866.00000000002,
2022-11-25,16:00:00,000063.XSHE.CS,L,23.740000000000002,24.4,20100,20100,490440,13265.99999999993,
2022-11-28,16:00:00,000019.XSHE.CS,L,7.37,7.51,43300,43300,325183,6061.999999999986,
2022-11-28,16:00:00,000063.XSHE.CS,L,23.740000000000002,23.94,20100,20100,481194,4019.999999999986,
2022-11-29,16:00:00,000019.XSHE.CS,L,7.37,7.55,43300,43300,326915,7793.999999999987,
2022-11-29,16:00:00,000063.XSHE.CS,L,23.740000000000002,24.59,20100,20100,494259,17084.999999999956,
2022-11-30,16:00:00,000019.XSHE.CS,L,7.37,7.59,43300,43300,328647,9525.999999999989,
2022-11-30,16:00:00,000063.XSHE.CS,L,23.740000000000002,24.5,20100,20100,492450,15275.99999999996,
2022-12-01,16:00:00,000019.XSHE.CS,L,7.37,7.85,43300,43300,339905,20783.99999999998,
2022-12-01,16:00:00,000063.XSHE.CS,L,23.740000000000002,25.2,20100,20100,506520,29345.999999999945,
2022-12-02,16:00:00,000019.XSHE.CS,L,7.37,7.78,43300,43300,336874,17753.000000000007,
2022-12-02,16:00:00,000063.XSHE.CS,L,23.740000000000002,25.05,20100,20100,503505,26330.999999999975,
2022-12-05,16:00:00,000019.XSHE.CS,L,7.37,7.92,43300,43300,342936,23814.999999999993,
2022-12-05,16:00:00,000063.XSHE.CS,L,23.740000000000002,26.76,20100,20100,537876,60701.99999999999,
2022-12-06,16:00:00,000019.XSHE.CS,L,7.37,8.03,43300,43300,347699,28577.999999999967,
2022-12-06,16:00:00,000063.XSHE.CS,L,23.740000000000002,26.92,20100,20100,541092,63917.99999999999,
2022-12-07,16:00:00,000019.XSHE.CS,L,7.37,8.1,43300,43300,350730,31608.99999999998,
2022-12-07,16:00:00,000063.XSHE.CS,L,23.740000000000002,26.6,20100,20100,534660,57485.999999999985,
2022-12-08,16:00:00,000019.XSHE.CS,L,7.37,7.83,43300,43300,339039,19918,
2022-12-08,16:00:00,000063.XSHE.CS,L,23.740000000000002,26.66,20100,20100,535866,58691.99999999996,
2022-12-09,16:00:00,000019.XSHE.CS,L,7.37,7.79,43300,43300,337307,18185.999999999996,
2022-12-09,16:00:00,000063.XSHE.CS,L,23.740000000000002,26.51,20100,20100,532851,55676.99999999999,
2022-12-12,16:00:00,000019.XSHE.CS,L,7.37,7.74,43300,43300,335142,16021.000000000005,
2022-12-12,16:00:00,000063.XSHE.CS,L,23.740000000000002,26.59,20100,20100,534459,57284.999999999956,
2022-12-13,16:00:00,000019.XSHE.CS,L,7.37,7.9,43300,43300,342070,22949.00000000001,
2022-12-13,16:00:00,000063.XSHE.CS,L,23.740000000000002,26.35,20100,20100,529635,52460.999999999985,
2022-12-14,16:00:00,000019.XSHE.CS,L,7.37,7.87,43300,43300,340771,21650,
2022-12-14,16:00:00,000063.XSHE.CS,L,23.740000000000002,26.62,20100,20100,535062,57887.99999999998,
2022-12-15,16:00:00,000019.XSHE.CS,L,7.37,7.81,43300,43300,338173,19051.999999999978,
2022-12-15,16:00:00,000063.XSHE.CS,L,23.740000000000002,26.55,20100,20100,533655,56480.99999999997,
2022-12-16,16:00:00,000019.XSHE.CS,L,7.37,7.92,43300,43300,342936,23814.999999999993,
2022-12-16,16:00:00,000063.XSHE.CS,L,23.740000000000002,26.34,20100,20100,529434,52259.999999999956,
2022-12-19,16:00:00,000019.XSHE.CS,L,7.37,7.65,43300,43300,331245,12124.000000000011,
2022-12-19,16:00:00,000063.XSHE.CS,L,23.740000000000002,25.83,20100,20100,519182.99999999994,42008.99999999993,
2022-12-20,16:00:00,000019.XSHE.CS,L,7.37,7.51,43300,43300,325183,6061.999999999986,
2022-12-20,16:00:00,000063.XSHE.CS,L,23.740000000000002,25.39,20100,20100,510339,33164.99999999997,
2022-12-21,16:00:00,000019.XSHE.CS,L,7.37,7.6,43300,43300,329080,9958.99999999998,
2022-12-21,16:00:00,000063.XSHE.CS,L,23.740000000000002,25.14,20100,20100,505314,28139.99999999997,
2022-12-22,16:00:00,000019.XSHE.CS,L,7.37,7.53,43300,43300,326049,6928.000000000006,
2022-12-22,16:00:00,000063.XSHE.CS,L,23.740000000000002,24.98,20100,20100,502098,24923.999999999967,
2022-12-23,16:00:00,000019.XSHE.CS,L,7.37,7.56,43300,43300,327348,8226.999999999978,
2022-12-23,16:00:00,000063.XSHE.CS,L,23.740000000000002,25.15,20100,20100,505515,28340.99999999993,
2022-12-26,16:00:00,000063.XSHE.CS,L,23.740000000000002,25.07,20100,20100,503907,26732.999999999967,
2022-12-26,16:00:00,000019.XSHE.CS,L,7.37,7.6,43300,43300,329080,9958.99999999998,
2022-12-27,16:00:00,000063.XSHE.CS,L,23.740000000000002,25.72,20100,20100,516972,39797.999999999935,
2022-12-27,16:00:00,000019.XSHE.CS,L,7.37,7.74,43300,43300,335142,16021.000000000005,
2022-12-28,16:00:00,000019.XSHE.CS,L,7.37,7.55,43300,43300,326915,7793.999999999987,
2022-12-28,16:00:00,000063.XSHE.CS,L,23.740000000000002,25.18,20100,20100,506118,28943.999999999953,
2022-12-29,16:00:00,000019.XSHE.CS,L,7.37,7.38,43300,43300,319554,432.9999999999908,
2022-12-29,16:00:00,000063.XSHE.CS,L,23.740000000000002,25.55,20100,20100,513555,36380.99999999997,
2022-12-30,16:00:00,000019.XSHE.CS,L,7.37,7.51,43300,43300,325183,6061.999999999986,
2022-12-30,16:00:00,000063.XSHE.CS,L,23.740000000000002,25.86,20100,20100,519786,42611.99999999995,
2023-01-03,16:00:00,000063.XSHE.CS,L,23.740000000000002,25.93,20100,20100,521193,44018.999999999956,
2023-01-03,16:00:00,000019.XSHE.CS,L,7.37,7.44,43300,43300,322152,3031.0000000000123,
2023-01-04,16:00:00,000019.XSHE.CS,L,7.37,7.47,43300,43300,323451,4329.9999999999845,
2023-01-04,16:00:00,000063.XSHE.CS,L,23.740000000000002,26.440001,20100,20100,531444.0201,54270.020099999936,
2023-01-05,16:00:00,000019.XSHE.CS,L,7.37,7.4,43300,43300,320420,1299.0000000000107,
2023-01-05,16:00:00,000063.XSHE.CS,L,23.740000000000002,26.440001,20100,20100,531444.0201,54270.020099999936,
2023-01-06,16:00:00,000019.XSHE.CS,L,7.37,7.41,43300,43300,320853,1732.0000000000016,
2023-01-06,16:00:00,000063.XSHE.CS,L,23.740000000000002,26,20100,20100,522600,45425.99999999996,
2023-01-09,16:00:00,000019.XSHE.CS,L,7.37,7.47,43300,43300,323451,4329.9999999999845,
2023-01-09,16:00:00,000063.XSHE.CS,L,23.740000000000002,25.639999,20100,20100,515363.9799,38189.97989999995,
2023-01-10,16:00:00,000019.XSHE.CS,L,7.37,7.41,43300,43300,320853,1732.0000000000016,
2023-01-10,16:00:00,000063.XSHE.CS,L,23.740000000000002,25.49,20100,20100,512348.99999999994,35174.99999999993,
2023-01-11,16:00:00,000019.XSHE.CS,L,7.37,7.3,43300,43300,316090,-3031.0000000000123,
2023-01-11,16:00:00,000063.XSHE.CS,L,23.740000000000002,26.290001,20100,20100,528429.0201,51255.020099999965,
2023-01-12,16:00:00,000063.XSHE.CS,L,23.740000000000002,26.6,20100,20100,534660,57485.999999999985,
2023-01-12,16:00:00,000019.XSHE.CS,L,7.37,7.27,43300,43300,314791,-4330.000000000023,
2023-01-13,16:00:00,000019.XSHE.CS,L,7.37,7.34,43300,43300,317822,-1299.0000000000107,
2023-01-13,16:00:00,000063.XSHE.CS,L,23.740000000000002,26.43,20100,20100,531243,54068.999999999956,
2023-01-16,16:00:00,000019.XSHE.CS,L,7.37,7.56,43300,43300,327348,8226.999999999978,
2023-01-16,16:00:00,000063.XSHE.CS,L,23.740000000000002,26.799999,20100,20100,538679.9799,61505.979899999955,
2023-01-17,16:00:00,000019.XSHE.CS,L,7.37,7.46,43300,43300,323018,3896.9999999999936,
2023-01-17,16:00:00,000063.XSHE.CS,L,23.740000000000002,26.530001,20100,20100,533253.0201,56079.02009999993,
2023-01-18,16:00:00,000063.XSHE.CS,L,23.740000000000002,26.799999,20100,20100,538679.9799,61505.979899999955,
2023-01-18,16:00:00,000019.XSHE.CS,L,7.37,7.62,43300,43300,329946,10825,
2023-01-19,16:00:00,000019.XSHE.CS,L,7.37,7.67,43300,43300,332111,12989.999999999993,
2023-01-19,16:00:00,000063.XSHE.CS,L,23.740000000000002,26.809999,20100,20100,538880.9799,61706.979899999984,
2023-01-20,16:00:00,000019.XSHE.CS,L,7.37,7.66,43300,43300,331678,12557.000000000002,
2023-01-20,16:00:00,000063.XSHE.CS,L,23.740000000000002,27.360001,20100,20100,549936.0201,72762.02009999997,
2023-01-30,16:00:00,000019.XSHE.CS,L,7.37,7.74,43300,43300,335142,16021.000000000005,
2023-01-30,16:00:00,000063.XSHE.CS,L,23.740000000000002,27.01,20100,20100,542901,65726.99999999999,
2023-01-31,16:00:00,000019.XSHE.CS,L,7.37,7.77,43300,43300,336441,17319.999999999978,
2023-01-31,16:00:00,000063.XSHE.CS,L,23.740000000000002,26.639999,20100,20100,535463.9799,58289.97989999995,
2023-02-01,16:00:00,000019.XSHE.CS,L,7.37,7.8,43300,43300,337740,18618.99999999999,
2023-02-01,16:00:00,000063.XSHE.CS,L,23.740000000000002,26.98,20100,20100,542298,65123.99999999997,
2023-02-02,16:00:00,000019.XSHE.CS,L,7.37,7.89,43300,43300,341637,22515.99999999998,
2023-02-02,16:00:00,000063.XSHE.CS,L,23.740000000000002,26.950001,20100,20100,541695.0201,64521.020099999965,
2023-02-03,16:00:00,000019.XSHE.CS,L,7.37,7.83,43300,43300,339039,19918,
2023-02-03,16:00:00,000063.XSHE.CS,L,23.740000000000002,27.110001,20100,20100,544911.0201,67737.02009999997,
2023-02-06,16:00:00,000019.XSHE.CS,L,7.37,7.79,43300,43300,337307,18185.999999999996,
2023-02-06,16:00:00,000063.XSHE.CS,L,23.740000000000002,26.83,20100,20100,539283,62108.99999999993,
2023-02-07,16:00:00,000019.XSHE.CS,L,7.37,7.82,43300,43300,338606,19485.000000000007,
2023-02-07,16:00:00,000063.XSHE.CS,L,23.740000000000002,27.17,20100,20100,546117,68943,
2023-02-08,16:00:00,000063.XSHE.CS,L,23.740000000000002,26.75,20100,20100,537675,60500.99999999996,
2023-02-08,16:00:00,000019.XSHE.CS,L,7.37,7.69,43300,43300,332977,13856.000000000013,
2023-02-09,16:00:00,000019.XSHE.CS,L,7.37,7.77,43300,43300,336441,17319.999999999978,
2023-02-09,16:00:00,000063.XSHE.CS,L,23.740000000000002,27.83,20100,20100,559383,82208.99999999993,
2023-02-10,16:00:00,000019.XSHE.CS,L,7.37,7.94,43300,43300,343802,24681.00000000001,
2023-02-10,16:00:00,000063.XSHE.CS,L,23.740000000000002,28.200001,20100,20100,566820.0201,89646.02009999997,
2023-02-13,16:00:00,000019.XSHE.CS,L,7.37,7.95,43300,43300,344235,25114.000000000004,
2023-02-13,16:00:00,000063.XSHE.CS,L,23.740000000000002,28.16,20100,20100,566016,88841.99999999996,
2023-02-14,16:00:00,000063.XSHE.CS,L,23.740000000000002,28.280001,20100,20100,568428.0201,91254.02009999994,
2023-02-14,16:00:00,000019.XSHE.CS,L,7.37,7.85,43300,43300,339905,20783.99999999998,
2023-02-15,16:00:00,000019.XSHE.CS,L,7.37,7.76,43300,43300,336008,16886.999999999985,
2023-02-15,16:00:00,000063.XSHE.CS,L,23.740000000000002,29.1,20100,20100,584910,107735.99999999999,
2023-02-16,16:00:00,000019.XSHE.CS,L,7.37,7.62,43300,43300,329946,10825,
2023-02-16,16:00:00,000063.XSHE.CS,L,23.740000000000002,29.860001,20100,20100,600186.0201,123012.02009999997,
2023-02-17,16:00:00,000019.XSHE.CS,L,7.37,7.75,43300,43300,335575,16453.999999999996,
2023-02-17,16:00:00,000063.XSHE.CS,L,23.740000000000002,27.969999,20100,20100,562196.9799,85022.97989999999,
2023-02-20,16:00:00,000019.XSHE.CS,L,7.37,7.83,43300,43300,339039,19918,
2023-02-20,16:00:00,000063.XSHE.CS,L,23.740000000000002,29.57,20100,20100,594357,117182.99999999997,
2023-02-21,16:00:00,000019.XSHE.CS,L,7.37,7.84,43300,43300,339472,20350.99999999999,
2023-02-21,16:00:00,000063.XSHE.CS,L,23.740000000000002,30.16,20100,20100,606216,129041.99999999996,
2023-02-22,16:00:00,000063.XSHE.CS,L,23.740000000000002,30.639999,20100,20100,615863.9799,138689.97989999995,
2023-02-22,16:00:00,000019.XSHE.CS,L,7.37,8,43300,43300,346400,27278.999999999996,
2023-02-23,16:00:00,000019.XSHE.CS,L,7.37,8.8,43300,43300,381040.00000000006,61919.00000000003,
2023-02-23,16:00:00,000063.XSHE.CS,L,23.740000000000002,29.780001,20100,20100,598578.0201,121404.02009999994,
2023-02-24,16:00:00,000019.XSHE.CS,L,7.37,8.37,43300,43300,362420.99999999994,43299.99999999996,
2023-02-24,16:00:00,000063.XSHE.CS,L,23.740000000000002,30.1,20100,20100,605010,127835.99999999999,
2023-02-27,16:00:00,000019.XSHE.CS,L,7.37,8.23,43300,43300,356359,37238.000000000015,
2023-02-27,16:00:00,000063.XSHE.CS,L,23.740000000000002,31.290001,20100,20100,628929.0201,151755.02009999997,
2023-02-28,16:00:00,000019.XSHE.CS,L,7.37,8.29,43300,43300,358956.99999999994,39835.999999999956,
2023-02-28,16:00:00,000063.XSHE.CS,L,23.740000000000002,32.240002,20100,20100,648024.0401999999,170850.0401999999,
2023-03-01,16:00:00,000019.XSHE.CS,L,7.37,8.29,43300,43300,358956.99999999994,39835.999999999956,
2023-03-01,16:00:00,000063.XSHE.CS,L,23.740000000000002,32.91,20100,20100,661490.9999999999,184316.99999999988,
2023-03-02,16:00:00,000019.XSHE.CS,L,7.37,8.22,43300,43300,355926,36805.00000000002,
2023-03-02,16:00:00,000063.XSHE.CS,L,23.740000000000002,32.59,20100,20100,655059.0000000001,177885.00000000003,
2023-03-03,16:00:00,000019.XSHE.CS,L,7.37,8.31,43300,43300,359823,40702.000000000015,
2023-03-03,16:00:00,000063.XSHE.CS,L,23.740000000000002,31.98,20100,20100,642798,165623.99999999997,
2023-03-06,16:00:00,000019.XSHE.CS,L,7.37,8.46,43300,43300,366318.00000000006,47197.00000000003,
2023-03-06,16:00:00,000063.XSHE.CS,L,23.740000000000002,32.759998,20100,20100,658475.9598000001,181301.9598,
2023-03-07,16:00:00,000063.XSHE.CS,L,23.740000000000002,31.15,20100,20100,626115,148940.99999999994,
2023-03-07,16:00:00,000019.XSHE.CS,L,7.37,8.16,43300,43300,353328,34207,
2023-03-08,16:00:00,000019.XSHE.CS,L,7.37,8.18,43300,43300,354194,35072.999999999985,
2023-03-08,16:00:00,000063.XSHE.CS,L,23.740000000000002,31.4,20100,20100,631140,153965.99999999994,
2023-03-09,16:00:00,000019.XSHE.CS,L,7.37,8.04,43300,43300,348131.99999999994,29010.99999999996,
2023-03-09,16:00:00,000063.XSHE.CS,L,23.740000000000002,32.59,20100,20100,655059.0000000001,177885.00000000003,
2023-03-10,16:00:00,000019.XSHE.CS,L,7.37,7.95,43300,43300,344235,25114.000000000004,
2023-03-10,16:00:00,000063.XSHE.CS,L,23.740000000000002,32.290001,20100,20100,649029.0201,171855.02009999988,
2023-03-13,16:00:00,000019.XSHE.CS,L,7.37,8.02,43300,43300,347266,28144.999999999978,
2023-03-13,16:00:00,000063.XSHE.CS,L,23.740000000000002,34.009998,20100,20100,683600.9598000001,206426.9598,
2023-03-14,16:00:00,000019.XSHE.CS,L,7.37,7.9,43300,43300,342070,22949.00000000001,
2023-03-14,16:00:00,000063.XSHE.CS,L,23.740000000000002,33.73,20100,20100,677972.9999999999,200798.99999999988,
2023-03-15,16:00:00,000019.XSHE.CS,L,7.37,7.97,43300,43300,345101,25979.999999999985,
2023-03-15,16:00:00,000063.XSHE.CS,L,23.740000000000002,33.009998,20100,20100,663500.9598000001,186326.9598,
2023-03-16,16:00:00,000019.XSHE.CS,L,7.37,7.91,43300,43300,342503,23382,
2023-03-16,16:00:00,000063.XSHE.CS,L,23.740000000000002,32.419998,20100,20100,651641.9598,174467.95979999995,
2023-03-17,16:00:00,000019.XSHE.CS,L,7.37,8,43300,43300,346400,27278.999999999996,
2023-03-17,16:00:00,000063.XSHE.CS,L,23.740000000000002,34.68,20100,20100,697068,219893.99999999994,
2023-03-20,16:00:00,000019.XSHE.CS,L,7.37,7.87,43300,43300,340771,21650,
2023-03-20,16:00:00,000063.XSHE.CS,L,23.740000000000002,33.700001,20100,20100,677370.0201,200196.02009999997,
2023-03-21,16:00:00,000019.XSHE.CS,L,7.37,7.96,43300,43300,344668,25546.999999999993,
2023-03-21,16:00:00,000063.XSHE.CS,L,23.740000000000002,33.900002,20100,20100,681390.0402,204216.04019999996,
2023-03-22,16:00:00,000063.XSHE.CS,L,23.740000000000002,35.720001,20100,20100,717972.0201000001,240798.02010000002,
2023-03-22,16:00:00,000019.XSHE.CS,L,7.37,7.96,43300,43300,344668,25546.999999999993,
2023-03-23,16:00:00,000019.XSHE.CS,L,7.37,7.91,43300,43300,342503,23382,
2023-03-23,16:00:00,000063.XSHE.CS,L,23.740000000000002,36.599998,20100,20100,735659.9598,258485.95979999995,
2023-03-24,16:00:00,000019.XSHE.CS,L,7.37,7.86,43300,43300,340338,21217.00000000001,
2023-03-24,16:00:00,000063.XSHE.CS,L,23.740000000000002,35.389999,20100,20100,711338.9799,234164.97990000003,
2023-03-27,16:00:00,000019.XSHE.CS,L,7.37,7.77,43300,43300,336441,17319.999999999978,
2023-03-27,16:00:00,000063.XSHE.CS,L,23.740000000000002,34.290001,20100,20100,689229.0201,212055.02009999988,
2023-03-28,16:00:00,000019.XSHE.CS,L,7.37,7.85,43300,43300,339905,20783.99999999998,
2023-03-28,16:00:00,000063.XSHE.CS,L,23.740000000000002,34.799999,20100,20100,699479.9799,222305.97989999995,
2023-03-29,16:00:00,000019.XSHE.CS,L,7.37,7.67,43300,43300,332111,12989.999999999993,
2023-03-29,16:00:00,000063.XSHE.CS,L,23.740000000000002,34.689999,20100,20100,697268.9799,220094.97989999998,
2023-03-30,16:00:00,000019.XSHE.CS,L,7.37,7.69,43300,43300,332977,13856.000000000013,
2023-03-30,16:00:00,000063.XSHE.CS,L,23.740000000000002,31.6,20100,20100,635160,157986,
2023-03-31,16:00:00,000019.XSHE.CS,L,7.37,7.79,43300,43300,337307,18185.999999999996,
2023-03-31,16:00:00,000063.XSHE.CS,L,23.740000000000002,32.560001,20100,20100,654456.0201,177282.02009999997,
2023-04-03,16:00:00,000019.XSHE.CS,L,7.37,7.8,43300,43300,337740,18618.99999999999,
2023-04-03,16:00:00,000063.XSHE.CS,L,23.740000000000002,32.279999,20100,20100,648827.9798999999,171653.9798999999,
2023-04-04,16:00:00,000019.XSHE.CS,L,7.37,7.78,43300,43300,336874,17753.000000000007,
2023-04-04,16:00:00,000063.XSHE.CS,L,23.740000000000002,32.52,20100,20100,653652.0000000001,176478.00000000003,
2023-04-06,16:00:00,000019.XSHE.CS,L,7.37,7.71,43300,43300,333843,14721.999999999995,
2023-04-06,16:00:00,000063.XSHE.CS,L,23.740000000000002,33.639999,20100,20100,676163.9799,198989.97990000003,
2023-04-07,16:00:00,000019.XSHE.CS,L,7.37,7.83,43300,43300,339039,19918,
2023-04-07,16:00:00,000063.XSHE.CS,L,23.740000000000002,37,20100,20100,743700,266525.99999999994,
2023-04-10,16:00:00,000019.XSHE.CS,L,7.37,7.68,43300,43300,332544,13422.999999999984,
2023-04-10,16:00:00,000063.XSHE.CS,L,23.740000000000002,35.599998,20100,20100,715559.9598,238385.95979999995,
2023-04-11,16:00:00,000019.XSHE.CS,L,7.37,7.69,43300,43300,332977,13856.000000000013,
2023-04-11,16:00:00,000063.XSHE.CS,L,23.740000000000002,35.049999,20100,20100,704504.9799,227330.97989999995,
2023-04-12,16:00:00,000019.XSHE.CS,L,7.37,7.67,43300,43300,332111,12989.999999999993,
2023-04-12,16:00:00,000063.XSHE.CS,L,23.740000000000002,36.950001,20100,20100,742695.0201,265521.02009999997,
2023-04-13,16:00:00,000063.XSHE.CS,L,23.740000000000002,34.57,20100,20100,694857,217682.99999999997,
2023-04-13,16:00:00,000019.XSHE.CS,L,7.37,7.56,43300,43300,327348,8226.999999999978,
2023-04-14,16:00:00,000019.XSHE.CS,L,7.37,7.52,43300,43300,325616,6494.999999999977,
2023-04-14,16:00:00,000063.XSHE.CS,L,23.740000000000002,34.400002,20100,20100,691440.0402,214266.04019999996,
2023-04-17,16:00:00,000019.XSHE.CS,L,7.37,7.59,43300,43300,328647,9525.999999999989,
2023-04-17,16:00:00,000063.XSHE.CS,L,23.740000000000002,33.68,20100,20100,676968,199793.99999999994,
2023-04-18,16:00:00,000019.XSHE.CS,L,7.37,7.6,43300,43300,329080,9958.99999999998,
2023-04-18,16:00:00,000063.XSHE.CS,L,23.740000000000002,34.82,20100,20100,699882,222707.99999999997,
2023-04-19,16:00:00,000019.XSHE.CS,L,7.37,7.61,43300,43300,329513,10392.00000000001,
2023-04-19,16:00:00,000063.XSHE.CS,L,23.740000000000002,35.349998,20100,20100,710534.9598,233360.95979999995,
2023-04-20,16:00:00,000019.XSHE.CS,L,7.37,7.63,43300,43300,330379,11257.99999999999,
2023-04-20,16:00:00,000063.XSHE.CS,L,23.740000000000002,37.299999,20100,20100,749729.9799,272555.9799,
2023-04-21,16:00:00,000019.XSHE.CS,L,7.37,7.75,43300,43300,335575,16453.999999999996,
2023-04-21,16:00:00,000063.XSHE.CS,L,23.740000000000002,36.57,20100,20100,735057,257882.99999999997,
2023-04-24,16:00:00,000019.XSHE.CS,L,7.37,7.65,43300,43300,331245,12124.000000000011,
2023-04-24,16:00:00,000063.XSHE.CS,L,23.740000000000002,38.029999,20100,20100,764402.9798999999,287228.9798999999,
2023-04-25,16:00:00,000063.XSHE.CS,L,23.740000000000002,36.889999,20100,20100,741488.9799,264314.97990000003,
2023-04-25,16:00:00,000019.XSHE.CS,L,7.37,7.44,43300,43300,322152,3031.0000000000123,
2023-04-26,16:00:00,000019.XSHE.CS,L,7.37,7.52,43300,43300,325616,6494.999999999977,
2023-04-26,16:00:00,000063.XSHE.CS,L,23.740000000000002,35.259998,20100,20100,708725.9598000001,231551.9598,
2023-04-27,16:00:00,000019.XSHE.CS,L,7.37,7.44,43300,43300,322152,3031.0000000000123,
2023-04-27,16:00:00,000063.XSHE.CS,L,23.740000000000002,34.669998,20100,20100,696866.9598,219692.95979999995,
2023-04-28,16:00:00,000019.XSHE.CS,L,7.37,7.59,43300,43300,328647,9525.999999999989,
2023-04-28,16:00:00,000063.XSHE.CS,L,23.740000000000002,35.619999,20100,20100,715961.9799,238787.97989999995,
2023-05-04,16:00:00,600106.XSHG.CS,L,5.01,5,219000,219000,1095000,-2189.999999999953,
2023-05-05,16:00:00,600106.XSHG.CS,L,5.01,4.87,219000,219000,1066530,-30659.99999999993,
2023-05-08,16:00:00,600106.XSHG.CS,L,5.01,4.8,219000,219000,1051200,-45989.99999999999,
2023-05-09,16:00:00,600106.XSHG.CS,L,5.01,4.72,219000,219000,1033680,-63510.00000000001,
2023-05-10,16:00:00,600106.XSHG.CS,L,5.01,4.74,219000,219000,1038060,-59129.999999999905,
2023-05-11,16:00:00,600106.XSHG.CS,L,5.01,4.75,219000,219000,1040250,-56939.999999999956,
2023-05-12,16:00:00,600106.XSHG.CS,L,5.01,4.69,219000,219000,1027110.0000000001,-70079.99999999987,
2023-05-15,16:00:00,600106.XSHG.CS,L,5.01,4.71,219000,219000,1031490,-65699.99999999996,
2023-05-16,16:00:00,600106.XSHG.CS,L,5.01,4.65,219000,219000,1018350.0000000001,-78839.99999999987,
2023-05-17,16:00:00,600106.XSHG.CS,L,5.01,4.63,219000,219000,1013970,-83219.99999999997,
2023-05-18,16:00:00,600106.XSHG.CS,L,5.01,4.64,219000,219000,1016159.9999999999,-81030.00000000003,
2023-05-19,16:00:00,600106.XSHG.CS,L,5.01,4.61,219000,219000,1009590.0000000001,-87599.99999999988,
2023-05-22,16:00:00,600106.XSHG.CS,L,5.01,4.59,219000,219000,1005210,-91979.99999999999,
2023-05-23,16:00:00,600106.XSHG.CS,L,5.01,4.56,219000,219000,998639.9999999999,-98550.00000000004,
2023-05-24,16:00:00,600106.XSHG.CS,L,5.01,4.54,219000,219000,994260,-102929.99999999994,
2023-05-25,16:00:00,600106.XSHG.CS,L,5.01,4.61,219000,219000,1009590.0000000001,-87599.99999999988,
2023-05-26,16:00:00,600106.XSHG.CS,L,5.01,4.55,219000,219000,996450,-100739.99999999999,
2023-05-29,16:00:00,600106.XSHG.CS,L,5.01,4.52,219000,219000,989879.9999999999,-107310.00000000004,
2023-05-30,16:00:00,600106.XSHG.CS,L,5.01,4.48,219000,219000,981120.0000000001,-116069.99999999985,
2023-05-31,16:00:00,600106.XSHG.CS,L,5.01,4.42,219000,219000,967980,-129209.99999999997,
2023-06-01,16:00:00,600106.XSHG.CS,L,5.01,4.44,219000,219000,972360.0000000001,-124829.99999999987,
2023-06-02,16:00:00,600106.XSHG.CS,L,5.01,4.43,219000,219000,970169.9999999999,-127020.00000000001,
2023-06-05,16:00:00,600106.XSHG.CS,L,5.01,4.45,219000,219000,974550,-122639.99999999991,
2023-06-06,16:00:00,600106.XSHG.CS,L,5.01,4.41,219000,219000,965790,-131399.9999999999,
2023-06-07,16:00:00,600106.XSHG.CS,L,5.01,4.6,219000,219000,1007399.9999999999,-89790.00000000003,
2023-06-08,16:00:00,600106.XSHG.CS,L,5.01,4.56,219000,219000,998639.9999999999,-98550.00000000004,
2023-06-09,16:00:00,600106.XSHG.CS,L,5.01,4.54,219000,219000,994260,-102929.99999999994,
2023-06-12,16:00:00,600106.XSHG.CS,L,5.01,4.74,219000,219000,1038060,-59129.999999999905,
2023-06-13,16:00:00,600106.XSHG.CS,L,5.01,4.82,219000,219000,1055580,-41609.99999999989,
2023-06-14,16:00:00,600106.XSHG.CS,L,5.01,4.85,219000,219000,1062150,-35040.00000000003,
2023-06-15,16:00:00,600106.XSHG.CS,L,5.01,4.8,219000,219000,1051200,-45989.99999999999,
2023-06-16,16:00:00,600106.XSHG.CS,L,5.01,4.74,219000,219000,1038060,-59129.999999999905,
2023-06-19,16:00:00,600106.XSHG.CS,L,5.01,4.58,219000,219000,1003020,-94169.99999999994,
2023-06-20,16:00:00,600106.XSHG.CS,L,5.01,4.58,219000,219000,1003020,-94169.99999999994,
2023-06-21,16:00:00,600106.XSHG.CS,L,5.01,4.45,219000,219000,974550,-122639.99999999991,
2023-06-26,16:00:00,600106.XSHG.CS,L,5.01,4.41,219000,219000,965790,-131399.9999999999,
2023-06-27,16:00:00,600106.XSHG.CS,L,5.01,4.48,219000,219000,981120.0000000001,-116069.99999999985,
2023-06-28,16:00:00,600106.XSHG.CS,L,5.01,4.53,219000,219000,992070,-105119.9999999999,
2023-06-29,16:00:00,600106.XSHG.CS,L,5.01,4.62,219000,219000,1011780,-85409.99999999993,
2023-06-30,16:00:00,600106.XSHG.CS,L,5.01,4.64,219000,219000,1016159.9999999999,-81030.00000000003,
2023-07-03,16:00:00,600106.XSHG.CS,L,5.01,4.65,219000,219000,1018350.0000000001,-78839.99999999987,
2023-07-04,16:00:00,600106.XSHG.CS,L,5.01,4.61,219000,219000,1009590.0000000001,-87599.99999999988,
2023-07-05,16:00:00,600106.XSHG.CS,L,5.01,4.67,219000,219000,1022730,-74459.99999999997,
2023-07-06,16:00:00,600106.XSHG.CS,L,4.964,4.604,219000,219000,1008276,-88914.00000000007,
2023-07-07,16:00:00,600106.XSHG.CS,L,5.01,4.61,219000,219000,1009590.0000000001,-87599.99999999988,
2023-07-10,16:00:00,600106.XSHG.CS,L,5.01,4.59,219000,219000,1005210,-91979.99999999999,
2023-07-11,16:00:00,600106.XSHG.CS,L,5.01,4.68,219000,219000,1024919.9999999999,-72270.00000000001,
2023-07-12,16:00:00,600106.XSHG.CS,L,5.01,4.65,219000,219000,1018350.0000000001,-78839.99999999987,
2023-07-13,16:00:00,600106.XSHG.CS,L,5.01,4.93,219000,219000,1079670,-17520.000000000015,
2023-07-14,16:00:00,600106.XSHG.CS,L,5.01,4.95,219000,219000,1084050,-13139.999999999915,
2023-07-17,16:00:00,600106.XSHG.CS,L,5.01,4.88,219000,219000,1068720,-28469.999999999978,
2023-07-18,16:00:00,600106.XSHG.CS,L,5.01,4.9,219000,219000,1073100,-24089.999999999876,
2023-07-19,16:00:00,600106.XSHG.CS,L,5.01,4.94,219000,219000,1081860,-15329.999999999867,
2023-07-20,16:00:00,600106.XSHG.CS,L,5.01,4.88,219000,219000,1068720,-28469.999999999978,
2023-07-21,16:00:00,600106.XSHG.CS,L,5.01,4.89,219000,219000,1070910,-26280.000000000022,
2023-07-24,16:00:00,600106.XSHG.CS,L,5.01,4.95,219000,219000,1084050,-13139.999999999915,
2023-07-25,16:00:00,600106.XSHG.CS,L,5.01,4.96,219000,219000,1086240,-10949.999999999962,
2023-07-26,16:00:00,600106.XSHG.CS,L,5.01,5,219000,219000,1095000,-2189.999999999953,
2023-07-27,16:00:00,600106.XSHG.CS,L,5.01,4.98,219000,219000,1090620,-6569.99999999986,
2023-07-28,16:00:00,600106.XSHG.CS,L,5.01,4.94,219000,219000,1081860,-15329.999999999867,
2023-07-31,16:00:00,600106.XSHG.CS,L,5.01,5,219000,219000,1095000,-2189.999999999953,
2023-08-01,16:00:00,600106.XSHG.CS,L,5.01,4.96,219000,219000,1086240,-10949.999999999962,
2023-08-02,16:00:00,600106.XSHG.CS,L,5.01,4.94,219000,219000,1081860,-15329.999999999867,
2023-08-03,16:00:00,600106.XSHG.CS,L,5.01,4.93,219000,219000,1079670,-17520.000000000015,
2023-08-04,16:00:00,600106.XSHG.CS,L,5.01,4.8,219000,219000,1051200,-45989.99999999999,
2023-08-07,16:00:00,600106.XSHG.CS,L,5.01,4.81,219000,219000,1053390,-43800.00000000004,
2023-08-08,16:00:00,600106.XSHG.CS,L,5.01,4.79,219000,219000,1049010,-48179.99999999995,
2023-08-09,16:00:00,600106.XSHG.CS,L,5.01,4.79,219000,219000,1049010,-48179.99999999995,
2023-08-10,16:00:00,600106.XSHG.CS,L,5.01,4.82,219000,219000,1055580,-41609.99999999989,
2023-08-11,16:00:00,600106.XSHG.CS,L,5.01,4.81,219000,219000,1053390,-43800.00000000004,
2023-08-14,16:00:00,600106.XSHG.CS,L,5.01,4.81,219000,219000,1053390,-43800.00000000004,
2023-08-15,16:00:00,600106.XSHG.CS,L,5.01,4.81,219000,219000,1053390,-43800.00000000004,
2023-08-16,16:00:00,600106.XSHG.CS,L,5.01,4.76,219000,219000,1042440,-54750,
2023-08-17,16:00:00,600106.XSHG.CS,L,5.01,4.85,219000,219000,1062150,-35040.00000000003,
2023-08-18,16:00:00,600106.XSHG.CS,L,5.01,4.83,219000,219000,1057770,-39419.999999999935,
2023-08-21,16:00:00,600106.XSHG.CS,L,5.01,4.76,219000,219000,1042440,-54750,
2023-08-22,16:00:00,600106.XSHG.CS,L,5.01,4.8,219000,219000,1051200,-45989.99999999999,
2023-08-23,16:00:00,600106.XSHG.CS,L,5.01,4.76,219000,219000,1042440,-54750,
2023-08-24,16:00:00,600106.XSHG.CS,L,5.01,4.73,219000,219000,1035870.0000000001,-61319.99999999986,
2023-08-25,16:00:00,600106.XSHG.CS,L,5.01,4.72,219000,219000,1033680,-63510.00000000001,
2023-08-28,16:00:00,600106.XSHG.CS,L,5.01,4.7,219000,219000,1029300,-67889.99999999991,
2023-08-29,16:00:00,600106.XSHG.CS,L,5.01,4.8,219000,219000,1051200,-45989.99999999999,
2023-08-30,16:00:00,600106.XSHG.CS,L,5.01,4.72,219000,219000,1033680,-63510.00000000001,
2023-08-31,16:00:00,600106.XSHG.CS,L,5.01,4.69,219000,219000,1027110.0000000001,-70079.99999999987,
2023-09-01,16:00:00,600106.XSHG.CS,L,5.01,4.75,219000,219000,1040250,-56939.999999999956,
2023-09-04,16:00:00,600106.XSHG.CS,L,5.01,4.8,219000,219000,1051200,-45989.99999999999,
2023-09-05,16:00:00,600106.XSHG.CS,L,5.01,4.75,219000,219000,1040250,-56939.999999999956,
2023-09-06,16:00:00,600106.XSHG.CS,L,5.01,4.74,219000,219000,1038060,-59129.999999999905,
2023-09-07,16:00:00,600106.XSHG.CS,L,5.01,4.69,219000,219000,1027110.0000000001,-70079.99999999987,
2023-09-08,16:00:00,600106.XSHG.CS,L,5.01,4.73,219000,219000,1035870.0000000001,-61319.99999999986,
2023-09-11,16:00:00,600106.XSHG.CS,L,5.01,4.81,219000,219000,1053390,-43800.00000000004,
2023-09-12,16:00:00,600106.XSHG.CS,L,5.01,4.77,219000,219000,1044629.9999999999,-52560.000000000044,
2023-09-13,16:00:00,600106.XSHG.CS,L,5.01,4.73,219000,219000,1035870.0000000001,-61319.99999999986,
2023-09-14,16:00:00,600106.XSHG.CS,L,5.01,4.72,219000,219000,1033680,-63510.00000000001,
2023-09-15,16:00:00,600106.XSHG.CS,L,5.01,4.89,219000,219000,1070910,-26280.000000000022,
2023-09-18,16:00:00,600106.XSHG.CS,L,5.01,4.8,219000,219000,1051200,-45989.99999999999,
2023-09-19,16:00:00,600106.XSHG.CS,L,5.01,4.78,219000,219000,1046820,-50369.9999999999,
2023-09-20,16:00:00,600106.XSHG.CS,L,5.01,4.82,219000,219000,1055580,-41609.99999999989,
2023-09-21,16:00:00,600106.XSHG.CS,L,5.01,4.82,219000,219000,1055580,-41609.99999999989,
2023-09-22,16:00:00,600106.XSHG.CS,L,5.01,4.87,219000,219000,1066530,-30659.99999999993,
2023-09-25,16:00:00,600106.XSHG.CS,L,5.01,4.9,219000,219000,1073100,-24089.999999999876,
2023-09-26,16:00:00,600106.XSHG.CS,L,5.01,4.87,219000,219000,1066530,-30659.99999999993,
2023-09-27,16:00:00,600106.XSHG.CS,L,5.01,4.88,219000,219000,1068720,-28469.999999999978,
2023-09-28,16:00:00,600106.XSHG.CS,L,5.01,4.9,219000,219000,1073100,-24089.999999999876,
2023-10-09,16:00:00,600106.XSHG.CS,L,5.01,4.89,219000,219000,1070910,-26280.000000000022,
2023-10-10,16:00:00,600106.XSHG.CS,L,5.01,4.88,219000,219000,1068720,-28469.999999999978,
2023-10-11,16:00:00,600106.XSHG.CS,L,5.01,4.9,219000,219000,1073100,-24089.999999999876,
2023-10-12,16:00:00,600106.XSHG.CS,L,5.01,4.98,219000,219000,1090620,-6569.99999999986,
2023-10-13,16:00:00,600106.XSHG.CS,L,5.01,5.11,219000,219000,1119090,21900.000000000116,
2023-10-16,16:00:00,600106.XSHG.CS,L,5.01,5.23,219000,219000,1145370,48180.00000000014,
2023-10-17,16:00:00,600106.XSHG.CS,L,5.01,5.15,219000,219000,1127850,30660.000000000124,
2023-10-18,16:00:00,600106.XSHG.CS,L,5.01,4.96,219000,219000,1086240,-10949.999999999962,
2023-10-19,16:00:00,600106.XSHG.CS,L,5.01,5.01,219000,219000,1097190,0,
2023-10-20,16:00:00,600106.XSHG.CS,L,5.01,5.03,219000,219000,1101570,4380.000000000101,
2023-10-23,16:00:00,600106.XSHG.CS,L,5.01,4.85,219000,219000,1062150,-35040.00000000003,
2023-10-24,16:00:00,600106.XSHG.CS,L,5.01,5.05,219000,219000,1105950,8760.000000000007,
2023-10-25,16:00:00,600106.XSHG.CS,L,5.01,5.05,219000,219000,1105950,8760.000000000007,
2023-10-26,16:00:00,600106.XSHG.CS,L,5.01,5.26,219000,219000,1151940,54750,
2023-10-27,16:00:00,600106.XSHG.CS,L,5.01,5.39,219000,219000,1180410,83219.99999999997,
2023-10-30,16:00:00,600106.XSHG.CS,L,5.01,5.28,219000,219000,1156320,59130.0000000001,
2023-10-31,16:00:00,600106.XSHG.CS,L,5.01,5.3,219000,219000,1160700,63510.00000000001,
2023-11-01,16:00:00,600106.XSHG.CS,L,5.01,5.38,219000,219000,1178220,81030.00000000003,
2023-11-02,16:00:00,600106.XSHG.CS,L,5.01,5.29,219000,219000,1158510,61320.00000000005,
2023-11-03,16:00:00,600106.XSHG.CS,L,5.01,5.28,219000,219000,1156320,59130.0000000001,
2023-11-06,16:00:00,600106.XSHG.CS,L,5.01,5.31,219000,219000,1162890,65699.99999999996,
2023-11-07,16:00:00,600106.XSHG.CS,L,5.01,5.28,219000,219000,1156320,59130.0000000001,
2023-11-08,16:00:00,600106.XSHG.CS,L,5.01,5.2,219000,219000,1138800,41610.00000000009,
2023-11-09,16:00:00,600106.XSHG.CS,L,5.01,5.33,219000,219000,1167270,70080.00000000006,
2023-11-10,16:00:00,600106.XSHG.CS,L,5.01,5.66,219000,219000,1239540,142350.0000000001,
2023-11-13,16:00:00,600106.XSHG.CS,L,5.01,6.08,219000,219000,1331520,234330.00000000006,
2023-11-14,16:00:00,600106.XSHG.CS,L,5.01,6.29,219000,219000,1377510,280320.00000000006,
2023-11-15,16:00:00,600106.XSHG.CS,L,5.01,6.14,219000,219000,1344660,247469.99999999997,
2023-11-16,16:00:00,600106.XSHG.CS,L,5.01,5.99,219000,219000,1311810,214620.0000000001,
2023-11-17,16:00:00,600106.XSHG.CS,L,5.01,6.03,219000,219000,1320570,223380.0000000001,
2023-11-20,16:00:00,600106.XSHG.CS,L,5.01,6.11,219000,219000,1338090,240900.00000000012,
2023-11-21,16:00:00,600106.XSHG.CS,L,5.01,6.07,219000,219000,1329330,232140.00000000012,
2023-11-22,16:00:00,600106.XSHG.CS,L,5.01,6.05,219000,219000,1324950,227760,
2023-11-23,16:00:00,600106.XSHG.CS,L,5.01,6.3,219000,219000,1379700,282510,
2023-11-24,16:00:00,600106.XSHG.CS,L,5.01,6.28,219000,219000,1375320,278130.0000000001,
2023-11-27,16:00:00,600106.XSHG.CS,L,5.01,6.23,219000,219000,1364370,267180.0000000001,
2023-11-28,16:00:00,600106.XSHG.CS,L,5.01,6.49,219000,219000,1421310,324120.0000000001,
2023-11-29,16:00:00,600106.XSHG.CS,L,5.01,6.6,219000,219000,1445400,348209.99999999994,
2023-11-30,16:00:00,600106.XSHG.CS,L,5.01,6.6,219000,219000,1445400,348209.99999999994,
2023-12-01,16:00:00,600106.XSHG.CS,L,5.01,6.53,219000,219000,1430070,332880.0000000001,
2023-12-04,16:00:00,600106.XSHG.CS,L,5.01,7.1,219000,219000,1554900,457709.99999999994,
2023-12-05,16:00:00,600106.XSHG.CS,L,5.01,7.05,219000,219000,1543950,446760,
2023-12-06,16:00:00,600106.XSHG.CS,L,5.01,7.53,219000,219000,1649070,551880.0000000001,
2023-12-07,16:00:00,600106.XSHG.CS,L,5.01,6.78,219000,219000,1484820,387630.0000000001,
2023-12-08,16:00:00,600106.XSHG.CS,L,5.01,6.85,219000,219000,1500150,402959.99999999994,
2023-12-11,16:00:00,600106.XSHG.CS,L,5.01,6.81,219000,219000,1491390,394199.99999999994,
2023-12-12,16:00:00,600106.XSHG.CS,L,5.01,6.92,219000,219000,1515480,418290.00000000006,
2023-12-13,16:00:00,600106.XSHG.CS,L,5.01,6.78,219000,219000,1484820,387630.0000000001,
2023-12-14,16:00:00,600106.XSHG.CS,L,5.01,6.64,219000,219000,1454160,356970,
2023-12-15,16:00:00,600106.XSHG.CS,L,5.01,6.45,219000,219000,1412550,315360.00000000006,
2023-12-18,16:00:00,600106.XSHG.CS,L,5.01,6.44,219000,219000,1410360,313170.0000000001,
2023-12-19,16:00:00,600106.XSHG.CS,L,5.01,6.55,219000,219000,1434450,337260,
2023-12-20,16:00:00,600106.XSHG.CS,L,5.01,6.48,219000,219000,1419120,321930.0000000001,
2023-12-21,16:00:00,600106.XSHG.CS,L,5.01,6.51,219000,219000,1425690,328500,
2023-12-25,16:00:00,600106.XSHG.CS,L,5.01,6.23,219000,219000,1364370,267180.0000000001,
2023-12-26,16:00:00,600106.XSHG.CS,L,5.01,6.11,219000,219000,1338090,240900.00000000012,
2023-12-27,16:00:00,600106.XSHG.CS,L,5.01,6.22,219000,219000,1362180,264990,
2023-12-28,16:00:00,600106.XSHG.CS,L,5.01,6.32,219000,219000,1384080,286890.0000000001,
2023-12-29,16:00:00,600106.XSHG.CS,L,5.01,6.68,219000,219000,1462920,365730,
2024-01-02,16:00:00,600106.XSHG.CS,L,5.01,6.68,219000,219000,1462920,365730,
