Date,Time,Open,Close,High,Low,Volume,Amount
20210104,2021.01.04T09:31:00.000,5.806,5.7963,5.806,5.7866,120200.0,720611.0
20210104,2021.01.04T15:00:00.000,6.2801,6.2704,6.2801,6.2704,159700.0,1034856.0
20210105,2021.01.05T09:31:00.000,6.193,6.2317,6.2414,6.193,483200.0,3101673.0
20210105,2021.01.05T15:00:00.000,6.0962,6.0866,6.0962,6.0866,85600.0,538424.0
20210106,2021.01.06T09:31:00.000,6.0479,6.0672,6.0672,6.0479,91379.0,571733.0
20210106,2021.01.06T15:00:00.000,5.9124,5.9221,5.9221,5.9124,86000.0,526320.0
20210107,2021.01.07T09:31:00.000,5.9511,5.9124,5.9608,5.9027,59500.0,364975.0
20210107,2021.01.07T15:00:00.000,5.5157,5.5157,5.5157,5.5157,397100.0,2263470.0
20210108,2021.01.08T09:31:00.000,5.5253,5.5253,5.5544,5.5253,188100.0,1075648.0
20210108,2021.01.08T15:00:00.000,5.3802,5.3802,5.3802,5.3802,79800.0,443688.0
20210111,2021.01.11T09:31:00.000,5.3802,5.3899,5.4189,5.3802,74400.0,414333.0
20210111,2021.01.11T15:00:00.000,5.235,5.2254,5.235,5.2254,45800.0,247320.0
20210112,2021.01.12T09:31:00.000,5.2641,5.2447,5.3221,5.235,185000.0,1007885.0
20210112,2021.01.12T15:00:00.000,5.2931,5.2834,5.2931,5.2834,52189.0,284951.0
20210113,2021.01.13T09:31:00.000,5.2641,5.2834,5.2834,5.235,49100.0,266810.0
20210113,2021.01.13T15:00:00.000,5.1963,5.1866,5.1963,5.1866,82700.0,443272.0
20210114,2021.01.14T09:31:00.000,5.206,5.1576,5.206,5.1383,72600.0,387499.0
20210114,2021.01.14T15:00:00.000,5.2254,5.235,5.235,5.2254,3400.0,18394.0
20210115,2021.01.15T09:31:00.000,5.206,5.1866,5.2157,5.1673,86700.0,465658.0
20210115,2021.01.15T15:00:00.000,5.2931,5.2931,5.2931,5.2931,11300.0,61811.0
20210118,2021.01.18T09:31:00.000,5.2834,5.2834,5.2834,5.2641,26800.0,146043.0
20210118,2021.01.18T15:00:00.000,5.3705,5.3802,5.3802,5.3705,59200.0,329152.0
20210119,2021.01.19T09:31:00.000,5.3995,5.3802,5.4189,5.3802,47200.0,263092.0
20210119,2021.01.19T15:00:00.000,5.3705,5.3802,5.3802,5.3705,10100.0,56156.0
20210120,2021.01.20T09:31:00.000,5.3802,5.3802,5.3995,5.3608,57500.0,319717.0
20210120,2021.01.20T15:00:00.000,5.3802,5.3705,5.3802,5.3705,26800.0,148740.0
20210121,2021.01.21T09:31:00.000,5.3995,5.3512,5.3995,5.3512,35000.0,194444.0
20210121,2021.01.21T15:00:00.000,5.3512,5.3512,5.3512,5.3512,18850.0,104241.0
20210122,2021.01.22T09:31:00.000,5.3705,5.3512,5.3705,5.3415,22800.0,126298.0
20210122,2021.01.22T15:00:00.000,5.3124,5.3124,5.3124,5.3124,23800.0,130662.0
20210125,2021.01.25T09:31:00.000,5.2737,5.3028,5.3028,5.2737,55200.0,301491.0
20210125,2021.01.25T15:00:00.000,5.1479,5.1479,5.1479,5.1479,10300.0,54796.0
20210126,2021.01.26T09:31:00.000,5.1189,5.1286,5.1479,5.1189,20000.0,105961.0
20210126,2021.01.26T15:00:00.000,5.0996,5.0802,5.0996,5.0802,39600.0,207900.0
20210127,2021.01.27T09:31:00.000,5.0996,5.0996,5.0996,5.0899,22300.0,117477.0
20210127,2021.01.27T15:00:00.000,5.0705,5.0802,5.0802,5.0705,94500.0,496125.0
20210128,2021.01.28T09:31:00.000,5.0609,5.0125,5.0609,5.0028,69300.0,360779.0
20210128,2021.01.28T15:00:00.000,5.0415,5.0318,5.0415,5.0318,11900.0,61880.0
20210129,2021.01.29T09:31:00.000,5.0512,5.0415,5.1092,5.0318,30800.0,160702.0
20210129,2021.01.29T15:00:00.000,4.9157,4.9157,4.9157,4.9157,31200.0,158496.0
20210201,2021.02.01T09:31:00.000,4.906,4.8673,4.906,4.8673,67200.0,339384.0
20210201,2021.02.01T15:00:00.000,5.0028,5.0125,5.0125,5.0028,30300.0,156954.0
20210202,2021.02.02T09:31:00.000,5.0028,4.9834,5.0028,4.9738,48400.0,249638.0
20210202,2021.02.02T15:00:00.000,4.9544,4.9544,4.9544,4.9544,25000.0,128000.0
20210203,2021.02.03T09:31:00.000,4.9157,4.9351,4.9351,4.9157,26200.0,133299.0
20210203,2021.02.03T15:00:00.000,4.8383,4.8383,4.8383,4.8383,28300.0,141500.0
20210204,2021.02.04T09:31:00.000,4.848,4.8383,4.8673,4.8093,43300.0,216582.0
20210204,2021.02.04T15:00:00.000,4.7706,4.7609,4.7706,4.7609,10000.0,49200.0
20210205,2021.02.05T09:31:00.000,4.7899,4.7802,4.7899,4.7609,61500.0,304212.0
20210205,2021.02.05T15:00:00.000,4.6738,4.6738,4.6738,4.6738,145700.0,703731.0
20210208,2021.02.08T09:31:00.000,4.6835,4.6544,4.6835,4.6544,100600.0,486241.0
20210208,2021.02.08T15:00:00.000,4.6835,4.6931,4.6931,4.6835,2200.0,10670.0
20210209,2021.02.09T09:31:00.000,4.7996,4.8189,4.8189,4.7512,245900.0,1220229.0
20210209,2021.02.09T15:00:00.000,4.9738,4.9738,4.9738,4.9738,63700.0,327418.0
20210210,2021.02.10T09:31:00.000,4.9544,4.9641,4.9834,4.9447,61600.0,315711.0
20210210,2021.02.10T15:00:00.000,4.9351,4.9447,4.9447,4.9351,64500.0,329595.0
20210218,2021.02.18T09:31:00.000,4.9834,5.0028,5.0028,4.9544,208400.0,1073238.0
20210218,2021.02.18T15:00:00.000,5.0899,5.0899,5.0899,5.0899,38700.0,203562.0
20210219,2021.02.19T09:31:00.000,5.0512,5.0802,5.0996,5.0512,72000.0,375916.0
20210219,2021.02.19T15:00:00.000,5.3028,5.2834,5.3028,5.2834,145700.0,795522.0
20210222,2021.02.22T09:31:00.000,5.3512,5.3512,5.3899,5.3415,176700.0,978311.0
20210222,2021.02.22T15:00:00.000,5.3802,5.3705,5.3802,5.3705,111300.0,617715.0
20210223,2021.02.23T09:31:00.000,5.3318,5.3995,5.4189,5.3318,59600.0,332149.0
20210223,2021.02.23T15:00:00.000,5.3802,5.3899,5.3899,5.3802,49350.0,274880.0
20210224,2021.02.24T09:31:00.000,5.4382,5.4382,5.4673,5.4382,96600.0,543660.0
20210224,2021.02.24T15:00:00.000,5.3705,5.3705,5.3705,5.3705,44200.0,245310.0
20210225,2021.02.25T09:31:00.000,5.4092,5.5447,5.5447,5.4092,244488.0,1384588.0
20210225,2021.02.25T15:00:00.000,5.4963,5.4963,5.4963,5.4963,84300.0,478824.0
20210226,2021.02.26T09:31:00.000,5.4189,5.3318,5.4286,5.2834,402450.0,2237833.0
20210226,2021.02.26T15:00:00.000,5.5157,5.5157,5.5157,5.5157,88601.0,505025.0
20210301,2021.03.01T09:31:00.000,5.9027,5.9511,6.0672,5.9027,2515550.0,15555032.0
20210301,2021.03.01T15:00:00.000,5.6705,5.6705,5.6705,5.6705,74600.0,437156.0
20210302,2021.03.02T09:31:00.000,5.7382,5.806,5.8737,5.7382,1219000.0,7272706.0
20210302,2021.03.02T15:00:00.000,5.9608,5.9511,5.9608,5.9511,119800.0,736770.0
20210303,2021.03.03T09:31:00.000,5.8447,5.835,5.8447,5.8156,641200.0,3867299.0
20210303,2021.03.03T15:00:00.000,5.864,5.864,5.864,5.864,86200.0,522372.0
20210304,2021.03.04T09:31:00.000,5.8156,5.8253,5.8543,5.8156,115800.0,697039.0
20210304,2021.03.04T15:00:00.000,5.9414,5.9414,5.9414,5.9414,118100.0,725134.0
20210305,2021.03.05T09:31:00.000,5.9705,5.9511,5.9801,5.864,199900.0,1228247.0
20210305,2021.03.05T15:00:00.000,5.8543,5.864,5.864,5.8543,135100.0,818706.0
20210308,2021.03.08T09:31:00.000,5.9027,5.9608,5.9705,5.8737,254400.0,1563244.0
20210308,2021.03.08T15:00:00.000,5.9898,5.9898,5.9898,5.9898,43100.0,266789.0
20210309,2021.03.09T09:31:00.000,5.9995,6.0188,6.0575,5.9995,117950.0,735019.0
20210309,2021.03.09T15:00:00.000,5.9221,5.9124,5.9221,5.9124,65500.0,400205.0
20210310,2021.03.10T09:31:00.000,5.9705,5.9511,5.9705,5.9221,104800.0,644914.0
20210310,2021.03.10T15:00:00.000,5.7963,5.7769,5.7963,5.7769,40400.0,241188.0
20210311,2021.03.11T09:31:00.000,5.835,5.8253,5.8543,5.806,137500.0,828577.0
20210311,2021.03.11T15:00:00.000,5.9124,5.9124,5.9124,5.9124,20000.0,122200.0
20210312,2021.03.12T09:31:00.000,5.864,5.8543,5.8834,5.8447,123200.0,745596.0
20210312,2021.03.12T15:00:00.000,5.9608,5.9608,5.9608,5.9608,130300.0,802648.0
20210315,2021.03.15T09:31:00.000,5.9221,5.9705,5.9705,5.9124,125500.0,770662.0
20210315,2021.03.15T15:00:00.000,5.8737,5.893,5.893,5.8737,98300.0,598647.0
20210316,2021.03.16T09:31:00.000,5.8737,5.9124,5.9608,5.864,140467.0,853094.0
20210316,2021.03.16T15:00:00.000,5.8737,5.8834,5.8834,5.8737,21900.0,133152.0
20210317,2021.03.17T09:31:00.000,5.8447,5.835,5.8737,5.8253,111900.0,675398.0
20210317,2021.03.17T15:00:00.000,5.806,5.7963,5.806,5.7963,55700.0,333643.0
20210318,2021.03.18T09:31:00.000,5.7672,5.7672,5.7963,5.7576,56400.0,336365.0
20210318,2021.03.18T15:00:00.000,5.893,5.8834,5.893,5.8834,117400.0,713792.0
20210319,2021.03.19T09:31:00.000,5.8253,5.8253,5.835,5.8156,153200.0,921800.0
20210319,2021.03.19T15:00:00.000,5.9027,5.9027,5.9027,5.9027,79600.0,485560.0
20210322,2021.03.22T09:31:00.000,5.8447,5.8447,5.8737,5.8253,143500.0,865958.0
20210322,2021.03.22T15:00:00.000,5.9898,5.9995,5.9995,5.9898,150200.0,931240.0
20210323,2021.03.23T09:31:00.000,5.9898,5.9705,5.9995,5.9608,107400.0,664423.0
20210323,2021.03.23T15:00:00.000,5.9995,6.0188,6.0188,5.9995,298200.0,1854804.0
20210324,2021.03.24T09:31:00.000,5.9608,5.9608,5.9898,5.9608,140400.0,865824.0
20210324,2021.03.24T15:00:00.000,5.9511,5.9511,5.9511,5.9511,40400.0,248460.0
20210325,2021.03.25T09:31:00.000,5.9511,5.9608,5.9801,5.9317,89800.0,552358.0
20210325,2021.03.25T15:00:00.000,5.9801,5.9705,5.9801,5.9705,77700.0,479409.0
20210326,2021.03.26T09:31:00.000,5.9414,5.9898,6.0382,5.9414,538600.0,3336319.0
20210326,2021.03.26T15:00:00.000,5.9995,6.0092,6.0092,5.9995,66500.0,412965.0
20210329,2021.03.29T09:31:00.000,5.9608,5.9608,5.9898,5.9511,354400.0,2183363.0
20210329,2021.03.29T15:00:00.000,5.7382,5.7479,5.7479,5.7382,135900.0,807246.0
20210330,2021.03.30T09:31:00.000,5.7285,5.5834,5.7382,5.5834,370200.0,2166457.0
20210330,2021.03.30T15:00:00.000,5.4479,5.4479,5.4479,5.4479,136900.0,770747.0
20210331,2021.03.31T09:31:00.000,5.4286,5.4382,5.506,5.4286,404700.0,2279132.0
20210331,2021.03.31T15:00:00.000,5.4866,5.4769,5.4866,5.4769,106800.0,604488.0
20210401,2021.04.01T09:31:00.000,5.4576,5.4479,5.4673,5.4286,73051.0,411149.0
20210401,2021.04.01T15:00:00.000,5.4673,5.4673,5.4673,5.4673,88900.0,502285.0
20210402,2021.04.02T09:31:00.000,5.4673,5.4576,5.506,5.4479,38500.0,217364.0
20210402,2021.04.02T15:00:00.000,5.4479,5.4576,5.4576,5.4479,52800.0,297792.0
20210406,2021.04.06T09:31:00.000,5.4769,5.4189,5.4769,5.4189,213600.0,1199481.0
20210406,2021.04.06T15:00:00.000,5.5931,5.5737,5.5931,5.5737,79200.0,456192.0
20210407,2021.04.07T09:31:00.000,5.5544,5.564,5.5737,5.5253,99100.0,567812.0
20210407,2021.04.07T15:00:00.000,5.6027,5.5931,5.6027,5.5931,63900.0,369342.0
20210408,2021.04.08T09:31:00.000,5.6027,5.564,5.6027,5.564,55000.0,317140.0
20210408,2021.04.08T15:00:00.000,5.5447,5.5544,5.5544,5.5447,79000.0,453460.0
20210409,2021.04.09T09:31:00.000,5.5447,5.535,5.5447,5.5253,57800.0,330757.0
20210409,2021.04.09T15:00:00.000,5.5157,5.506,5.5157,5.506,94300.0,536567.0
20210412,2021.04.12T09:31:00.000,5.506,5.4479,5.5157,5.4382,49100.0,277575.0
20210412,2021.04.12T15:00:00.000,5.3802,5.3802,5.3802,5.3802,62500.0,347500.0
20210413,2021.04.13T09:31:00.000,5.3512,5.3318,5.3512,5.3318,55700.0,307652.0
20210413,2021.04.13T15:00:00.000,5.3028,5.3124,5.3124,5.3028,120000.0,658800.0
20210414,2021.04.14T09:31:00.000,5.2931,5.2834,5.2931,5.2737,42700.0,233329.0
20210414,2021.04.14T15:00:00.000,5.3802,5.3802,5.3802,5.3802,107900.0,599924.0
20210415,2021.04.15T09:31:00.000,5.2641,5.2834,5.3028,5.235,443700.0,2412302.0
20210415,2021.04.15T15:00:00.000,5.3318,5.3318,5.3318,5.3318,52650.0,290102.0
20210416,2021.04.16T09:31:00.000,5.3221,5.3221,5.3318,5.3028,71100.0,390881.0
20210416,2021.04.16T15:00:00.000,5.4769,5.4576,5.4769,5.4576,76100.0,429204.0
20210419,2021.04.19T09:31:00.000,5.4673,5.506,5.535,5.4673,306200.0,1736467.0
20210419,2021.04.19T15:00:00.000,5.5931,5.6027,5.6027,5.5931,99090.0,573731.0
20210420,2021.04.20T09:31:00.000,5.6027,5.6027,5.6027,5.5447,220300.0,1270374.0
20210420,2021.04.20T15:00:00.000,5.5253,5.5253,5.5253,5.5253,50500.0,288355.0
20210421,2021.04.21T09:31:00.000,5.4769,5.4673,5.506,5.4673,120700.0,683710.0
20210421,2021.04.21T15:00:00.000,5.4479,5.4382,5.4479,5.4382,69900.0,392838.0
20210422,2021.04.22T09:31:00.000,5.4769,5.4769,5.4866,5.4673,58200.0,329256.0
20210422,2021.04.22T15:00:00.000,5.4479,5.4479,5.4479,5.4479,51600.0,290508.0
20210423,2021.04.23T09:31:00.000,5.4382,5.4189,5.4479,5.4189,52600.0,295196.0
20210423,2021.04.23T15:00:00.000,5.3512,5.3415,5.3512,5.3415,87100.0,480792.0
20210426,2021.04.26T09:31:00.000,5.3415,5.3415,5.3802,5.3318,81000.0,448192.0
20210426,2021.04.26T15:00:00.000,5.3415,5.3318,5.3415,5.3318,74800.0,412148.0
20210427,2021.04.27T09:31:00.000,5.3028,5.2931,5.3221,5.2834,144100.0,789327.0
20210427,2021.04.27T15:00:00.000,5.206,5.1963,5.206,5.1963,45400.0,243798.0
20210428,2021.04.28T09:31:00.000,5.1963,5.1383,5.1963,5.1383,88400.0,472170.0
20210428,2021.04.28T15:00:00.000,5.235,5.2254,5.235,5.2254,23600.0,127440.0
20210429,2021.04.29T09:31:00.000,5.2254,5.1866,5.2254,5.177,58400.0,314283.0
20210429,2021.04.29T15:00:00.000,5.1963,5.1866,5.1963,5.1866,48300.0,258888.0
20210430,2021.04.30T09:31:00.000,5.206,5.206,5.2157,5.1963,68800.0,370088.0
20210430,2021.04.30T15:00:00.000,5.1286,5.1189,5.1286,5.1189,63800.0,337502.0
20210506,2021.05.06T09:31:00.000,5.0705,5.0899,5.0996,5.0705,145700.0,764263.0
20210506,2021.05.06T15:00:00.000,5.1673,5.1673,5.1673,5.1673,17200.0,91848.0
20210507,2021.05.07T09:31:00.000,5.1673,5.177,5.177,5.1673,18500.0,98826.0
20210507,2021.05.07T15:00:00.000,5.1092,5.0996,5.1092,5.0996,43400.0,228718.0
20210510,2021.05.10T09:31:00.000,5.1092,5.0802,5.1189,5.0802,155500.0,820573.0
20210510,2021.05.10T15:00:00.000,5.1092,5.1092,5.1092,5.1092,17900.0,94512.0
20210511,2021.05.11T09:31:00.000,5.0802,5.0705,5.0802,5.0609,38400.0,201219.0
20210511,2021.05.11T15:00:00.000,5.0802,5.0802,5.0802,5.0802,40200.0,211050.0
20210512,2021.05.12T09:31:00.000,5.09,5.09,5.0999,5.0802,73200.0,379168.0
20210512,2021.05.12T15:00:00.000,5.1883,5.1981,5.1981,5.1883,32500.0,171925.0
20210513,2021.05.13T09:31:00.000,5.1785,5.1686,5.1785,5.1588,33800.0,177973.0
20210513,2021.05.13T15:00:00.000,5.149,5.149,5.149,5.149,13200.0,69168.0
20210514,2021.05.14T09:31:00.000,5.1883,5.1785,5.2079,5.1785,30300.0,160126.0
20210514,2021.05.14T15:00:00.000,5.2178,5.2276,5.2276,5.2178,48300.0,256956.0
20210517,2021.05.17T09:31:00.000,5.2276,5.2079,5.2473,5.1981,39600.0,210428.0
20210517,2021.05.17T15:00:00.000,5.1293,5.1195,5.1293,5.1195,36600.0,190686.0
20210518,2021.05.18T09:31:00.000,5.149,5.1097,5.1686,5.0999,98000.0,512947.0
20210518,2021.05.18T15:00:00.000,5.09,5.09,5.09,5.09,15400.0,79772.0
20210519,2021.05.19T09:31:00.000,5.0606,5.0802,5.0802,5.0606,18100.0,93380.0
20210519,2021.05.19T15:00:00.000,5.0606,5.0507,5.0606,5.0507,36200.0,186068.0
20210520,2021.05.20T09:31:00.000,5.0802,5.09,5.09,5.0704,102900.0,532174.0
20210520,2021.05.20T15:00:00.000,5.09,5.0999,5.0999,5.09,41750.0,216683.0
20210521,2021.05.21T09:31:00.000,5.1293,5.1195,5.1293,5.1097,58400.0,304795.0
20210521,2021.05.21T15:00:00.000,5.0606,5.0507,5.0606,5.0507,37600.0,193264.0
20210524,2021.05.24T09:31:00.000,5.0507,5.0311,5.0507,5.0311,18500.0,94855.0
20210524,2021.05.24T15:00:00.000,5.0704,5.0704,5.0704,5.0704,72500.0,374100.0
20210525,2021.05.25T09:31:00.000,5.0704,5.0704,5.0704,5.0507,66700.0,343410.0
20210525,2021.05.25T15:00:00.000,5.0999,5.09,5.0999,5.09,39600.0,205128.0
20210526,2021.05.26T09:31:00.000,5.0999,5.0999,5.149,5.09,40400.0,210006.0
20210526,2021.05.26T15:00:00.000,5.1195,5.1097,5.1195,5.1097,57900.0,301080.0
20210527,2021.05.27T09:31:00.000,5.149,5.1392,5.1588,5.1293,118700.0,621693.0
20210527,2021.05.27T15:00:00.000,5.149,5.1588,5.1588,5.149,73100.0,383775.0
20210528,2021.05.28T09:31:00.000,5.1392,5.1392,5.149,5.1293,36400.0,190370.0
20210528,2021.05.28T15:00:00.000,5.09,5.0802,5.09,5.0802,49200.0,254364.0
20210531,2021.05.31T09:31:00.000,5.0802,5.09,5.09,5.0802,65700.0,339906.0
20210531,2021.05.31T15:00:00.000,5.1785,5.1686,5.1785,5.1686,114600.0,602796.0
20210601,2021.06.01T09:31:00.000,5.149,5.1293,5.1588,5.1293,132900.0,694776.0
20210601,2021.06.01T15:00:00.000,5.1785,5.1785,5.1785,5.1785,75600.0,398412.0
20210602,2021.06.02T09:31:00.000,5.1588,5.1392,5.1686,5.1392,29000.0,152224.0
20210602,2021.06.02T15:00:00.000,5.1392,5.1392,5.1392,5.1392,56900.0,297587.0
20210603,2021.06.03T09:31:00.000,5.1588,5.149,5.1588,5.149,47277.0,247979.0
20210603,2021.06.03T15:00:00.000,5.1785,5.1785,5.1785,5.1785,45400.0,239258.0
20210604,2021.06.04T09:31:00.000,5.1588,5.1392,5.1588,5.1392,71200.0,373369.0
20210604,2021.06.04T15:00:00.000,5.1392,5.1392,5.1392,5.1392,47500.0,248425.0
20210607,2021.06.07T09:31:00.000,5.1293,5.1195,5.1392,5.1195,23700.0,123713.0
20210607,2021.06.07T15:00:00.000,5.1293,5.1195,5.1293,5.1195,32700.0,170367.0
20210608,2021.06.08T09:31:00.000,5.1195,5.1195,5.1293,5.1195,10100.0,52630.0
20210608,2021.06.08T15:00:00.000,5.1293,5.1392,5.1392,5.1293,128500.0,672055.0
20210609,2021.06.09T09:31:00.000,5.1588,5.149,5.1588,5.1293,66200.0,346961.0
20210609,2021.06.09T15:00:00.000,5.1195,5.1195,5.1195,5.1195,23600.0,122956.0
20210610,2021.06.10T09:31:00.000,5.149,5.1293,5.149,5.1293,107100.0,560672.0
20210610,2021.06.10T15:00:00.000,5.2079,5.1883,5.2079,5.1883,159073.0,839906.0
20210611,2021.06.11T09:31:00.000,5.1686,5.1981,5.2079,5.1686,65700.0,346661.0
20210611,2021.06.11T15:00:00.000,5.2866,5.2866,5.2866,5.2866,146100.0,786018.0
20210615,2021.06.15T09:31:00.000,5.3062,5.2866,5.3259,5.2866,150200.0,811015.0
20210615,2021.06.15T15:00:00.000,5.2079,5.1883,5.2079,5.1883,61800.0,326304.0
20210616,2021.06.16T09:31:00.000,5.1883,5.1883,5.1981,5.1785,24000.0,126655.0
20210616,2021.06.16T15:00:00.000,5.0802,5.0704,5.0802,5.0704,67700.0,349332.0
20210617,2021.06.17T09:31:00.000,5.0606,5.0802,5.0802,5.0606,40700.0,210010.0
20210617,2021.06.17T15:00:00.000,5.0704,5.0704,5.0704,5.0704,116500.0,601140.0
20210618,2021.06.18T09:31:00.000,5.0704,5.0606,5.0704,5.0507,20700.0,106733.0
20210618,2021.06.18T15:00:00.000,5.1097,5.0999,5.1097,5.0999,38900.0,201891.0
20210621,2021.06.21T09:31:00.000,5.0802,5.0704,5.09,5.0704,34000.0,175609.0
20210621,2021.06.21T15:00:00.000,5.0802,5.0704,5.0802,5.0704,72000.0,371520.0
20210622,2021.06.22T09:31:00.000,5.0802,5.0704,5.09,5.0704,34085.0,176054.0
20210622,2021.06.22T15:00:00.000,5.1883,5.1883,5.1883,5.1883,41400.0,218592.0
20210623,2021.06.23T09:31:00.000,5.1883,5.2079,5.2079,5.1686,21200.0,112056.0
20210623,2021.06.23T15:00:00.000,5.3259,5.316,5.3259,5.316,176800.0,956488.0
20210624,2021.06.24T09:31:00.000,5.316,5.3455,5.3455,5.2964,242200.0,1315367.0
20210624,2021.06.24T15:00:00.000,5.3455,5.3259,5.3455,5.3259,123800.0,670996.0
20210625,2021.06.25T09:31:00.000,5.2866,5.3357,5.375,5.2767,368400.0,1992001.0
20210625,2021.06.25T15:00:00.000,5.2964,5.2767,5.2964,5.2767,223885.0,1202262.0
20210628,2021.06.28T09:31:00.000,5.2767,5.2767,5.2964,5.2669,57115.0,306728.0
20210628,2021.06.28T15:00:00.000,5.2571,5.2571,5.2571,5.2571,47700.0,255195.0
20210629,2021.06.29T09:31:00.000,5.2473,5.2669,5.2866,5.2473,48215.0,258316.0
20210629,2021.06.29T15:00:00.000,5.1883,5.1883,5.1883,5.1883,33600.0,177408.0
20210630,2021.06.30T09:31:00.000,5.1883,5.1883,5.2178,5.1785,31400.0,165801.0
20210630,2021.06.30T15:00:00.000,5.2964,5.2964,5.2964,5.2964,130900.0,705551.0
20210701,2021.07.01T09:31:00.000,5.3062,5.2767,5.316,5.2669,86600.0,465766.0
20210701,2021.07.01T15:00:00.000,5.2473,5.2374,5.2473,5.2374,43100.0,229723.0
20210702,2021.07.02T09:31:00.000,5.2374,5.2178,5.2374,5.2178,28600.0,152049.0
20210702,2021.07.02T15:00:00.000,5.2276,5.2374,5.2374,5.2276,47400.0,252642.0
20210705,2021.07.05T09:31:00.000,5.2669,5.2571,5.2964,5.2571,154400.0,827903.0
20210705,2021.07.05T15:00:00.000,5.316,5.3062,5.316,5.3062,68800.0,371520.0
20210706,2021.07.06T09:31:00.000,5.316,5.2866,5.3259,5.2866,73500.0,397111.0
20210706,2021.07.06T15:00:00.000,5.2964,5.2964,5.2964,5.2964,76500.0,412335.0
20210707,2021.07.07T09:31:00.000,5.2669,5.2767,5.2767,5.2669,27000.0,144734.0
20210707,2021.07.07T15:00:00.000,5.2866,5.2669,5.2866,5.2669,84000.0,450240.0
20210708,2021.07.08T09:31:00.000,5.2571,5.2964,5.3062,5.2571,161950.0,871765.0
20210708,2021.07.08T15:00:00.000,5.3848,5.3848,5.3848,5.3848,249600.0,1367808.0
20210709,2021.07.09T09:31:00.000,5.3455,5.3455,5.3652,5.3357,102200.0,556265.0
20210709,2021.07.09T15:00:00.000,5.434,5.434,5.434,5.434,60000.0,331800.0
20210712,2021.07.12T09:31:00.000,5.4733,5.4438,5.4733,5.434,294500.0,1635119.0
20210712,2021.07.12T15:00:00.000,5.3946,5.3946,5.3946,5.3946,238700.0,1310463.0
20210713,2021.07.13T09:31:00.000,5.3946,5.3946,5.4143,5.3848,61600.0,338112.0
20210713,2021.07.13T15:00:00.000,5.434,5.4438,5.4438,5.434,153100.0,848174.0
20210714,2021.07.14T09:31:00.000,5.4536,5.4438,5.4536,5.4143,229700.0,1274113.0
20210714,2021.07.14T15:00:00.000,5.4438,5.4241,5.4438,5.4241,31000.0,171120.0
20210715,2021.07.15T09:31:00.000,5.3946,5.4045,5.4045,5.3848,106300.0,583753.0
20210715,2021.07.15T15:00:00.000,5.3553,5.3553,5.3553,5.3553,81800.0,445810.0
20210716,2021.07.16T09:31:00.000,5.4634,5.6501,5.6993,5.4241,1918117.0,10727884.0
20210716,2021.07.16T15:00:00.000,5.8958,5.8958,5.8958,5.8958,58300.0,349800.0
20210719,2021.07.19T09:31:00.000,6.4854,6.4854,6.4854,6.4854,3427400.0,22620840.0
20210719,2021.07.19T15:00:00.000,5.9941,5.9842,5.9941,5.9842,472900.0,2879961.0
20210720,2021.07.20T09:31:00.000,5.7975,5.7681,5.7975,5.7189,3724886.0,21899816.0
20210720,2021.07.20T15:00:00.000,5.6894,5.7287,5.7287,5.6894,363000.0,2116290.0
20210721,2021.07.21T09:31:00.000,5.6894,5.6993,5.7091,5.6698,845000.0,4893471.0
20210721,2021.07.21T15:00:00.000,5.6993,5.6894,5.6993,5.6894,694300.0,4019997.0
20210722,2021.07.22T09:31:00.000,5.7779,5.827,5.886,5.7386,1882500.0,11117580.0
20210722,2021.07.22T15:00:00.000,5.8467,5.827,5.8467,5.827,478894.0,2839841.0
20210723,2021.07.23T09:31:00.000,5.8368,5.8074,5.8761,5.7779,542974.0,3225355.0
20210723,2021.07.23T15:00:00.000,5.8368,5.827,5.8368,5.827,350600.0,2079058.0
20210726,2021.07.26T09:31:00.000,5.8074,5.7779,5.8074,5.7484,390000.0,2299113.0
20210726,2021.07.26T15:00:00.000,5.6993,5.6993,5.6993,5.6993,204100.0,1183780.0
20210727,2021.07.27T09:31:00.000,5.6501,5.7386,5.7386,5.6501,199300.0,1150437.0
20210727,2021.07.27T15:00:00.000,5.6305,5.6305,5.6305,5.6305,281043.0,1610377.0
20210728,2021.07.28T09:31:00.000,5.6108,5.542,5.6108,5.5322,465900.0,2637029.0
20210728,2021.07.28T15:00:00.000,5.3652,5.3553,5.3652,5.3553,116300.0,633835.0
20210729,2021.07.29T09:31:00.000,5.4143,5.4438,5.4831,5.4143,347489.0,1924345.0
20210729,2021.07.29T15:00:00.000,5.7484,5.7386,5.7484,5.7386,233100.0,1361304.0
20210730,2021.07.30T09:31:00.000,5.7091,5.7091,5.7189,5.66,324700.0,1878685.0
20210730,2021.07.30T15:00:00.000,5.7484,5.7287,5.7484,5.7287,234589.0,1367654.0
20210802,2021.08.02T09:31:00.000,5.8467,5.8368,5.8761,5.8074,566900.0,3372320.0
20210802,2021.08.02T15:00:00.000,5.7975,5.7877,5.7975,5.7877,173000.0,1018970.0
20210803,2021.08.03T09:31:00.000,5.8172,5.8663,5.886,5.7877,449100.0,2669068.0
20210803,2021.08.03T15:00:00.000,5.8565,5.8663,5.8663,5.8565,207800.0,1240566.0
20210804,2021.08.04T09:31:00.000,5.8663,5.9154,5.9449,5.8565,298200.0,1785905.0
20210804,2021.08.04T15:00:00.000,6.0039,6.0039,6.0039,6.0039,208600.0,1274546.0
20210805,2021.08.05T09:31:00.000,5.9646,6.0039,6.0334,5.9548,293300.0,1788767.0
20210805,2021.08.05T15:00:00.000,6.6033,6.6033,6.6033,6.6033,120250.0,808080.0
20210806,2021.08.06T09:31:00.000,6.6721,6.564,6.7605,6.5247,5084100.0,34449114.0
20210806,2021.08.06T15:00:00.000,6.4657,6.4657,6.4657,6.4657,422900.0,2782682.0
20210809,2021.08.09T09:31:00.000,6.4854,6.5345,6.5345,6.4166,1336500.0,8804662.0
20210809,2021.08.09T15:00:00.000,6.731,6.7703,6.7703,6.731,627700.0,4324853.0
20210810,2021.08.10T09:31:00.000,6.7703,6.6622,6.7802,6.6328,828200.0,5663088.0
20210810,2021.08.10T15:00:00.000,7.1929,7.1536,7.1929,7.1536,669400.0,4873232.0
20210811,2021.08.11T09:31:00.000,7.1536,7.3501,7.3501,7.1536,2296450.0,16878563.0
20210811,2021.08.11T15:00:00.000,7.3108,7.3108,7.3108,7.3108,481900.0,3585336.0
20210812,2021.08.12T09:31:00.000,7.242,7.183,7.2911,7.1437,1590600.0,11655143.0
20210812,2021.08.12T15:00:00.000,7.753,7.7235,7.753,7.7235,480200.0,3774372.0
20210813,2021.08.13T09:31:00.000,7.6154,7.6645,7.6645,7.5761,844900.0,6547022.0
20210813,2021.08.13T15:00:00.000,8.4998,8.4998,8.4998,8.4998,426600.0,3690090.0
20210816,2021.08.16T09:31:00.000,8.3524,8.2541,8.3524,8.2148,2975917.0,25117956.0
20210816,2021.08.16T15:00:00.000,7.6547,7.6547,7.6547,7.6547,236500.0,1842335.0
20210817,2021.08.17T09:31:00.000,7.4189,7.5859,7.6154,7.3697,2317758.0,17601717.0
20210817,2021.08.17T15:00:00.000,7.242,7.2223,7.242,7.2223,808700.0,5943945.0
20210818,2021.08.18T09:31:00.000,7.2223,7.2518,7.2715,7.183,357400.0,2626431.0
20210818,2021.08.18T15:00:00.000,7.0258,7.0258,7.0258,7.0258,663500.0,4744025.0
20210819,2021.08.19T09:31:00.000,7.0258,7.0848,7.1143,7.0258,434350.0,3123109.0
20210819,2021.08.19T15:00:00.000,7.075,7.0651,7.075,7.0651,246300.0,1770897.0
20210820,2021.08.20T09:31:00.000,7.0848,7.0553,7.1044,6.9963,456200.0,3280918.0
20210820,2021.08.20T15:00:00.000,6.9865,6.9963,6.9963,6.9865,203700.0,1450344.0
20210823,2021.08.23T09:31:00.000,7.0553,7.016,7.0553,6.9963,423300.0,3030261.0
20210823,2021.08.23T15:00:00.000,7.0848,7.075,7.0848,7.075,405500.0,2919600.0
20210824,2021.08.24T09:31:00.000,7.1339,7.2617,7.3108,7.1339,1056300.0,7777439.0
20210824,2021.08.24T15:00:00.000,7.4385,7.3992,7.4385,7.3992,334000.0,2515020.0
20210825,2021.08.25T09:31:00.000,7.3206,7.3206,7.3697,7.2715,1058530.0,7883484.0
20210825,2021.08.25T15:00:00.000,7.1732,7.1732,7.1732,7.1732,498400.0,3638320.0
20210826,2021.08.26T09:31:00.000,7.1437,7.0651,7.1536,7.0258,829300.0,5980105.0
20210826,2021.08.26T15:00:00.000,7.3599,7.3697,7.3697,7.3599,213300.0,1599750.0
20210827,2021.08.27T09:31:00.000,7.3206,7.2125,7.3304,7.1732,514000.0,3792602.0
20210827,2021.08.27T15:00:00.000,7.1536,7.1634,7.1634,7.1536,286285.0,2087018.0
20210830,2021.08.30T09:31:00.000,7.2125,7.2223,7.2911,7.2125,502500.0,3699921.0
20210830,2021.08.30T15:00:00.000,7.7923,7.7628,7.7923,7.7628,339100.0,2678890.0
20210831,2021.08.31T09:31:00.000,7.7137,7.8119,7.8316,7.6547,1546350.0,12143400.0
20210831,2021.08.31T15:00:00.000,8.2836,8.2934,8.2934,8.2836,375415.0,3168503.0
20210901,2021.09.01T09:31:00.000,8.598,8.2443,8.598,8.1165,1853100.0,15930777.0
20210901,2021.09.01T15:00:00.000,7.5171,7.5171,7.5171,7.5171,199800.0,1528470.0
20210902,2021.09.02T09:31:00.000,7.527,7.5171,7.5859,7.5073,491050.0,3763829.0
20210902,2021.09.02T15:00:00.000,7.8807,7.8807,7.8807,7.8807,104400.0,837288.0
20210903,2021.09.03T09:31:00.000,7.9593,8.205,8.2541,7.9593,973910.0,8028937.0
20210903,2021.09.03T15:00:00.000,8.6668,8.6668,8.6668,8.6668,28850.0,254457.0
20210906,2021.09.06T09:31:00.000,9.1287,9.3154,9.335,9.0599,10707765.0,100041304.0
20210906,2021.09.06T15:00:00.000,9.2073,9.2367,9.2367,9.2073,601200.0,5651280.0
20210907,2021.09.07T09:31:00.000,9.109,9.1483,9.2171,8.9911,2486250.0,23077428.0
20210907,2021.09.07T15:00:00.000,9.0697,9.05,9.0697,9.05,769903.0,7090807.0
20210908,2021.09.08T09:31:00.000,9.05,8.9714,9.1483,8.9518,810549.0,7437837.0
20210908,2021.09.08T15:00:00.000,8.8142,8.7651,8.8142,8.7651,851700.0,7597164.0
20210909,2021.09.09T09:31:00.000,8.657,8.7749,8.8142,8.6472,1206600.0,10660379.0
20210909,2021.09.09T15:00:00.000,8.7847,8.7749,8.7847,8.7749,305100.0,2724543.0
20210910,2021.09.10T09:31:00.000,8.6472,8.7553,8.7553,8.6079,317500.0,2795907.0
20210910,2021.09.10T15:00:00.000,8.3131,8.2836,8.3131,8.2836,725550.0,6116386.0
20210913,2021.09.13T09:31:00.000,8.146,8.1657,8.2836,8.1264,941650.0,7816674.0
20210913,2021.09.13T15:00:00.000,8.3524,8.3425,8.3524,8.3425,240300.0,2040147.0
20210914,2021.09.14T09:31:00.000,8.3032,8.372,8.3917,8.3032,200900.0,1705316.0
20210914,2021.09.14T15:00:00.000,8.6079,8.5686,8.6079,8.5686,471700.0,4113224.0
20210915,2021.09.15T09:31:00.000,8.5784,8.5292,8.5882,8.4605,465500.0,4055988.0
20210915,2021.09.15T15:00:00.000,9.4234,9.4234,9.4234,9.4234,77100.0,739389.0
20210916,2021.09.16T09:31:00.000,9.5905,9.6986,9.7772,9.5807,1302150.0,12800294.0
20210916,2021.09.16T15:00:00.000,9.9148,9.9246,9.9246,9.9148,630200.0,6365020.0
20210917,2021.09.17T09:31:00.000,9.8263,9.62,9.8263,9.6101,553400.0,5489353.0
20210917,2021.09.17T15:00:00.000,9.394,9.4234,9.4234,9.394,286950.0,2751850.0
20210922,2021.09.22T09:31:00.000,9.335,9.4234,9.5119,9.335,935750.0,8930807.0
20210922,2021.09.22T15:00:00.000,9.2367,9.2564,9.2564,9.2367,237400.0,2236308.0
20210923,2021.09.23T09:31:00.000,9.3055,9.3154,9.335,9.2662,314200.0,2974613.0
20210923,2021.09.23T15:00:00.000,8.8339,8.824,8.8339,8.824,393350.0,3532283.0
20210924,2021.09.24T09:31:00.000,8.824,8.7847,8.8535,8.7749,199050.0,1783699.0
20210924,2021.09.24T15:00:00.000,8.5784,8.6275,8.6275,8.5784,189850.0,1666883.0
20210927,2021.09.27T09:31:00.000,8.5882,8.7356,8.7356,8.5587,561300.0,4914378.0
20210927,2021.09.27T15:00:00.000,7.7628,7.7628,7.7628,7.7628,25100.0,198290.0
20210928,2021.09.28T09:31:00.000,7.5761,7.7137,7.7628,7.5761,270400.0,2110419.0
20210928,2021.09.28T15:00:00.000,7.8119,7.8119,7.8119,7.8119,161400.0,1283130.0
20210929,2021.09.29T09:31:00.000,7.8021,7.6449,7.8021,7.5761,180200.0,1407114.0
20210929,2021.09.29T15:00:00.000,7.468,7.4287,7.468,7.4287,90900.0,687204.0
20210930,2021.09.30T09:31:00.000,7.4287,7.4877,7.5171,7.4287,222000.0,1689520.0
20210930,2021.09.30T15:00:00.000,7.7824,7.7726,7.7824,7.7726,90750.0,717832.0
20211008,2021.10.08T09:31:00.000,7.8905,7.92,7.9397,7.8905,166300.0,1338913.0
20211008,2021.10.08T15:00:00.000,7.7137,7.6645,7.7137,7.6645,90400.0,705120.0
20211011,2021.10.11T09:31:00.000,7.6744,7.6252,7.694,7.5957,59400.0,462449.0
20211011,2021.10.11T15:00:00.000,7.468,7.468,7.468,7.468,34400.0,261440.0
20211012,2021.10.12T09:31:00.000,7.5171,7.4484,7.5171,7.4287,94400.0,718949.0
20211012,2021.10.12T15:00:00.000,7.3108,7.3108,7.3108,7.3108,38300.0,284952.0
20211013,2021.10.13T09:31:00.000,7.3108,7.3206,7.3501,7.2715,56700.0,421893.0
20211013,2021.10.13T15:00:00.000,7.6154,7.5859,7.6154,7.5859,260000.0,2007200.0
20211014,2021.10.14T09:31:00.000,7.5761,7.5663,7.5859,7.527,69500.0,535438.0
20211014,2021.10.14T15:00:00.000,7.7628,7.753,7.7628,7.753,83000.0,654870.0
20211015,2021.10.15T09:31:00.000,7.7137,7.7726,7.8611,7.6645,455900.0,3591075.0
20211015,2021.10.15T15:00:00.000,7.4385,7.4385,7.4385,7.4385,95600.0,723692.0
20211018,2021.10.18T09:31:00.000,7.4385,7.5368,7.5663,7.4189,278600.0,2121591.0
20211018,2021.10.18T15:00:00.000,7.5073,7.4975,7.5073,7.4975,88500.0,675255.0
20211019,2021.10.19T09:31:00.000,7.5564,7.9495,8.0085,7.5564,1585450.0,12676498.0
20211019,2021.10.19T15:00:00.000,8.2443,8.2443,8.2443,8.2443,32000.0,268480.0
20211020,2021.10.20T09:31:00.000,8.1558,7.8611,8.1558,7.8611,2219600.0,18210721.0
20211020,2021.10.20T15:00:00.000,7.9593,7.9593,7.9593,7.9593,267700.0,2168370.0
20211021,2021.10.21T09:31:00.000,7.8218,7.8611,7.9495,7.8218,529600.0,4233327.0
20211021,2021.10.21T15:00:00.000,8.0085,7.9888,8.0085,7.9888,269547.0,2191417.0
20211022,2021.10.22T09:31:00.000,7.979,7.9397,8.0183,7.9298,303700.0,2462774.0
20211022,2021.10.22T15:00:00.000,7.7137,7.694,7.7137,7.694,236615.0,1852695.0
20211025,2021.10.25T09:31:00.000,7.3697,7.3108,7.3894,7.2617,1648300.0,12302602.0
20211025,2021.10.25T15:00:00.000,8.1558,8.1558,8.1558,8.1558,295000.0,2448500.0
20211026,2021.10.26T09:31:00.000,8.205,8.0969,8.2345,8.0969,466600.0,3883388.0
20211026,2021.10.26T15:00:00.000,7.979,7.9691,7.979,7.9691,84700.0,686917.0
20211027,2021.10.27T09:31:00.000,7.9888,7.9102,8.0085,7.8905,175500.0,1420626.0
20211027,2021.10.27T15:00:00.000,7.9298,7.9298,7.9298,7.9298,149500.0,1206465.0
20211028,2021.10.28T09:31:00.000,7.8905,7.7824,7.8905,7.7628,139900.0,1113657.0
20211028,2021.10.28T15:00:00.000,7.3992,7.3894,7.3992,7.3894,134800.0,1013696.0
20211029,2021.10.29T09:31:00.000,7.3599,7.4189,7.468,7.3599,116900.0,878996.0
20211029,2021.10.29T15:00:00.000,7.3697,7.3599,7.3697,7.3599,139800.0,1047102.0
20211101,2021.11.01T09:31:00.000,8.0969,8.0969,8.0969,8.0969,4854200.0,39998608.0
20211101,2021.11.01T15:00:00.000,8.0969,8.0969,8.0969,8.0969,8700.0,71688.0
20211102,2021.11.02T09:31:00.000,8.9026,8.9026,8.9026,8.9026,2417850.0,21905721.0
20211102,2021.11.02T15:00:00.000,8.9026,8.9026,8.9026,8.9026,41700.0,377802.0
20211103,2021.11.03T09:31:00.000,9.335,9.0107,9.335,8.9026,8757100.0,82035899.0
20211103,2021.11.03T15:00:00.000,9.168,9.1778,9.1778,9.168,752520.0,7028536.0
20211104,2021.11.04T09:31:00.000,9.3743,9.4529,9.6101,9.3743,4687470.0,45178751.0
20211104,2021.11.04T15:00:00.000,10.0916,10.0916,10.0916,10.0916,598600.0,6147622.0
20211105,2021.11.05T09:31:00.000,9.561,9.4136,9.7575,9.4038,7175600.0,69896734.0
20211105,2021.11.05T15:00:00.000,9.3645,9.3645,9.3645,9.3645,1116350.0,10638816.0
20211108,2021.11.08T09:31:00.000,9.4627,9.2957,9.5315,9.2662,1750100.0,16802912.0
20211108,2021.11.08T15:00:00.000,9.7182,9.6789,9.7182,9.6789,415200.0,4089720.0
20211109,2021.11.09T09:31:00.000,9.5807,9.6593,9.7674,9.5414,1626500.0,15898517.0
20211109,2021.11.09T15:00:00.000,10.1702,10.1604,10.1702,10.1604,488950.0,5055743.0
20211110,2021.11.10T09:31:00.000,9.9737,10.2095,10.2194,9.9737,1179486.0,12083439.0
20211110,2021.11.10T15:00:00.000,10.6124,10.6714,10.6714,10.6124,876618.0,9520071.0
20211111,2021.11.11T09:31:00.000,10.6124,10.5731,10.7303,10.3962,2927400.0,31592197.0
20211111,2021.11.11T15:00:00.000,10.2292,10.2292,10.2292,10.2292,717400.0,7468134.0
20211112,2021.11.12T09:31:00.000,10.2095,10.0818,10.2685,10.0818,652300.0,6767681.0
20211112,2021.11.12T15:00:00.000,10.2783,10.2489,10.2783,10.2489,821423.0,8567442.0
20211115,2021.11.15T09:31:00.000,10.3471,10.2194,10.4454,10.2194,1065100.0,11206401.0
20211115,2021.11.15T15:00:00.000,9.9442,9.9541,9.9541,9.9442,703100.0,7122403.0
20211116,2021.11.16T09:31:00.000,9.9246,9.6593,9.9639,9.5905,1333900.0,13282999.0
20211116,2021.11.16T15:00:00.000,9.3154,9.3252,9.3252,9.3154,809100.0,7678359.0
20211117,2021.11.17T09:31:00.000,9.3841,9.4627,9.4726,9.335,925600.0,8859111.0
20211117,2021.11.17T15:00:00.000,10.2587,10.2587,10.2587,10.2587,43400.0,453096.0
20211118,2021.11.18T09:31:00.000,10.3962,10.1309,10.4061,10.1211,1576600.0,16580908.0
20211118,2021.11.18T15:00:00.000,10.1211,10.1211,10.1211,10.1211,283400.0,2919020.0
20211119,2021.11.19T09:31:00.000,10.1211,10.0622,10.2194,10.0228,540700.0,5562846.0
20211119,2021.11.19T15:00:00.000,10.809,10.7991,10.809,10.7991,605500.0,6654445.0
20211122,2021.11.22T09:31:00.000,10.7107,10.6517,10.9367,10.6026,880100.0,9581951.0
20211122,2021.11.22T15:00:00.000,10.524,10.5535,10.5535,10.524,340250.0,3654285.0
20211123,2021.11.23T09:31:00.000,10.5338,10.4356,10.6124,10.4159,783900.0,8392904.0
20211123,2021.11.23T15:00:00.000,10.1408,10.1408,10.1408,10.1408,354146.0,3654787.0
20211124,2021.11.24T09:31:00.000,9.9246,9.9934,10.0327,9.9049,425900.0,4323288.0
20211124,2021.11.24T15:00:00.000,9.9541,9.9246,9.9541,9.9246,565695.0,5713519.0
20211125,2021.11.25T09:31:00.000,9.9148,9.8067,9.9148,9.8067,530800.0,5331162.0
20211125,2021.11.25T15:00:00.000,9.5021,9.5021,9.5021,9.5021,237800.0,2299526.0
20211126,2021.11.26T09:31:00.000,9.3448,9.3252,9.3743,9.276,775900.0,7359669.0
20211126,2021.11.26T15:00:00.000,9.787,9.787,9.787,9.787,353600.0,3521856.0
20211129,2021.11.29T09:31:00.000,9.561,9.5217,9.5807,9.4726,712150.0,6903741.0
20211129,2021.11.29T15:00:00.000,9.8656,9.8656,9.8656,9.8656,309500.0,3107380.0
20211130,2021.11.30T09:31:00.000,9.8755,9.8558,9.9246,9.846,562000.0,5655802.0
20211130,2021.11.30T15:00:00.000,9.7674,9.7674,9.7674,9.7674,166795.0,1657943.0
20211201,2021.12.01T09:31:00.000,9.6789,9.6691,9.7281,9.6691,289700.0,2856184.0
20211201,2021.12.01T15:00:00.000,9.7379,9.7182,9.7379,9.7182,503000.0,4974670.0
20211202,2021.12.02T09:31:00.000,9.6003,9.561,9.6003,9.5512,395500.0,3855836.0
20211202,2021.12.02T15:00:00.000,9.2367,9.2073,9.2367,9.2073,482750.0,4523367.0
20211203,2021.12.03T09:31:00.000,9.2269,9.2367,9.2957,9.2269,165600.0,1559633.0
20211203,2021.12.03T15:00:00.000,9.2662,9.2662,9.2662,9.2662,276500.0,2607395.0
20211206,2021.12.06T09:31:00.000,9.276,9.1287,9.2859,9.109,363200.0,3395961.0
20211206,2021.12.06T15:00:00.000,9.0697,9.0697,9.0697,9.0697,305145.0,2816488.0
20211207,2021.12.07T09:31:00.000,9.1188,9.0893,9.1287,9.0893,215700.0,2000644.0
20211207,2021.12.07T15:00:00.000,8.7454,8.7258,8.7454,8.7258,139300.0,1236984.0
20211208,2021.12.08T09:31:00.000,8.7356,8.942,8.9714,8.7356,312300.0,2821265.0
20211208,2021.12.08T15:00:00.000,8.8044,8.7946,8.8044,8.7946,161900.0,1449005.0
20211209,2021.12.09T09:31:00.000,8.8437,8.7553,8.8437,8.7454,230300.0,2062323.0
20211209,2021.12.09T15:00:00.000,8.6766,8.6766,8.6766,8.6766,132200.0,1167326.0
20211210,2021.12.10T09:31:00.000,8.6766,8.598,8.6865,8.598,172600.0,1516123.0
20211210,2021.12.10T15:00:00.000,8.7749,8.7847,8.7847,8.7749,170960.0,1528382.0
20211213,2021.12.13T09:31:00.000,8.8339,8.8339,8.8633,8.7946,504600.0,4538525.0
20211213,2021.12.13T15:00:00.000,9.2073,9.1974,9.2073,9.1974,490100.0,4587336.0
20211214,2021.12.14T09:31:00.000,9.0795,9.109,9.1287,9.05,312300.0,2887545.0
20211214,2021.12.14T15:00:00.000,8.9911,8.9813,8.9911,8.9813,216700.0,1980638.0
20211215,2021.12.15T09:31:00.000,8.8928,8.8044,8.9125,8.8044,400400.0,3612500.0
20211215,2021.12.15T15:00:00.000,8.8732,8.8732,8.8732,8.8732,100700.0,909321.0
20211216,2021.12.16T09:31:00.000,8.8437,8.824,8.8437,8.8044,138300.0,1243087.0
20211216,2021.12.16T15:00:00.000,9.0009,9.0206,9.0206,9.0009,159100.0,1460538.0
20211217,2021.12.17T09:31:00.000,9.0599,8.9813,9.0599,8.9813,174500.0,1604299.0
20211217,2021.12.17T15:00:00.000,8.7258,8.7258,8.7258,8.7258,147600.0,1310688.0
20211220,2021.12.20T09:31:00.000,8.7258,8.6766,8.7749,8.6668,126300.0,1120762.0
20211220,2021.12.20T15:00:00.000,8.3917,8.372,8.3917,8.372,110800.0,944016.0
20211221,2021.12.21T09:31:00.000,8.3917,8.431,8.431,8.372,129900.0,1108377.0
20211221,2021.12.21T15:00:00.000,8.4506,8.4506,8.4506,8.4506,75800.0,651880.0
20211222,2021.12.22T09:31:00.000,8.4408,8.4605,8.4703,8.4113,110100.0,946285.0
20211222,2021.12.22T15:00:00.000,8.3819,8.372,8.3819,8.372,41000.0,349320.0
20211223,2021.12.23T09:31:00.000,8.3524,8.2934,8.3622,8.2934,144300.0,1222832.0
20211223,2021.12.23T15:00:00.000,8.431,8.4408,8.4408,8.431,150600.0,1293654.0
20211224,2021.12.24T09:31:00.000,8.431,8.3622,8.4408,8.3524,115200.0,984075.0
20211224,2021.12.24T15:00:00.000,8.0085,7.9986,8.0085,7.9986,161450.0,1314203.0
20211227,2021.12.27T09:31:00.000,7.9495,7.8414,7.979,7.8119,221300.0,1777939.0
20211227,2021.12.27T15:00:00.000,7.979,7.979,7.979,7.979,86900.0,705628.0
20211228,2021.12.28T09:31:00.000,8.0379,7.979,8.0379,7.9397,49000.0,397932.0
20211228,2021.12.28T15:00:00.000,8.0576,8.0478,8.0576,8.0478,69750.0,571252.0
20211229,2021.12.29T09:31:00.000,8.1657,8.0772,8.1657,8.0674,149400.0,1238170.0
20211229,2021.12.29T15:00:00.000,8.0183,8.0085,8.0183,8.0085,71200.0,580280.0
20211230,2021.12.30T09:31:00.000,7.9691,8.0576,8.0969,7.9495,244400.0,1986841.0
20211230,2021.12.30T15:00:00.000,8.0281,8.0281,8.0281,8.0281,119700.0,977949.0
20211231,2021.12.31T09:31:00.000,8.0478,8.0478,8.0871,8.0379,73000.0,598255.0
20211231,2021.12.31T15:00:00.000,8.2541,8.2639,8.2639,8.2541,167200.0,1406152.0
20220104,2022.01.04T09:31:00.000,8.2836,8.1165,8.2836,8.1165,332900.0,2780777.0
20220104,2022.01.04T15:00:00.000,8.2246,8.2246,8.2246,8.2246,72600.0,607662.0
20220105,2022.01.05T09:31:00.000,8.2246,8.1657,8.2246,8.1657,115400.0,961753.0
20220105,2022.01.05T15:00:00.000,8.2443,8.2443,8.2443,8.2443,113500.0,952265.0
20220106,2022.01.06T09:31:00.000,8.1657,8.1362,8.1657,8.1165,105850.0,877474.0
20220106,2022.01.06T15:00:00.000,7.9986,7.9888,7.9986,7.9888,126700.0,1030071.0
20220107,2022.01.07T09:31:00.000,7.979,7.9593,8.0085,7.9593,119000.0,966293.0
20220107,2022.01.07T15:00:00.000,7.7431,7.7431,7.7431,7.7431,179800.0,1416824.0
20220110,2022.01.10T09:31:00.000,7.7431,7.6744,7.7824,7.6744,83500.0,655844.0
20220110,2022.01.10T15:00:00.000,7.753,7.753,7.753,7.753,126900.0,1001241.0
20220111,2022.01.11T09:31:00.000,7.753,7.7333,7.7923,7.7235,93500.0,737787.0
20220111,2022.01.11T15:00:00.000,7.6842,7.6842,7.6842,7.6842,85707.0,670228.0
20220112,2022.01.12T09:31:00.000,7.7235,7.7038,7.7235,7.694,50200.0,393859.0
20220112,2022.01.12T15:00:00.000,7.8414,7.8414,7.8414,7.8414,110300.0,880194.0
20220113,2022.01.13T09:31:00.000,7.8414,7.8611,7.8807,7.8316,97400.0,777827.0
20220113,2022.01.13T15:00:00.000,7.7431,7.7431,7.7431,7.7431,48090.0,378949.0
20220114,2022.01.14T09:31:00.000,7.694,7.6842,7.7431,7.6842,81900.0,641507.0
20220114,2022.01.14T15:00:00.000,7.6842,7.6744,7.6842,7.6744,122200.0,954382.0
20220117,2022.01.17T09:31:00.000,7.8119,7.9298,7.9298,7.7628,668100.0,5333155.0
20220117,2022.01.17T15:00:00.000,7.9102,7.9102,7.9102,7.9102,66600.0,536130.0
20220118,2022.01.18T09:31:00.000,7.92,7.8414,7.9298,7.8119,338900.0,2712124.0
20220118,2022.01.18T15:00:00.000,7.7628,7.7628,7.7628,7.7628,94000.0,742600.0
20220119,2022.01.19T09:31:00.000,7.7038,7.7137,7.7333,7.6842,54300.0,426042.0
20220119,2022.01.19T15:00:00.000,7.6842,7.6744,7.6842,7.6744,48300.0,377223.0
20220120,2022.01.20T09:31:00.000,7.6744,7.6547,7.6744,7.6449,23200.0,181121.0
20220120,2022.01.20T15:00:00.000,7.3697,7.3599,7.3697,7.3599,84800.0,635152.0
20220121,2022.01.21T09:31:00.000,7.3403,7.3501,7.3599,7.3206,89750.0,670210.0
20220121,2022.01.21T15:00:00.000,7.3108,7.3108,7.3108,7.3108,41000.0,305040.0
20220124,2022.01.24T09:31:00.000,7.3108,7.301,7.3599,7.301,73500.0,546997.0
20220124,2022.01.24T15:00:00.000,7.2322,7.242,7.242,7.2322,105000.0,773850.0
20220125,2022.01.25T09:31:00.000,7.2813,7.2813,7.2911,7.2617,43600.0,322961.0
20220125,2022.01.25T15:00:00.000,6.9079,6.9276,6.9276,6.9079,97000.0,683850.0
20220126,2022.01.26T09:31:00.000,6.9374,6.9963,7.0062,6.9374,48000.0,340567.0
20220126,2022.01.26T15:00:00.000,6.9865,7.0062,7.0062,6.9865,98700.0,703731.0
20220127,2022.01.27T09:31:00.000,7.016,6.9865,7.016,6.957,72500.0,515502.0
20220127,2022.01.27T15:00:00.000,6.7507,6.7507,6.7507,6.7507,78000.0,535860.0
20220128,2022.01.28T09:31:00.000,6.7703,6.79,6.8391,6.7703,29700.0,205472.0
20220128,2022.01.28T15:00:00.000,6.8489,6.8391,6.8489,6.8391,52200.0,363312.0
20220207,2022.02.07T09:31:00.000,6.9767,6.957,7.016,6.9374,205100.0,1456554.0
20220207,2022.02.07T15:00:00.000,6.8293,6.8293,6.8293,6.8293,53100.0,369045.0
20220208,2022.02.08T09:31:00.000,6.8784,6.8195,6.8784,6.8096,107900.0,751873.0
20220208,2022.02.08T15:00:00.000,6.9079,6.9079,6.9079,6.9079,66600.0,468198.0
20220209,2022.02.09T09:31:00.000,6.9276,6.8784,6.9374,6.8784,117400.0,826200.0
20220209,2022.02.09T15:00:00.000,6.957,6.9669,6.9669,6.957,115900.0,821731.0
20220210,2022.02.10T09:31:00.000,6.9669,6.9177,6.9669,6.9177,36100.0,255199.0
20220210,2022.02.10T15:00:00.000,6.7998,6.7802,6.7998,6.7802,101700.0,701730.0
20220211,2022.02.11T09:31:00.000,6.8096,6.7507,6.8195,6.731,145100.0,1004176.0
20220211,2022.02.11T15:00:00.000,6.5149,6.5149,6.5149,6.5149,123550.0,819137.0
20220214,2022.02.14T09:31:00.000,6.5247,6.4657,6.5247,6.4657,131400.0,869936.0
20220214,2022.02.14T15:00:00.000,6.4755,6.4657,6.4755,6.4657,115400.0,759332.0
20220215,2022.02.15T09:31:00.000,6.5345,6.4952,6.5345,6.4657,136400.0,904132.0
20220215,2022.02.15T15:00:00.000,6.4755,6.4755,6.4755,6.4755,86900.0,572671.0
20220216,2022.02.16T09:31:00.000,6.4854,6.5247,6.5542,6.4854,156100.0,1035738.0
20220216,2022.02.16T15:00:00.000,6.5935,6.5836,6.5935,6.5836,170000.0,1139000.0
20220217,2022.02.17T09:31:00.000,6.6328,6.5542,6.6328,6.5345,194100.0,1299115.0
20220217,2022.02.17T15:00:00.000,6.7802,6.7802,6.7802,6.7802,184100.0,1270290.0
20220218,2022.02.18T09:31:00.000,6.7016,6.7409,6.7605,6.6622,577500.0,3940549.0
20220218,2022.02.18T15:00:00.000,6.7409,6.731,6.7409,6.731,101500.0,695275.0
20220221,2022.02.21T09:31:00.000,6.7212,6.6917,6.731,6.6721,242800.0,1655786.0
20220221,2022.02.21T15:00:00.000,6.8293,6.8293,6.8293,6.8293,167700.0,1165515.0
20220222,2022.02.22T09:31:00.000,6.7802,6.7409,6.7802,6.7114,257300.0,1768899.0
20220222,2022.02.22T15:00:00.000,6.6917,6.6917,6.6917,6.6917,72600.0,494406.0
20220223,2022.02.23T09:31:00.000,6.7212,6.7016,6.731,6.6819,177500.0,1211187.0
20220223,2022.02.23T15:00:00.000,6.8096,6.8195,6.8195,6.8096,172100.0,1194374.0
20220224,2022.02.24T09:31:00.000,6.8096,6.7802,6.8588,6.7703,166200.0,1150547.0
20220224,2022.02.24T15:00:00.000,6.5935,6.5836,6.5935,6.5836,35200.0,235840.0
20220225,2022.02.25T09:31:00.000,6.5836,6.6524,6.6524,6.5836,295500.0,1990134.0
20220225,2022.02.25T15:00:00.000,6.7212,6.7212,6.7212,6.7212,228100.0,1560204.0
20220228,2022.02.28T09:31:00.000,6.6819,6.6426,6.7507,6.6426,173400.0,1179960.0
20220228,2022.02.28T15:00:00.000,6.6328,6.6328,6.6328,6.6328,85600.0,577800.0
20220301,2022.03.01T09:31:00.000,6.6524,6.6917,6.6917,6.6524,171600.0,1164731.0
20220301,2022.03.01T15:00:00.000,6.7409,6.731,6.7409,6.731,101400.0,694590.0
20220302,2022.03.02T09:31:00.000,6.6819,6.6622,6.7016,6.6622,82800.0,563164.0
20220302,2022.03.02T15:00:00.000,6.7016,6.6819,6.7016,6.6819,66900.0,454920.0
20220303,2022.03.03T09:31:00.000,6.7605,6.7409,6.7605,6.731,170200.0,1169521.0
20220303,2022.03.03T15:00:00.000,6.6426,6.6229,6.6426,6.6229,113900.0,767686.0
20220304,2022.03.04T09:31:00.000,6.731,6.6426,6.7409,6.6229,1124700.0,7675513.0
20220304,2022.03.04T15:00:00.000,6.3969,6.3969,6.3969,6.3969,108000.0,703080.0
20220307,2022.03.07T09:31:00.000,6.3478,6.3183,6.3969,6.3085,257200.0,1660795.0
20220307,2022.03.07T15:00:00.000,6.2397,6.2888,6.2888,6.2397,137800.0,881920.0
20220308,2022.03.08T09:31:00.000,6.2692,6.2987,6.3085,6.2495,43000.0,274718.0
20220308,2022.03.08T15:00:00.000,6.0923,6.0825,6.0923,6.0825,51800.0,320642.0
20220309,2022.03.09T09:31:00.000,6.0825,6.1218,6.1513,6.0727,49200.0,305958.0
20220309,2022.03.09T15:00:00.000,6.2004,6.2004,6.2004,6.2004,93200.0,588092.0
20220310,2022.03.10T09:31:00.000,6.2692,6.2987,6.3085,6.2692,245100.0,1567480.0
20220310,2022.03.10T15:00:00.000,6.1611,6.1611,6.1611,6.1611,73700.0,462099.0
20220311,2022.03.11T09:31:00.000,6.1021,6.0334,6.112,6.0137,282500.0,1744019.0
20220311,2022.03.11T15:00:00.000,6.2102,6.2102,6.2102,6.2102,91500.0,578280.0
20220314,2022.03.14T09:31:00.000,6.1415,6.1808,6.1906,6.1021,184900.0,1156278.0
20220314,2022.03.14T15:00:00.000,6.0628,6.0628,6.0628,6.0628,42400.0,261608.0
20220315,2022.03.15T09:31:00.000,6.0628,6.0334,6.0825,6.0137,96900.0,596091.0
20220315,2022.03.15T15:00:00.000,5.827,5.8172,5.827,5.8172,56600.0,335072.0
20220316,2022.03.16T09:31:00.000,5.9941,5.8958,6.0137,5.8761,128700.0,778501.0
20220316,2022.03.16T15:00:00.000,6.0235,6.0235,6.0235,6.0235,86100.0,527793.0
20220317,2022.03.17T09:31:00.000,6.1021,6.0923,6.1218,6.053,217500.0,1349319.0
20220317,2022.03.17T15:00:00.000,6.0825,6.0923,6.0923,6.0825,79200.0,491040.0
20220318,2022.03.18T09:31:00.000,6.053,6.0432,6.0923,6.0432,104400.0,643567.0
20220318,2022.03.18T15:00:00.000,6.2299,6.2299,6.2299,6.2299,129400.0,820396.0
20220321,2022.03.21T09:31:00.000,6.2201,6.2299,6.2594,6.2201,144900.0,919695.0
20220321,2022.03.21T15:00:00.000,6.3183,6.3282,6.3282,6.3183,62600.0,403144.0
20220322,2022.03.22T09:31:00.000,6.5247,6.5149,6.5738,6.4952,1214200.0,8066294.0
20220322,2022.03.22T15:00:00.000,6.6819,6.6622,6.6819,6.6622,242500.0,1644150.0
20220323,2022.03.23T09:31:00.000,6.3871,6.4854,6.505,6.2495,2280530.0,14848092.0
20220323,2022.03.23T15:00:00.000,6.4166,6.4166,6.4166,6.4166,209700.0,1369341.0
20220324,2022.03.24T09:31:00.000,6.3282,6.3871,6.3871,6.279,741800.0,4775178.0
20220324,2022.03.24T15:00:00.000,6.1611,6.1611,6.1611,6.1611,145300.0,911031.0
20220325,2022.03.25T09:31:00.000,6.1513,6.2102,6.2201,6.1415,222700.0,1401473.0
20220325,2022.03.25T15:00:00.000,6.0825,6.0727,6.0825,6.0727,202162.0,1249361.0
20220328,2022.03.28T09:31:00.000,6.0727,6.0137,6.0825,6.0137,163000.0,1004795.0
20220328,2022.03.28T15:00:00.000,6.2594,6.2594,6.2594,6.2594,102700.0,654199.0
20220329,2022.03.29T09:31:00.000,6.2495,6.2692,6.3085,6.2201,95100.0,605765.0
20220329,2022.03.29T15:00:00.000,6.0825,6.0923,6.0923,6.0825,74600.0,462520.0
20220330,2022.03.30T09:31:00.000,6.112,6.1316,6.1415,6.0923,84850.0,527881.0
20220330,2022.03.30T15:00:00.000,6.112,6.1218,6.1218,6.112,128700.0,801801.0
20220331,2022.03.31T09:31:00.000,6.0923,6.0432,6.0923,6.0334,228900.0,1412280.0
20220331,2022.03.31T15:00:00.000,6.0825,6.0825,6.0825,6.0825,53300.0,329927.0
20220401,2022.04.01T09:31:00.000,6.0923,6.053,6.0923,6.053,59400.0,366933.0
20220401,2022.04.01T15:00:00.000,6.1906,6.1906,6.1906,6.1906,266942.0,1681734.0
20220406,2022.04.06T09:31:00.000,6.1808,6.1709,6.1808,6.1316,183600.0,1152831.0
20220406,2022.04.06T15:00:00.000,6.2102,6.2102,6.2102,6.2102,118000.0,745760.0
20220407,2022.04.07T09:31:00.000,6.1906,6.1415,6.1906,6.1316,82200.0,515031.0
20220407,2022.04.07T15:00:00.000,6.0039,5.9941,6.0039,5.9941,202100.0,1232810.0
20220408,2022.04.08T09:31:00.000,5.9842,6.0039,6.0334,5.9842,82200.0,501630.0
20220408,2022.04.08T15:00:00.000,5.9154,5.8958,5.9154,5.8958,245900.0,1475400.0
20220411,2022.04.11T09:31:00.000,5.9056,5.8761,5.9253,5.8663,63400.0,380426.0
20220411,2022.04.11T15:00:00.000,5.6894,5.6993,5.6993,5.6894,216400.0,1255120.0
20220412,2022.04.12T09:31:00.000,5.6796,5.6403,5.6894,5.6403,90800.0,523180.0
20220412,2022.04.12T15:00:00.000,5.7582,5.7681,5.7681,5.7582,149050.0,874923.0
20220413,2022.04.13T09:31:00.000,5.7386,5.7287,5.7484,5.7189,65700.0,383366.0
20220413,2022.04.13T15:00:00.000,5.7091,5.7091,5.7091,5.7091,64000.0,371840.0
20220414,2022.04.14T09:31:00.000,5.7189,5.7484,5.7779,5.7091,106800.0,622222.0
20220414,2022.04.14T15:00:00.000,5.8074,5.7975,5.8074,5.7975,110150.0,649885.0
20220415,2022.04.15T09:31:00.000,5.7779,5.7386,5.7779,5.7091,61100.0,357742.0
20220415,2022.04.15T15:00:00.000,5.7975,5.7877,5.7975,5.7877,84100.0,495349.0
20220418,2022.04.18T09:31:00.000,5.9154,5.8761,5.9351,5.8467,555600.0,3333744.0
20220418,2022.04.18T15:00:00.000,5.9744,5.9842,5.9842,5.9744,182300.0,1110207.0
20220419,2022.04.19T09:31:00.000,5.9744,5.9449,5.9842,5.9056,275900.0,1668615.0
20220419,2022.04.19T15:00:00.000,5.8565,5.8368,5.8565,5.8368,122000.0,724680.0
20220420,2022.04.20T09:31:00.000,5.886,5.7877,5.886,5.7877,205800.0,1226797.0
20220420,2022.04.20T15:00:00.000,5.7779,5.7779,5.7779,5.7779,68900.0,405132.0
20220421,2022.04.21T09:31:00.000,5.7779,5.7386,5.7779,5.7386,83200.0,487059.0
20220421,2022.04.21T15:00:00.000,5.6207,5.6108,5.6207,5.6108,89100.0,508761.0
20220422,2022.04.22T09:31:00.000,5.5813,5.5322,5.5813,5.5126,90800.0,513139.0
20220422,2022.04.22T15:00:00.000,5.5322,5.542,5.542,5.5322,59600.0,336144.0
20220425,2022.04.25T09:31:00.000,5.4536,5.4438,5.4831,5.4143,155100.0,858210.0
20220425,2022.04.25T15:00:00.000,5.0507,5.0507,5.0507,5.0507,27800.0,142892.0
20220426,2022.04.26T09:31:00.000,5.09,5.09,5.149,5.09,82300.0,427252.0
20220426,2022.04.26T15:00:00.000,4.9819,4.9819,4.9819,4.9819,32800.0,166296.0
20220427,2022.04.27T09:31:00.000,4.9132,4.923,4.9623,4.9033,157000.0,785379.0
20220427,2022.04.27T15:00:00.000,5.09,5.09,5.09,5.09,62700.0,324786.0
20220428,2022.04.28T09:31:00.000,5.1097,5.0409,5.1097,5.0212,52500.0,270307.0
20220428,2022.04.28T15:00:00.000,4.8345,4.8247,4.8345,4.8247,126000.0,618660.0
20220429,2022.04.29T09:31:00.000,4.8837,4.9328,4.9525,4.8739,187800.0,940541.0
20220429,2022.04.29T15:00:00.000,5.2079,5.1981,5.2079,5.1981,61800.0,326922.0
20220505,2022.05.05T09:31:00.000,5.1195,5.1293,5.1686,5.1195,457400.0,2388867.0
20220505,2022.05.05T15:00:00.000,5.09,5.09,5.09,5.09,154400.0,799792.0
20220506,2022.05.06T09:31:00.000,5.0409,4.9819,5.0409,4.9525,423400.0,2154684.0
20220506,2022.05.06T15:00:00.000,5.0212,5.0114,5.0212,5.0114,105800.0,539580.0
20220509,2022.05.09T09:31:00.000,4.9819,5.0114,5.0311,4.9819,46500.0,236815.0
20220509,2022.05.09T15:00:00.000,5.1195,5.1293,5.1293,5.1195,114700.0,598734.0
20220510,2022.05.10T09:31:00.000,5.1195,5.0311,5.1195,5.0311,195800.0,1011431.0
20220510,2022.05.10T15:00:00.000,5.1588,5.1588,5.1588,5.1588,50000.0,262500.0
20220511,2022.05.11T09:31:00.000,5.1588,5.1883,5.1883,5.1588,44600.0,235074.0
20220511,2022.05.11T15:00:00.000,5.2374,5.2473,5.2473,5.2374,47000.0,250980.0
20220512,2022.05.12T09:31:00.000,5.2178,5.2178,5.2473,5.1981,134000.0,710442.0
20220512,2022.05.12T15:00:00.000,5.2571,5.2571,5.2571,5.2571,58600.0,313510.0
20220513,2022.05.13T09:31:00.000,5.2767,5.3062,5.3062,5.2669,78700.0,423103.0
20220513,2022.05.13T15:00:00.000,5.4045,5.4143,5.4143,5.4045,76800.0,423168.0
20220516,2022.05.16T09:31:00.000,5.4536,5.5322,5.5519,5.4536,288900.0,1620204.0
20220516,2022.05.16T15:00:00.000,5.4143,5.4241,5.4241,5.4143,82500.0,455400.0
20220517,2022.05.17T09:31:00.000,5.434,5.4045,5.4438,5.3946,88200.0,485739.0
20220517,2022.05.17T15:00:00.000,5.4831,5.4929,5.4929,5.4831,87700.0,490243.0
20220518,2022.05.18T09:31:00.000,5.4831,5.4831,5.5322,5.4241,185400.0,1036609.0
20220518,2022.05.18T15:00:00.000,5.6305,5.6403,5.6403,5.6305,153800.0,882812.0
20220519,2022.05.19T09:31:00.000,5.5813,5.5813,5.601,5.542,250700.0,1421403.0
20220519,2022.05.19T15:00:00.000,5.6403,5.6501,5.6501,5.6403,78700.0,452525.0
20220520,2022.05.20T09:31:00.000,5.6501,5.6993,5.7091,5.6207,222565.0,1284388.0
20220520,2022.05.20T15:00:00.000,5.7287,5.7386,5.7386,5.7287,71900.0,419896.0
20220523,2022.05.23T09:31:00.000,5.7779,5.7484,5.7779,5.7386,173100.0,1015214.0
20220523,2022.05.23T15:00:00.000,5.8663,5.9056,5.9056,5.8663,278800.0,1675588.0
20220524,2022.05.24T09:31:00.000,5.8761,5.9253,6.0137,5.8368,676200.0,4061843.0
20220524,2022.05.24T15:00:00.000,5.6796,5.6698,5.6796,5.6698,96700.0,557959.0
20220525,2022.05.25T09:31:00.000,5.6207,5.6894,5.6894,5.5813,652000.0,3737690.0
20220525,2022.05.25T15:00:00.000,5.8467,5.8663,5.8663,5.8467,145800.0,870426.0
20220526,2022.05.26T09:31:00.000,5.8663,5.9056,5.9449,5.8368,435850.0,2612980.0
20220526,2022.05.26T15:00:00.000,5.7681,5.7779,5.7779,5.7681,193400.0,1137192.0
20220527,2022.05.27T09:31:00.000,5.7779,5.7877,5.8368,5.7779,154200.0,910177.0
20220527,2022.05.27T15:00:00.000,5.7779,5.7681,5.7779,5.7681,103700.0,608719.0
20220530,2022.05.30T09:31:00.000,5.7779,5.7975,5.827,5.7681,249802.0,1473288.0
20220530,2022.05.30T15:00:00.000,5.7975,5.7975,5.7975,5.7975,79500.0,469050.0
20220531,2022.05.31T09:31:00.000,5.8172,5.7975,5.8467,5.7975,154400.0,914319.0
20220531,2022.05.31T15:00:00.000,5.7779,5.7779,5.7779,5.7779,71600.0,421008.0
20220601,2022.06.01T09:31:00.000,5.827,5.7975,5.827,5.7582,82900.0,489769.0
20220601,2022.06.01T15:00:00.000,5.9253,5.9253,5.9253,5.9253,88200.0,531846.0
20220602,2022.06.02T09:31:00.000,5.9056,5.8663,5.9154,5.8663,144000.0,864025.0
20220602,2022.06.02T15:00:00.000,6.0727,6.0727,6.0727,6.0727,115400.0,713172.0
20220606,2022.06.06T09:31:00.000,6.0727,6.0923,6.1218,6.0628,201307.0,1246937.0
20220606,2022.06.06T15:00:00.000,6.0235,6.0432,6.0432,6.0235,108700.0,668505.0
20220607,2022.06.07T09:31:00.000,6.0628,5.9842,6.0628,5.9842,113800.0,697116.0
20220607,2022.06.07T15:00:00.000,5.886,5.886,5.886,5.886,65407.0,391787.0
20220608,2022.06.08T09:31:00.000,5.8958,5.886,5.8958,5.8467,58500.0,350065.0
20220608,2022.06.08T15:00:00.000,5.9941,5.9842,5.9941,5.9842,172800.0,1052352.0
20220609,2022.06.09T09:31:00.000,5.9351,5.8467,5.9351,5.8172,418800.0,2509446.0
20220609,2022.06.09T15:00:00.000,5.7877,5.7877,5.7877,5.7877,30100.0,177289.0
20220610,2022.06.10T09:31:00.000,5.7582,5.7287,5.7582,5.7091,130300.0,759055.0
20220610,2022.06.10T15:00:00.000,5.9744,5.9842,5.9842,5.9744,188300.0,1146747.0
20220613,2022.06.13T09:31:00.000,6.0235,5.9548,6.0235,5.9351,387900.0,2357219.0
20220613,2022.06.13T15:00:00.000,6.2102,6.2201,6.2201,6.2102,786100.0,4976013.0
20220614,2022.06.14T09:31:00.000,6.2299,6.0923,6.2397,6.0923,989200.0,6220028.0
20220614,2022.06.14T15:00:00.000,6.2004,6.2004,6.2004,6.2004,231000.0,1457610.0
20220615,2022.06.15T09:31:00.000,6.2299,6.2201,6.2397,6.1906,324300.0,2053231.0
20220615,2022.06.15T15:00:00.000,6.0727,6.0727,6.0727,6.0727,83400.0,515412.0
20220616,2022.06.16T09:31:00.000,6.0923,6.0923,6.0923,6.053,180600.0,1117553.0
20220616,2022.06.16T15:00:00.000,6.0825,6.0825,6.0825,6.0825,50600.0,313214.0
20220617,2022.06.17T09:31:00.000,6.6917,6.6917,6.6917,6.6917,3087950.0,21028939.0
20220617,2022.06.17T15:00:00.000,6.6917,6.6917,6.6917,6.6917,48400.0,329604.0
20220620,2022.06.20T09:31:00.000,7.3599,7.3599,7.3599,7.3599,1383600.0,10363164.0
20220620,2022.06.20T15:00:00.000,7.3599,7.3599,7.3599,7.3599,33100.0,247919.0
20220621,2022.06.21T09:31:00.000,8.0969,8.0969,8.0969,8.0969,1190800.0,9812192.0
20220621,2022.06.21T15:00:00.000,8.0969,8.0969,8.0969,8.0969,14300.0,117832.0
20220622,2022.06.22T09:31:00.000,8.9026,8.9026,8.9026,8.9026,5304452.0,48058335.0
20220622,2022.06.22T15:00:00.000,8.9026,8.9026,8.9026,8.9026,27600.0,250056.0
20220623,2022.06.23T09:31:00.000,9.7968,9.7968,9.7968,9.7968,13317502.0,132775494.0
20220623,2022.06.23T15:00:00.000,9.7968,9.7968,9.7968,9.7968,5000.0,49850.0
20220624,2022.06.24T09:31:00.000,10.7795,10.7795,10.7795,10.7795,1728700.0,18963839.0
20220624,2022.06.24T15:00:00.000,10.7795,10.7795,10.7795,10.7795,37900.0,415763.0
20220627,2022.06.27T09:31:00.000,11.8604,11.8604,11.8604,11.8604,1459351.0,17614366.0
20220627,2022.06.27T15:00:00.000,11.8604,11.8604,11.8604,11.8604,24800.0,299336.0
20220628,2022.06.28T09:31:00.000,13.0435,13.0435,13.0435,13.0435,1912284.0,25299517.0
20220628,2022.06.28T15:00:00.000,13.0435,13.0435,13.0435,13.0435,146200.0,1934226.0
20220629,2022.06.29T09:31:00.000,14.3448,14.3448,14.3448,14.3448,1806956.0,26291209.0
20220629,2022.06.29T15:00:00.000,14.3448,14.3448,14.3448,14.3448,1153085.0,16777387.0
20220630,2022.06.30T09:31:00.000,12.9153,13.1125,13.1125,12.9153,35376378.0,463448112.0
20220630,2022.06.30T15:00:00.000,12.9153,12.9153,12.9153,12.9153,124500.0,1630950.0
20220701,2022.07.01T09:31:00.000,11.6238,11.6238,11.9491,11.6238,28707300.0,338862852.0
20220701,2022.07.01T15:00:00.000,11.6238,11.6238,11.6238,11.6238,2960500.0,34904295.0
20220704,2022.07.04T09:31:00.000,10.4703,10.5393,10.8252,10.4703,19962755.0,212825036.0
20220704,2022.07.04T15:00:00.000,10.4604,10.4604,10.4604,10.4604,157100.0,1666831.0
20220705,2022.07.05T09:31:00.000,9.8689,10.1055,10.1449,9.8689,5683201.0,57525077.0
20220705,2022.07.05T15:00:00.000,9.859,9.7998,9.859,9.7998,2930013.0,29124330.0
20220706,2022.07.06T09:31:00.000,9.7013,9.7604,9.7998,9.6914,3498300.0,34516741.0
20220706,2022.07.06T15:00:00.000,9.9872,9.997,9.997,9.9872,1754081.0,17786381.0
20220707,2022.07.07T09:31:00.000,9.7998,9.7111,9.8196,9.7111,2746600.0,27237507.0
20220707,2022.07.07T15:00:00.000,10.0463,9.9576,10.0463,9.9576,2785800.0,28136580.0
20220708,2022.07.08T09:31:00.000,9.7604,9.6815,9.8393,9.6717,5047100.0,49932822.0
20220708,2022.07.08T15:00:00.000,9.9379,9.9379,9.9379,9.9379,1461100.0,14727888.0
20220711,2022.07.11T09:31:00.000,9.8097,9.8294,9.9182,9.8097,2469300.0,24651254.0
20220711,2022.07.11T15:00:00.000,9.4844,9.4844,9.4844,9.4844,2903254.0,27929303.0
20220712,2022.07.12T09:31:00.000,9.2675,9.2773,9.3562,9.2675,4923000.0,46362050.0
20220712,2022.07.12T15:00:00.000,8.7252,8.7351,8.7351,8.7252,1681100.0,14894546.0
20220713,2022.07.13T09:31:00.000,8.7055,8.7548,8.8041,8.6365,1323800.0,11709208.0
20220713,2022.07.13T15:00:00.000,8.9421,8.9421,8.9421,8.9421,1197500.0,10861325.0
20220714,2022.07.14T09:31:00.000,8.7942,8.8534,8.9125,8.7942,2397800.0,21488318.0
20220714,2022.07.14T15:00:00.000,9.0407,9.0506,9.0506,9.0407,1132200.0,10393596.0
20220715,2022.07.15T09:31:00.000,9.0111,8.9815,9.0999,8.9815,1028600.0,9405760.0
20220715,2022.07.15T15:00:00.000,8.8337,8.7745,8.8337,8.7745,922100.0,8206690.0
20220718,2022.07.18T09:31:00.000,8.9125,8.883,8.9421,8.883,1112000.0,10052345.0
20220718,2022.07.18T15:00:00.000,9.1393,9.159,9.159,9.1393,1015000.0,9429350.0
20220719,2022.07.19T09:31:00.000,9.2477,9.1787,9.297,9.1492,2889800.0,27078476.0
20220719,2022.07.19T15:00:00.000,10.0759,10.0759,10.0759,10.0759,153200.0,1565704.0
20220720,2022.07.20T09:31:00.000,9.6224,9.7111,9.7407,9.5435,7513300.0,73484060.0
20220720,2022.07.20T15:00:00.000,9.1886,9.1886,9.1886,9.1886,1356600.0,12643512.0
20220721,2022.07.21T09:31:00.000,9.2675,9.159,9.3365,9.1492,3572800.0,33555273.0
20220721,2022.07.21T15:00:00.000,9.5928,9.6027,9.6027,9.5928,1266900.0,12339606.0
20220722,2022.07.22T09:31:00.000,9.4153,9.5632,9.6618,9.4153,2052737.0,19804908.0
20220722,2022.07.22T15:00:00.000,9.2379,9.228,9.2379,9.228,1014400.0,9494784.0
20220725,2022.07.25T09:31:00.000,9.3266,9.1196,9.3562,9.0703,1588300.0,14924348.0
20220725,2022.07.25T15:00:00.000,8.7351,8.7154,8.7351,8.7154,590300.0,5218252.0
20220726,2022.07.26T09:31:00.000,8.7745,8.6956,8.8041,8.6858,911100.0,8096174.0
20220726,2022.07.26T15:00:00.000,8.6069,8.6069,8.6069,8.6069,508300.0,4437459.0
20220727,2022.07.27T09:31:00.000,8.6562,8.6463,8.7055,8.6365,1063000.0,9344454.0
20220727,2022.07.27T15:00:00.000,9.1196,9.1294,9.1294,9.1196,919800.0,8517348.0
20220728,2022.07.28T09:31:00.000,9.1984,9.1393,9.2675,9.1196,1746200.0,16304106.0
20220728,2022.07.28T15:00:00.000,9.297,9.297,9.297,9.297,611300.0,5764559.0
20220729,2022.07.29T09:31:00.000,9.3858,9.5238,9.5337,9.3858,2482400.0,23699641.0
20220729,2022.07.29T15:00:00.000,10.2238,10.2238,10.2238,10.2238,196487.0,2037570.0
20220801,2022.08.01T09:31:00.000,10.2139,10.3618,10.421,10.1351,8938350.0,92829909.0
20220801,2022.08.01T15:00:00.000,10.6181,10.6181,10.6181,10.6181,1309707.0,14105544.0
20220802,2022.08.02T09:31:00.000,9.9773,9.9379,10.0562,9.9182,5487600.0,55554909.0
20220802,2022.08.02T15:00:00.000,9.6224,9.6125,9.6224,9.6125,1167900.0,11387025.0
20220803,2022.08.03T09:31:00.000,9.8886,10.0167,10.0266,9.8787,3858435.0,38845124.0
20220803,2022.08.03T15:00:00.000,9.7703,9.7703,9.7703,9.7703,815600.0,8082596.0
20220804,2022.08.04T09:31:00.000,9.6125,9.5534,9.6914,9.5435,1693900.0,16506007.0
20220804,2022.08.04T15:00:00.000,9.8393,9.8491,9.8491,9.8393,813600.0,8127864.0
20220805,2022.08.05T09:31:00.000,10.0365,9.9182,10.0463,9.79,2391000.0,24218431.0
20220805,2022.08.05T15:00:00.000,9.7013,9.7013,9.7013,9.7013,950200.0,9349968.0
20220808,2022.08.08T09:31:00.000,9.5632,9.3365,9.6618,9.3168,2273800.0,21951183.0
20220808,2022.08.08T15:00:00.000,9.79,9.79,9.79,9.79,547900.0,5440647.0
20220809,2022.08.09T09:31:00.000,9.8886,9.8491,9.9083,9.6815,2229300.0,22255026.0
20220809,2022.08.09T15:00:00.000,9.5534,9.5435,9.5534,9.5435,1320900.0,12786312.0
20220810,2022.08.10T09:31:00.000,9.3759,9.3858,9.4844,9.3562,1527300.0,14546231.0
20220810,2022.08.10T15:00:00.000,9.3168,9.3069,9.3168,9.3069,761400.0,7187616.0
20220811,2022.08.11T09:31:00.000,9.5928,9.4942,9.6421,9.4745,3372600.0,32730733.0
20220811,2022.08.11T15:00:00.000,9.5534,9.5534,9.5534,9.5534,476100.0,4613409.0
20220812,2022.08.12T09:31:00.000,9.366,9.4351,9.4646,9.366,3095400.0,29504901.0
20220812,2022.08.12T15:00:00.000,9.8097,9.8097,9.8097,9.8097,1063200.0,10578840.0
20220815,2022.08.15T09:31:00.000,9.5632,9.5139,9.6421,9.4646,2466400.0,23846363.0
20220815,2022.08.15T15:00:00.000,9.7604,9.7604,9.7604,9.7604,676596.0,6698301.0
20220816,2022.08.16T09:31:00.000,9.6717,9.652,9.7506,9.652,909800.0,8943886.0
20220816,2022.08.16T15:00:00.000,10.1646,10.1646,10.1646,10.1646,894100.0,9218171.0
20220817,2022.08.17T09:31:00.000,10.1548,9.9872,10.1548,9.9674,1813500.0,18479997.0
20220817,2022.08.17T15:00:00.000,10.0956,10.0956,10.0956,10.0956,1557900.0,15952896.0
20220818,2022.08.18T09:31:00.000,10.0463,10.0463,10.0562,9.9773,1503100.0,15284568.0
20220818,2022.08.18T15:00:00.000,10.1942,10.2041,10.2041,10.1942,849300.0,8790255.0
20220819,2022.08.19T09:31:00.000,10.0956,10.0365,10.1153,10.0365,1324700.0,13545694.0
20220819,2022.08.19T15:00:00.000,9.7111,9.6914,9.7111,9.6914,989400.0,9725802.0
20220822,2022.08.22T09:31:00.000,9.652,9.5337,9.652,9.4942,735600.0,7144929.0
20220822,2022.08.22T15:00:00.000,9.652,9.652,9.652,9.652,412300.0,4036417.0
20220823,2022.08.23T09:31:00.000,9.5632,9.6027,9.6027,9.5435,262600.0,2547985.0
20220823,2022.08.23T15:00:00.000,9.5534,9.5534,9.5534,9.5534,442600.0,4288794.0
20220824,2022.08.24T09:31:00.000,9.9576,10.1449,10.3421,9.9576,9219800.0,94572557.0
20220824,2022.08.24T15:00:00.000,10.1252,10.1252,10.1252,10.1252,935400.0,9606558.0
20220825,2022.08.25T09:31:00.000,9.7407,9.6618,9.7407,9.5829,6363800.0,62489149.0
20220825,2022.08.25T15:00:00.000,9.3365,9.2872,9.3365,9.2872,1549500.0,14596290.0
20220826,2022.08.26T09:31:00.000,9.1492,9.2576,9.2773,9.1492,1951000.0,18178072.0
20220826,2022.08.26T15:00:00.000,9.09,9.0801,9.09,9.0801,678500.0,6248985.0
20220829,2022.08.29T09:31:00.000,8.8731,8.5379,8.8731,8.4393,1997200.0,17678190.0
20220829,2022.08.29T15:00:00.000,8.9717,8.9717,8.9717,8.9717,560200.0,5097820.0
20220830,2022.08.30T09:31:00.000,9.021,9.0308,9.1196,8.9815,752900.0,6911832.0
20220830,2022.08.30T15:00:00.000,8.6069,8.5773,8.6069,8.5773,782400.0,6806880.0
20220831,2022.08.31T09:31:00.000,8.4985,8.4985,8.5379,8.4689,802600.0,6916861.0
20220831,2022.08.31T15:00:00.000,7.828,7.8379,7.8379,7.828,675100.0,5367045.0
20220901,2022.09.01T09:31:00.000,7.8872,7.8971,7.9858,7.8872,1019400.0,8196766.0
20220901,2022.09.01T15:00:00.000,7.8971,7.8872,7.8971,7.8872,429700.0,3437600.0
20220902,2022.09.02T09:31:00.000,7.9464,7.9759,7.9858,7.9365,827000.0,6678256.0
20220902,2022.09.02T15:00:00.000,8.0844,8.0844,8.0844,8.0844,482000.0,3952400.0
20220905,2022.09.05T09:31:00.000,8.0252,8.0449,8.0449,7.9562,477200.0,3874336.0
20220905,2022.09.05T15:00:00.000,7.9365,7.9365,7.9365,7.9365,374700.0,3016335.0
20220906,2022.09.06T09:31:00.000,7.9562,7.9661,7.9956,7.9266,453500.0,3661386.0
20220906,2022.09.06T15:00:00.000,8.1731,8.1731,8.1731,8.1731,556800.0,4615872.0
20220907,2022.09.07T09:31:00.000,8.0942,8.1534,8.1534,8.0844,577800.0,4752629.0
20220907,2022.09.07T15:00:00.000,8.2618,8.2618,8.2618,8.2618,350500.0,2937190.0
20220908,2022.09.08T09:31:00.000,8.3801,8.2914,8.3801,8.2816,1002400.0,8478029.0
20220908,2022.09.08T15:00:00.000,8.0942,8.0942,8.0942,8.0942,403100.0,3309451.0
20220909,2022.09.09T09:31:00.000,8.0449,8.0548,8.0844,8.0351,404700.0,3303968.0
20220909,2022.09.09T15:00:00.000,8.0548,8.0351,8.0548,8.0351,464700.0,3787305.0
20220913,2022.09.13T09:31:00.000,8.1534,8.2224,8.2421,8.1337,1060000.0,8823332.0
20220913,2022.09.13T15:00:00.000,8.1731,8.1731,8.1731,8.1731,204300.0,1693647.0
20220914,2022.09.14T09:31:00.000,7.9858,8.0154,8.0154,7.9365,629354.0,5089944.0
20220914,2022.09.14T15:00:00.000,7.9464,7.9365,7.9464,7.9365,157000.0,1263850.0
20220915,2022.09.15T09:31:00.000,8.0055,7.9661,8.0252,7.9562,285300.0,2311966.0
20220915,2022.09.15T15:00:00.000,7.6013,7.5914,7.6013,7.5914,264350.0,2035495.0
20220916,2022.09.16T09:31:00.000,7.6013,7.6013,7.621,7.5619,243300.0,1874526.0
20220916,2022.09.16T15:00:00.000,7.414,7.414,7.414,7.414,332200.0,2498144.0
20220919,2022.09.19T09:31:00.000,7.3745,7.414,7.414,7.3055,363454.0,2720165.0
20220919,2022.09.19T15:00:00.000,7.6407,7.6407,7.6407,7.6407,233300.0,1808075.0
20220920,2022.09.20T09:31:00.000,7.6802,7.7295,7.7788,7.6604,691654.0,5411427.0
20220920,2022.09.20T15:00:00.000,8.0351,8.0351,8.0351,8.0351,433500.0,3533025.0
20220921,2022.09.21T09:31:00.000,7.8872,7.8478,7.9365,7.7886,1194800.0,9517029.0
20220921,2022.09.21T15:00:00.000,8.0647,8.0647,8.0647,8.0647,546400.0,4469552.0
20220922,2022.09.22T09:31:00.000,7.9069,7.9759,7.9759,7.8971,505800.0,4064466.0
20220922,2022.09.22T15:00:00.000,7.8773,7.8773,7.8773,7.8773,219800.0,1756202.0
20220923,2022.09.23T09:31:00.000,7.9661,7.9562,8.0351,7.9464,817200.0,6612017.0
20220923,2022.09.23T15:00:00.000,7.6506,7.6506,7.6506,7.6506,175700.0,1363432.0
20220926,2022.09.26T09:31:00.000,7.5914,7.6013,7.6506,7.5126,742800.0,5715887.0
20220926,2022.09.26T15:00:00.000,7.8083,7.8083,7.8083,7.8083,250300.0,1982376.0
20220927,2022.09.27T09:31:00.000,7.7689,7.8478,7.8478,7.7295,500400.0,3958616.0
20220927,2022.09.27T15:00:00.000,7.9069,7.9069,7.9069,7.9069,523000.0,4194460.0
20220928,2022.09.28T09:31:00.000,7.8872,7.7492,7.8872,7.7492,556000.0,4405463.0
20220928,2022.09.28T15:00:00.000,7.2957,7.2957,7.2957,7.2957,352100.0,2605540.0
20220929,2022.09.29T09:31:00.000,7.3844,7.4731,7.4731,7.3844,573400.0,4329498.0
20220929,2022.09.29T15:00:00.000,7.1675,7.1675,7.1675,7.1675,254000.0,1846580.0
20220930,2022.09.30T09:31:00.000,7.2168,7.1971,7.2266,7.1675,165400.0,1208797.0
20220930,2022.09.30T15:00:00.000,6.9605,6.9605,6.9605,6.9605,274000.0,1934440.0
20221010,2022.10.10T09:31:00.000,6.99,6.99,7.0492,6.9802,208050.0,1477746.0
20221010,2022.10.10T15:00:00.000,6.7436,6.7436,6.7436,6.7436,159216.0,1089037.0
20221011,2022.10.11T09:31:00.000,6.8224,6.7929,6.8421,6.7633,160200.0,1106143.0
20221011,2022.10.11T15:00:00.000,6.9407,6.9407,6.9407,6.9407,470300.0,3310912.0
20221012,2022.10.12T09:31:00.000,6.9013,6.9112,6.9506,6.9013,212500.0,1490818.0
20221012,2022.10.12T15:00:00.000,7.4534,7.4534,7.4534,7.4534,485700.0,3671892.0
20221013,2022.10.13T09:31:00.000,7.345,7.2759,7.3647,7.2266,2630100.0,19511808.0
20221013,2022.10.13T15:00:00.000,7.2365,7.2365,7.2365,7.2365,248800.0,1826192.0
20221014,2022.10.14T09:31:00.000,7.2759,7.2858,7.3154,7.2562,382800.0,2827990.0
20221014,2022.10.14T15:00:00.000,7.3745,7.3745,7.3745,7.3745,416496.0,3115390.0
20221017,2022.10.17T09:31:00.000,7.2957,7.3154,7.3351,7.2759,493900.0,3652813.0
20221017,2022.10.17T15:00:00.000,7.4633,7.4633,7.4633,7.4633,311200.0,2355784.0
20221018,2022.10.18T09:31:00.000,7.5224,7.5027,7.5816,7.4928,567400.0,4330540.0
20221018,2022.10.18T15:00:00.000,7.5816,7.5816,7.5816,7.5816,357200.0,2746868.0
20221019,2022.10.19T09:31:00.000,7.6309,7.5816,7.6604,7.5619,625600.0,4829485.0
20221019,2022.10.19T15:00:00.000,7.5717,7.5717,7.5717,7.5717,335800.0,2578944.0
20221020,2022.10.20T09:31:00.000,7.4928,7.4928,7.552,7.4534,444751.0,3383454.0
20221020,2022.10.20T15:00:00.000,7.4337,7.4337,7.4337,7.4337,168800.0,1272752.0
20221021,2022.10.21T09:31:00.000,7.4337,7.4238,7.4534,7.4041,125851.0,947375.0
20221021,2022.10.21T15:00:00.000,7.4731,7.4731,7.4731,7.4731,265700.0,2014006.0
20221024,2022.10.24T09:31:00.000,7.5126,7.5224,7.5717,7.4928,277100.0,2114462.0
20221024,2022.10.24T15:00:00.000,7.621,7.621,7.621,7.621,283100.0,2188363.0
20221025,2022.10.25T09:31:00.000,7.5224,7.5421,7.6013,7.5126,609100.0,4664162.0
20221025,2022.10.25T15:00:00.000,8.0351,8.0351,8.0351,8.0351,527400.0,4298310.0
20221026,2022.10.26T09:31:00.000,7.7886,7.8083,7.8379,7.7492,2872300.0,22707551.0
20221026,2022.10.26T15:00:00.000,8.0449,8.0449,8.0449,8.0449,450796.0,3678495.0
20221027,2022.10.27T09:31:00.000,8.114,8.0548,8.1238,8.0252,1018000.0,8352478.0
20221027,2022.10.27T15:00:00.000,7.8576,7.8576,7.8576,7.8576,330100.0,2630897.0
20221028,2022.10.28T09:31:00.000,7.7295,7.7985,7.828,7.7097,700800.0,5511409.0
20221028,2022.10.28T15:00:00.000,7.3647,7.3647,7.3647,7.3647,452901.0,3383171.0
20221031,2022.10.31T09:31:00.000,7.2759,7.3647,7.3745,7.2759,450388.0,3341465.0
20221031,2022.10.31T15:00:00.000,8.1041,8.1041,8.1041,8.1041,154115.0,1266825.0
20221101,2022.11.01T09:31:00.000,7.9759,8.1041,8.1041,7.9464,1963600.0,15963733.0
20221101,2022.11.01T15:00:00.000,8.0055,8.0055,8.0055,8.0055,822000.0,6674640.0
20221102,2022.11.02T09:31:00.000,7.9661,8.0154,8.0449,7.9464,966000.0,7834686.0
20221102,2022.11.02T15:00:00.000,8.1041,8.1041,8.1041,8.1041,921200.0,7572264.0
20221103,2022.11.03T09:31:00.000,8.1633,8.1041,8.183,8.0351,1299208.0,10713189.0
20221103,2022.11.03T15:00:00.000,8.1731,8.1731,8.1731,8.1731,457790.0,3795079.0
20221104,2022.11.04T09:31:00.000,8.0942,8.1633,8.183,8.0844,577500.0,4757905.0
20221104,2022.11.04T15:00:00.000,8.4196,8.4196,8.4196,8.4196,655900.0,5601386.0
20221107,2022.11.07T09:31:00.000,8.39,8.3703,8.4097,8.3407,881200.0,7490497.0
20221107,2022.11.07T15:00:00.000,8.3506,8.3506,8.3506,8.3506,290600.0,2461382.0
20221108,2022.11.08T09:31:00.000,8.3506,8.39,8.3999,8.3309,381800.0,3237388.0
20221108,2022.11.08T15:00:00.000,8.2224,8.2224,8.2224,8.2224,194900.0,1625466.0
20221109,2022.11.09T09:31:00.000,8.2323,8.2027,8.2717,8.1337,920200.0,7652619.0
20221109,2022.11.09T15:00:00.000,8.1435,8.1435,8.1435,8.1435,252600.0,2086476.0
20221110,2022.11.10T09:31:00.000,8.0548,8.1041,8.1435,8.0449,372700.0,3048495.0
20221110,2022.11.10T15:00:00.000,7.9956,7.9956,7.9956,7.9956,188000.0,1524680.0
20221111,2022.11.11T09:31:00.000,8.2323,8.1435,8.2618,8.1337,901800.0,7515299.0
20221111,2022.11.11T15:00:00.000,7.9266,7.9266,7.9266,7.9266,306100.0,2461044.0
20221114,2022.11.14T09:31:00.000,7.9562,7.9266,8.0055,7.9266,436600.0,3526631.0
20221114,2022.11.14T15:00:00.000,7.8083,7.8083,7.8083,7.8083,172200.0,1363824.0
20221115,2022.11.15T09:31:00.000,7.7492,7.7886,7.7985,7.7492,98500.0,776612.0
20221115,2022.11.15T15:00:00.000,7.9858,7.9858,7.9858,7.9858,275200.0,2229120.0
20221116,2022.11.16T09:31:00.000,7.9956,7.9759,7.9956,7.9661,254100.0,2057689.0
20221116,2022.11.16T15:00:00.000,7.6999,7.6999,7.6999,7.6999,300900.0,2350029.0
20221117,2022.11.17T09:31:00.000,7.6999,7.6309,7.7097,7.6013,423400.0,3289384.0
20221117,2022.11.17T15:00:00.000,7.6604,7.6604,7.6604,7.6604,287300.0,2232321.0
20221118,2022.11.18T09:31:00.000,7.6407,7.6604,7.69,7.6407,190100.0,1476494.0
20221118,2022.11.18T15:00:00.000,7.5619,7.5619,7.5619,7.5619,188400.0,1445028.0
20221121,2022.11.21T09:31:00.000,7.5717,7.4928,7.5717,7.4534,371000.0,2828408.0
20221121,2022.11.21T15:00:00.000,7.7295,7.7295,7.7295,7.7295,296000.0,2320640.0
20221122,2022.11.22T09:31:00.000,7.7295,7.6999,7.7393,7.69,224200.0,1754228.0
20221122,2022.11.22T15:00:00.000,7.4731,7.4731,7.4731,7.4731,100700.0,763306.0
20221123,2022.11.23T09:31:00.000,7.4337,7.4337,7.4534,7.3942,260300.0,1960770.0
20221123,2022.11.23T15:00:00.000,7.5323,7.5323,7.5323,7.5323,253800.0,1939032.0
20221124,2022.11.24T09:31:00.000,7.5027,7.5027,7.5323,7.4928,206200.0,1570144.0
20221124,2022.11.24T15:00:00.000,7.4731,7.4731,7.4731,7.4731,202200.0,1532676.0
20221125,2022.11.25T09:31:00.000,7.5027,7.483,7.5323,7.4534,188300.0,1431719.0
20221125,2022.11.25T15:00:00.000,7.3154,7.3154,7.3154,7.3154,173300.0,1285886.0
20221128,2022.11.28T09:31:00.000,7.2266,7.1971,7.2266,7.1576,434200.0,3171149.0
20221128,2022.11.28T15:00:00.000,7.2759,7.2759,7.2759,7.2759,108500.0,800730.0
20221129,2022.11.29T09:31:00.000,7.2759,7.3154,7.3351,7.2759,97300.0,720530.0
20221129,2022.11.29T15:00:00.000,7.4041,7.4041,7.4041,7.4041,217800.0,1635678.0
20221130,2022.11.30T09:31:00.000,7.414,7.4041,7.4238,7.3942,189800.0,1426244.0
20221130,2022.11.30T15:00:00.000,7.7196,7.7196,7.7196,7.7196,604251.0,4731285.0
20221201,2022.12.01T09:31:00.000,7.759,7.7886,7.8379,7.759,1255181.0,9899653.0
20221201,2022.12.01T15:00:00.000,7.6407,7.6407,7.6407,7.6407,154700.0,1198925.0
20221202,2022.12.02T09:31:00.000,7.6407,7.5816,7.6407,7.5816,155800.0,1202515.0
20221202,2022.12.02T15:00:00.000,7.7985,7.7985,7.7985,7.7985,392400.0,3103884.0
20221205,2022.12.05T09:31:00.000,7.7985,7.7788,7.8379,7.759,398300.0,3147651.0
20221205,2022.12.05T15:00:00.000,7.7295,7.7295,7.7295,7.7295,152300.0,1194032.0
20221206,2022.12.06T09:31:00.000,7.7295,7.69,7.7295,7.6802,196900.0,1538603.0
20221206,2022.12.06T15:00:00.000,7.7295,7.7295,7.7295,7.7295,325500.0,2551920.0
20221207,2022.12.07T09:31:00.000,7.7196,7.6604,7.7196,7.6506,134000.0,1044199.0
20221207,2022.12.07T15:00:00.000,7.6013,7.6013,7.6013,7.6013,190500.0,1468755.0
20221208,2022.12.08T09:31:00.000,7.6013,7.5717,7.6013,7.5717,135300.0,1040999.0
20221208,2022.12.08T15:00:00.000,7.5717,7.5717,7.5717,7.5717,342900.0,2633472.0
20221209,2022.12.09T09:31:00.000,7.5717,7.5717,7.6111,7.5421,118400.0,909428.0
20221209,2022.12.09T15:00:00.000,7.4731,7.4731,7.4731,7.4731,254800.0,1931384.0
20221212,2022.12.12T09:31:00.000,7.4731,7.4534,7.4731,7.4238,178900.0,1351607.0
20221212,2022.12.12T15:00:00.000,7.4041,7.4041,7.4041,7.4041,88800.0,666888.0
20221213,2022.12.13T09:31:00.000,7.4041,7.3844,7.4435,7.3745,71100.0,533511.0
20221213,2022.12.13T15:00:00.000,7.2858,7.2858,7.2858,7.2858,161850.0,1196072.0
20221214,2022.12.14T09:31:00.000,7.2759,7.3055,7.3154,7.2562,182600.0,1350625.0
20221214,2022.12.14T15:00:00.000,7.3055,7.3055,7.3055,7.3055,104100.0,771381.0
20221215,2022.12.15T09:31:00.000,7.3351,7.2858,7.345,7.2858,106300.0,788924.0
20221215,2022.12.15T15:00:00.000,7.5027,7.5027,7.5027,7.5027,357100.0,2717531.0
20221216,2022.12.16T09:31:00.000,7.4534,7.4337,7.4633,7.4238,266000.0,2007399.0
20221216,2022.12.16T15:00:00.000,7.2759,7.2759,7.2759,7.2759,113700.0,839106.0
20221219,2022.12.19T09:31:00.000,7.2759,7.3252,7.3252,7.2661,158100.0,1168431.0
20221219,2022.12.19T15:00:00.000,7.1675,7.1675,7.1675,7.1675,98700.0,717549.0
20221220,2022.12.20T09:31:00.000,7.1182,7.1478,7.1576,7.1083,78600.0,568628.0
20221220,2022.12.20T15:00:00.000,7.3154,7.3154,7.3154,7.3154,153700.0,1140454.0
20221221,2022.12.21T09:31:00.000,7.2858,7.2759,7.2858,7.2562,80600.0,594956.0
20221221,2022.12.21T15:00:00.000,7.0985,7.0985,7.0985,7.0985,120300.0,866160.0
20221222,2022.12.22T09:31:00.000,7.1379,7.1281,7.1478,7.1281,75100.0,543671.0
20221222,2022.12.22T15:00:00.000,6.9703,6.9703,6.9703,6.9703,105206.0,743807.0
20221223,2022.12.23T09:31:00.000,6.9013,6.9407,6.9605,6.8914,167800.0,1177369.0
20221223,2022.12.23T15:00:00.000,6.852,6.852,6.852,6.852,84300.0,585885.0
20221226,2022.12.26T09:31:00.000,6.8816,6.8914,6.8914,6.8619,47200.0,329477.0
20221226,2022.12.26T15:00:00.000,7.1083,7.1083,7.1083,7.1083,67100.0,483791.0
20221227,2022.12.27T09:31:00.000,7.1576,7.0985,7.1576,7.0689,138000.0,995575.0
20221227,2022.12.27T15:00:00.000,7.0886,7.0886,7.0886,7.0886,78300.0,562977.0
20221228,2022.12.28T09:31:00.000,7.0788,7.0295,7.0788,7.0097,106000.0,756640.0
20221228,2022.12.28T15:00:00.000,6.921,6.921,6.921,6.921,46200.0,324324.0
20221229,2022.12.29T09:31:00.000,6.9013,6.9309,6.9506,6.9013,91400.0,641707.0
20221229,2022.12.29T15:00:00.000,6.8619,6.8619,6.8619,6.8619,73100.0,508776.0
20221230,2022.12.30T09:31:00.000,6.9309,6.9309,6.9407,6.9112,98400.0,691799.0
20221230,2022.12.30T15:00:00.000,6.9999,6.9999,6.9999,6.9999,131200.0,931520.0
