date,time,market-val,margin,fund-avail,total-asset,profit,commission,account,mode
2013-01-02,17:00:00,0,0,3000000000,3000000000,0,0,stock,VMT
2020-01-02,16:00:00,0,0,3000000000,3000000000,0,0,stock,VMT
2020-01-03,16:00:00,0,0,3000000000,3000000000,0,0,stock,VMT
2020-01-06,16:00:00,0,0,3000000000,3000000000,0,0,stock,VMT
2020-01-07,16:00:00,0,0,3000000000,3000000000,0,0,stock,VMT
2020-01-08,16:00:00,0,0,3000000000,3000000000,0,0,stock,VMT
2020-01-09,16:00:00,0,0,3000000000,3000000000,0,0,stock,VMT
2020-01-10,16:00:00,0,0,3000000000,3000000000,0,0,stock,VMT
2020-01-13,16:00:00,0,0,3000000000,3000000000,0,0,stock,VMT
2020-01-14,16:00:00,0,0,3000000000,3000000000,0,0,stock,VMT
2020-01-15,16:00:00,1938036829,1938036829,1057204175.38,2995241004.38,-4758995.62,1743634.62,stock,VMT
2020-01-16,16:00:00,1940514569,1940514569,1045593173.34,2986107742.34,-13892257.66,1754056.66,stock,VMT
2020-01-17,16:00:00,1939074611,1939074611,1045593173.34,2984667784.34,-15332215.66,1754056.66,stock,VMT
2020-01-20,16:00:00,1954747293,1954747293,1045593173.34,3000340466.34,340466.34,1754056.66,stock,VMT
2020-01-21,16:00:00,1933450785,1933450785,1045593173.34,2979043958.34,-20956041.66,1754056.66,stock,VMT
2020-01-22,16:00:00,1923627316,1923627316,1045593173.34,2969220489.34,-30779510.66,1754056.66,stock,VMT
2020-01-23,16:00:00,1861954830,1861954830,1045593173.34,2907548003.34,-92451996.66,1754056.66,stock,VMT
2020-02-03,16:00:00,1702180701,1702180701,1045593173.34,2747773874.34,-252226125.66,1754056.66,stock,VMT
2020-02-04,16:00:00,1709947413,1709947413,1033982315.24,2743929728.24,-256070271.76,1764478.76,stock,VMT
2020-02-05,16:00:00,1749462842,1749462842,1033982315.24,2783445157.24,-216554842.76,1764478.76,stock,VMT
2020-02-06,16:00:00,1816731118,1816731118,1010760809.34,2827491927.34,-172508072.66,1785322.66,stock,VMT
2020-02-07,16:00:00,1823428284,1823428284,1010760809.34,2834189093.34,-165810906.66,1785322.66,stock,VMT
2020-02-10,16:00:00,1841227957,1841227957,1010760809.34,2851988766.34,-148011233.66,1785322.66,stock,VMT
2020-02-11,16:00:00,1836775168,1836775168,1010760809.34,2847535977.34,-152464022.66,1785322.66,stock,VMT
2020-02-12,16:00:00,1853399638,1853399638,1010760809.34,2864160447.34,-135839552.66,1785322.66,stock,VMT
2020-02-13,16:00:00,1831668911,1831668911,1010760809.34,2842429720.34,-157570279.66,1785322.66,stock,VMT
2020-02-14,16:00:00,2807196640,2807196640,35277136.19,2842473776.19,-157526223.81,2660739.81,stock,VMT
2020-02-17,16:00:00,2887543289,2887543289,35277136.19,2922820425.19,-77179574.81,2660739.81,stock,VMT
2020-02-18,16:00:00,2910696791,2910696791,35277136.19,2945973927.19,-54026072.81,2660739.81,stock,VMT
2020-02-19,16:00:00,2894650251,2894650251,35277136.19,2929927387.19,-70072612.81,2660739.81,stock,VMT
2020-02-20,16:00:00,2941875247,2941875247,35277136.19,2977152383.19,-22847616.81,2660739.81,stock,VMT
2020-02-21,16:00:00,2962029932,2962029932,35277136.19,2997307068.19,-2692931.81,2660739.81,stock,VMT
2020-02-24,16:00:00,2976341952,2976341952,35277136.19,3011619088.19,11619088.19,2660739.81,stock,VMT
2020-02-25,16:00:00,2970846487,2970846487,35277136.19,3006123623.19,6123623.19,2660739.81,stock,VMT
2020-02-26,16:00:00,2959672816,2959672816,35277136.19,2994949952.19,-5050047.81,2660739.81,stock,VMT
2020-02-27,16:00:00,2961312107,2961312107,35277136.19,2996589243.19,-3410756.81,2660739.81,stock,VMT
2020-02-28,16:00:00,2824646754,2824646754,35277136.19,2859923890.19,-140076109.81,2660739.81,stock,VMT
2020-03-02,16:00:00,2928311174,2928311174,35277136.19,2963588310.19,-36411689.81,2660739.81,stock,VMT
2020-03-03,16:00:00,2960659666,2960659666,35277136.19,2995936802.19,-4063197.81,2660739.81,stock,VMT
2020-03-04,16:00:00,2997129793,2997129793,35277136.19,3032406929.19,32406929.19,2660739.81,stock,VMT
2020-03-05,16:00:00,3062358735,3062358735,35277136.19,3097635871.19,97635871.19,2660739.81,stock,VMT
2020-03-06,16:00:00,3049782397,3049782397,35277136.19,3085059533.19,85059533.19,2660739.81,stock,VMT
2020-03-09,16:00:00,2970674796,2970674796,35277136.19,3005951932.19,5951932.19,2660739.81,stock,VMT
2020-03-10,16:00:00,3022306264,3022306264,35277136.19,3057583400.19,57583400.19,2660739.81,stock,VMT
2020-03-11,16:00:00,3005983008,3005983008,35277136.19,3041260144.19,41260144.19,2660739.81,stock,VMT
2020-03-12,16:00:00,2955579473,2955579473,35277136.19,2990856609.19,-9143390.81,2660739.81,stock,VMT
2020-03-13,16:00:00,2927708305,2927708305,35277136.19,2962985441.19,-37014558.81,2660739.81,stock,VMT
2020-03-16,16:00:00,2841451280,2841451280,35277136.19,2876728416.19,-123271583.81,2660739.81,stock,VMT
2020-03-17,16:00:00,2832403931,2832403931,35277136.19,2867681067.19,-132318932.81,2660739.81,stock,VMT
2020-03-18,16:00:00,2778871535,2778871535,35277136.19,2814148671.19,-185851328.81,2660739.81,stock,VMT
2020-03-19,16:00:00,2788444105,2788444105,35277136.19,2823721241.19,-176278758.81,2660739.81,stock,VMT
2020-03-20,16:00:00,2825923251,2825923251,35277136.19,2861200387.19,-138799612.81,2660739.81,stock,VMT
2020-03-23,16:00:00,2730725876,2730725876,35277136.19,2766003012.19,-233996987.81,2660739.81,stock,VMT
2020-03-24,16:00:00,2778235745,2778235745,35277136.19,2813512881.19,-186487118.81,2660739.81,stock,VMT
2020-03-25,16:00:00,2837948324,2837948324,35277136.19,2873225460.19,-126774539.81,2660739.81,stock,VMT
2020-03-26,16:00:00,2823395107,2823395107,35277136.19,2858672243.19,-141327756.81,2660739.81,stock,VMT
2020-03-27,16:00:00,2819148625,2819148625,35277136.19,2854425761.19,-145574238.81,2660739.81,stock,VMT
2020-03-30,16:00:00,2788790114,2788790114,35277136.19,2824067250.19,-175932749.81,2660739.81,stock,VMT
2020-03-31,16:00:00,2796159712,2796159712,35277136.19,2831436848.19,-168563151.81,2660739.81,stock,VMT
2020-04-01,16:00:00,2769468994,2769468994,35277136.19,2804746130.19,-195253869.81,2660739.81,stock,VMT
2020-04-02,16:00:00,2809548629,2809548629,35277136.19,2844825765.19,-155174234.81,2660739.81,stock,VMT
2020-04-03,16:00:00,2805545837,2805545837,35277136.19,2840822973.19,-159177026.81,2660739.81,stock,VMT
2020-04-07,16:00:00,2886248521,2886248521,35277136.19,2921525657.19,-78474342.81,2660739.81,stock,VMT
2020-04-08,16:00:00,2908992274,2908992274,35277136.19,2944269410.19,-55730589.81,2660739.81,stock,VMT
2020-04-09,16:00:00,2931170553,2931170553,35277136.19,2966447689.19,-33552310.81,2660739.81,stock,VMT
2020-04-10,16:00:00,2881656353,2881656353,35277136.19,2916933489.19,-83066510.81,2660739.81,stock,VMT
2020-04-13,16:00:00,2865822276,2865822276,35277136.19,2901099412.19,-98900587.81,2660739.81,stock,VMT
2020-04-14,16:00:00,2908843093,2908843093,35277136.19,2944120229.19,-55879770.81,2660739.81,stock,VMT
2020-04-15,16:00:00,2894521640,2894521640,35277136.19,2929798776.19,-70201223.81,2660739.81,stock,VMT
2020-04-16,16:00:00,2901119748,2901119748,35575038.59,2936694786.59,-63305213.41,2735215.41,stock,VMT
2020-04-17,16:00:00,2893511121.8,2893511121.8,35575038.59,2929086160.39,-70913839.61,2735215.41,stock,VMT
2020-04-20,16:00:00,2914370639.4,2914370639.4,42794173.8,2957164813.2,-42835186.8,2749094.2,stock,VMT
2020-04-21,16:00:00,2902635014.6,2902635014.6,42794173.8,2945429188.4,-54570811.6,2749094.2,stock,VMT
2020-04-22,16:00:00,2934758164,2934758164,42794173.8,2977552337.8,-22447662.2,2749094.2,stock,VMT
2020-04-23,16:00:00,2936794934,2936794934,42794173.8,2979589107.8,-20410892.2,2749094.2,stock,VMT
2020-04-24,16:00:00,2890510385.2,2890510385.2,42794173.8,2933304559,-66695441,2749094.2,stock,VMT
2020-04-27,16:00:00,2872869327.6,2872869327.6,42794173.8,2915663501.4,-84336498.6,2749094.2,stock,VMT
2020-04-28,16:00:00,2820915985.4,2820915985.4,35441377.75,2856357363.15,-143642636.85,2755642.25,stock,VMT
2020-04-29,16:00:00,2806697649.8,2806697649.8,35441377.75,2842139027.55,-157860972.45,2755642.25,stock,VMT
2020-04-30,16:00:00,2845254975,2845254975,35441377.75,2880696352.75,-119303647.25,2755642.25,stock,VMT
2020-05-06,16:00:00,2875843648.4,2875843648.4,35441377.75,2911285026.15,-88714973.85,2755642.25,stock,VMT
2020-05-07,16:00:00,2871124610.8,2871124610.8,35744177.75,2906868788.55,-93131211.45,2831342.25,stock,VMT
2020-05-08,16:00:00,2884704520.4,2884704520.4,42512311.36,2927216831.76,-72783168.24,2844360.64,stock,VMT
2020-05-11,16:00:00,2887258141.6,2887258141.6,42512311.36,2929770452.96,-70229547.04,2844360.64,stock,VMT
2020-05-12,16:00:00,2876701774.2,2876701774.2,43317031.36,2920018805.56,-79981194.44,3045540.64,stock,VMT
2020-05-13,16:00:00,2881458767.4,2881458767.4,43317031.36,2924775798.76,-75224201.24,3045540.64,stock,VMT
2020-05-14,16:00:00,2854201060.2,2854201060.2,43663783.36,2897864843.56,-102135156.44,3132228.64,stock,VMT
2020-05-15,16:00:00,2857342239,2857342239,43663783.36,2901006022.36,-98993977.64,3132228.64,stock,VMT
2020-05-18,16:00:00,2863670475.6,2863670475.6,43790167.36,2907460642.96,-92539357.04,3163824.64,stock,VMT
2020-05-19,16:00:00,2882741487.4,2882741487.4,37567341.89,2920308829.29,-79691170.71,3329072.11,stock,VMT
2020-05-20,16:00:00,2856744830,2856744830,44356673.11,2901101503.11,-98898496.89,3412709.89,stock,VMT
2020-05-21,16:00:00,2832864838.4,2832864838.4,44585020.95,2877449859.35,-122550140.65,3469796.85,stock,VMT
2020-05-22,16:00:00,2785288199.8,2785288199.8,44609566.55,2829897766.35,-170102233.65,3475933.25,stock,VMT
2020-05-25,16:00:00,2799042503.8,2799042503.8,38438434.55,2837480938.35,-162519061.65,3586785.25,stock,VMT
2020-05-26,16:00:00,2831797176.6,2831797176.6,44815770.43,2876612947.03,-123387052.97,3599049.37,stock,VMT
2020-05-27,16:00:00,2831991612.6,2831991612.6,38709843.4,2870701456,-129298544,3692706.4,stock,VMT
2020-05-28,16:00:00,2824005908.8,2824005908.8,39591307.4,2863597216.2,-136402783.8,3913072.4,stock,VMT
2020-05-29,16:00:00,2844900511.8,2844900511.8,39591307.4,2884491819.2,-115508180.8,3913072.4,stock,VMT
2020-06-01,16:00:00,2904477649.8,2904477649.8,39591307.4,2944068957.2,-55931042.8,3913072.4,stock,VMT
2020-06-02,16:00:00,2916274552.8,2916274552.8,40822325.8,2957096878.6,-42903121.4,4220827,stock,VMT
2020-06-03,16:00:00,2924989820,2924989820,40970720.36,2965960540.36,-34039459.64,4257925.64,stock,VMT
2020-06-04,16:00:00,2933922430.06,2933922430.06,42590088.44,2976512518.5,-23487481.5,4662767.66,stock,VMT
2020-06-05,16:00:00,2934666714.26,2934666714.26,42980915.56,2977647629.82,-22352370.18,4760474.44,stock,VMT
2020-06-08,16:00:00,2929350151.7,2929350151.7,42989368.36,2972339520.06,-27660479.94,4762587.64,stock,VMT
2020-06-09,16:00:00,2953322570.68,2953322570.68,43335806.76,2996658377.44,-3341622.56,4849197.24,stock,VMT
2020-06-10,16:00:00,2948629159.06,2948629159.06,43701365.16,2992330524.22,-7669475.78,4940586.84,stock,VMT
2020-06-11,16:00:00,2929946059.84,2929946059.84,44209971.08,2974156030.92,-25843969.08,5067738.32,stock,VMT
2020-06-12,16:00:00,2934787388.1,2934787388.1,44310196.28,2979097584.38,-20902415.62,5092794.62,stock,VMT
2020-06-15,16:00:00,2924606533.22,2924606533.22,44310196.28,2968916729.5,-31083270.5,5092794.62,stock,VMT
2020-06-16,16:00:00,2971350318.58,2971350318.58,44563636.28,3015913954.86,15913954.86,5156154.62,stock,VMT
2020-06-17,16:00:00,2990305797.94,2990305797.94,44894222.68,3035200020.62,35200020.62,5238801.22,stock,VMT
2020-06-18,16:00:00,2983281997.7,2983281997.7,47103330.28,3030385327.98,30385327.98,5791078.12,stock,VMT
2020-06-19,16:00:00,2991535253.68,2991535253.68,48033535.88,3039568789.56,39568789.56,6023629.52,stock,VMT
2020-06-22,16:00:00,2990924430.44,2990924430.44,48355664.84,3039280095.28,39280095.28,6104161.76,stock,VMT
2020-06-23,16:00:00,2985688093.66,2985688093.66,48953966.95,3034642060.61,34642060.61,6253737.29,stock,VMT
2020-06-24,16:00:00,2968642918.54,2968642918.54,50293454.95,3018936373.49,18936373.49,6588609.29,stock,VMT
2020-06-29,16:00:00,2948762020.1,2948762020.1,50963447.88,2999725467.98,-274532.02,6756107.52,stock,VMT
2020-06-30,16:00:00,2982711580.3,2982711580.3,50963447.88,3033675028.18,33675028.18,6756107.52,stock,VMT
2020-07-01,16:00:00,3004836701.78,3004836701.78,51725537.16,3056562238.94,56562238.94,6946629.84,stock,VMT
2020-07-02,16:00:00,3060518394.08,3060518394.08,51890613.96,3112409008.04,112409008.04,6987899.04,stock,VMT
2020-07-03,16:00:00,3100140149.46,3100140149.46,52491670.76,3152631820.22,152631820.22,7138163.24,stock,VMT
2020-07-06,16:00:00,3221725023.34,3221725023.34,54253851.32,3275978874.66,275978874.66,7578708.38,stock,VMT
2020-07-07,16:00:00,3226693254.2,3226693254.2,55111246.12,3281804500.32,281804500.32,7793057.08,stock,VMT
2020-07-08,16:00:00,3293764673.51,3293764673.51,55516773.72,3349281447.23,349281447.23,7894438.98,stock,VMT
2020-07-09,16:00:00,3357290987.06,3357290987.06,56849331.32,3414140318.38,414140318.38,8227578.38,stock,VMT
2020-07-10,16:00:00,3324427643.68,3324427643.68,57697877.72,3382125521.4,382125521.4,8439714.98,stock,VMT
2020-07-13,16:00:00,3427363964.32,3427363964.32,57697877.72,3485061842.05,485061842.04,8439714.98,stock,VMT
2020-07-14,16:00:00,3412331153.47,3412331153.47,57757266.52,3470088419.99,470088419.99,8454562.18,stock,VMT
2020-07-15,16:00:00,3350913676.61,3350913676.61,58596625.32,3409510301.93,409510301.93,8664401.88,stock,VMT
2020-07-16,16:00:00,3203094903.24,3203094903.24,59241057.91,3262335961.15,262335961.15,8825510.03,stock,VMT
2020-07-17,16:00:00,3198645885.44,3198645885.44,59419558.68,3258065444.12,258065444.12,8870135.22,stock,VMT
2020-07-20,16:00:00,3314302287.31,3314302287.31,59419558.68,3373721845.99,373721845.99,8870135.22,stock,VMT
2020-07-21,16:00:00,3327997789.25,3327997789.25,60491013.88,3388488803.13,388488803.13,9137999.02,stock,VMT
2020-07-22,16:00:00,3345618783.5,3345618783.5,64767790.87,3410386574.38,410386574.37,9288705.78,stock,VMT
2020-07-23,16:00:00,3349984600.92,3349984600.92,60980276.43,3410964877.35,410964877.35,9301499.32,stock,VMT
2020-07-24,16:00:00,3227045911.88,3227045911.88,60980276.43,3288026188.32,288026188.31,9301499.32,stock,VMT
2020-07-27,16:00:00,3232367146.55,3232367146.55,61046322.83,3293413469.38,293413469.38,9318010.92,stock,VMT
2020-07-28,16:00:00,3260416467.32,3260416467.32,61419615.63,3321836082.95,321836082.95,9411334.12,stock,VMT
2020-07-29,16:00:00,3329677436.85,3329677436.85,61601732.43,3391279169.28,391279169.28,9456863.32,stock,VMT
2020-07-30,16:00:00,3335538178.19,3335538178.19,62062880.62,3397601058.81,397601058.81,9572150.37,stock,VMT
2020-07-31,16:00:00,3370663209.26,3370663209.26,62062880.62,3432726089.88,432726089.88,9572150.37,stock,VMT
2020-08-03,16:00:00,3459837223.79,3459837223.79,62139034.62,3521976258.41,521976258.41,9591188.87,stock,VMT
2020-08-04,16:00:00,3438819134.73,3438819134.73,62568218.62,3501387353.35,501387353.35,9698484.87,stock,VMT
2020-08-05,16:00:00,3471987595.08,3471987595.08,62664514.62,3534652109.71,534652109.71,9722558.87,stock,VMT
2020-08-06,16:00:00,3456937115.39,3456937115.39,62790309.02,3519727424.41,519727424.41,9754007.47,stock,VMT
2020-08-07,16:00:00,3421075267.49,3421075267.49,62790309.02,3483865576.52,483865576.52,9754007.47,stock,VMT
2020-08-10,16:00:00,3443162349.5,3443162349.5,62790309.02,3505952658.53,505952658.53,9754007.47,stock,VMT
2020-08-11,16:00:00,3402237122.15,3402237122.15,62850213.02,3465087335.18,465087335.18,9768983.47,stock,VMT
2020-08-12,16:00:00,3377465861.19,3377465861.19,63165376.54,3440631237.73,440631237.73,9847774.35,stock,VMT
2020-08-13,16:00:00,3415129706.89,3415129706.89,63165376.54,3478295083.44,478295083.44,9847774.35,stock,VMT
2020-08-14,16:00:00,3437302727.89,3437302727.89,63165376.54,3500468104.43,500468104.43,9847774.35,stock,VMT
2020-08-17,16:00:00,3495217263.67,3495217263.67,63377450.94,3558594714.62,558594714.62,9900792.95,stock,VMT
2020-08-18,16:00:00,3522863786.46,3522863786.46,63377450.94,3586241237.4,586241237.4,9900792.95,stock,VMT
2020-08-19,16:00:00,3508348531.33,3508348531.33,63627550.14,3571976081.47,571976081.47,9963317.75,stock,VMT
2020-08-20,16:00:00,3463361414.01,3463361414.01,63810870.14,3527172284.15,527172284.15,10009147.75,stock,VMT
2020-08-21,16:00:00,3470180204.64,3470180204.64,63810870.14,3533991074.78,533991074.78,10009147.75,stock,VMT
2020-08-24,16:00:00,3474333717.23,3474333717.23,63810870.14,3538144587.37,538144587.37,10009147.75,stock,VMT
2020-08-25,16:00:00,3432206382.97,3432206382.97,63810870.14,3496017253.11,496017253.11,10009147.75,stock,VMT
2020-08-26,16:00:00,3382491732.84,3382491732.84,64018502.14,3446510234.98,446510234.98,10061055.75,stock,VMT
2020-08-27,16:00:00,3399654509.96,3399654509.96,64018502.14,3463673012.1,463673012.11,10061055.75,stock,VMT
2020-08-28,16:00:00,3434346058.53,3434346058.53,64018502.14,3498364560.67,498364560.68,10061055.75,stock,VMT
2020-08-31,16:00:00,3447528382.13,3447528382.13,64018502.14,3511546884.27,511546884.27,10061055.75,stock,VMT
2020-09-01,16:00:00,3453097423.71,3453097423.71,64018502.14,3517115925.85,517115925.86,10061055.75,stock,VMT
2020-09-02,16:00:00,3449759319.56,3449759319.56,64018502.14,3513777821.7,513777821.71,10061055.75,stock,VMT
2020-09-03,16:00:00,3427170225.78,3427170225.78,64018502.14,3491188727.92,491188727.92,10061055.75,stock,VMT
2020-09-04,16:00:00,3408330719.52,3408330719.52,64018502.14,3472349221.66,472349221.66,10061055.75,stock,VMT
2020-09-07,16:00:00,3346909018.11,3346909018.11,64018502.14,3410927520.25,410927520.25,10061055.75,stock,VMT
2020-09-08,16:00:00,3370238638.13,3370238638.13,64018502.14,3434257140.27,434257140.27,10061055.75,stock,VMT
2020-09-09,16:00:00,3324837015.26,3324837015.26,64018502.14,3388855517.4,388855517.4,10061055.75,stock,VMT
2020-09-10,16:00:00,3246509486.73,3246509486.73,64018502.14,3310527988.87,310527988.87,10061055.75,stock,VMT
2020-09-11,16:00:00,3268109631.03,3268109631.03,64018502.14,3332128133.17,332128133.17,10061055.75,stock,VMT
2020-09-14,16:00:00,3281903640.8,3281903640.8,64134983.42,3346038624.22,346038624.23,10090176.07,stock,VMT
2020-09-15,16:00:00,3293564860.87,3293564860.87,64134983.42,3357699844.29,357699844.29,10090176.07,stock,VMT
2020-09-16,16:00:00,3275773033.55,3275773033.55,64134983.42,3339908016.97,339908016.97,10090176.07,stock,VMT
2020-09-17,16:00:00,3268943455.3,3268943455.3,64134983.42,3333078438.73,333078438.73,10090176.07,stock,VMT
2020-09-18,16:00:00,3320169020.42,3320169020.42,64189757.91,3384358778.33,384358778.33,10129454.47,stock,VMT
2020-09-21,16:00:00,3322389460.86,3322389460.86,64189757.91,3386579218.77,386579218.77,10129454.47,stock,VMT
2020-09-22,16:00:00,3270491804.21,3270491804.21,64189757.91,3334681562.12,334681562.12,10129454.47,stock,VMT
2020-09-23,16:00:00,3276729748.51,3276729748.51,65205197.91,3341934946.41,341934946.41,10383314.47,stock,VMT
2020-09-24,16:00:00,3207143972.91,3207143972.91,65205197.91,3272349170.81,272349170.81,10383314.47,stock,VMT
2020-09-25,16:00:00,3193812624.02,3193812624.02,65205197.91,3259017821.92,259017821.92,10383314.47,stock,VMT
2020-09-28,16:00:00,3157971843.44,3157971843.44,65205197.91,3223177041.35,223177041.35,10383314.47,stock,VMT
2020-09-29,16:00:00,3172157020.5,3172157020.5,65205197.91,3237362218.41,237362218.41,10383314.47,stock,VMT
2020-09-30,16:00:00,3157303785.01,3157303785.01,65205197.91,3222508982.91,222508982.91,10383314.47,stock,VMT
2020-10-09,16:00:00,3235366653.24,3235366653.24,65205197.91,3300571851.15,300571851.15,10383314.47,stock,VMT
2020-10-12,16:00:00,3311269686.87,3311269686.87,65205197.91,3376474884.78,376474884.78,10383314.47,stock,VMT
2020-10-13,16:00:00,3316838905.57,3316838905.57,65205197.91,3382044103.47,382044103.47,10383314.47,stock,VMT
2020-10-14,16:00:00,3291152518.09,3291152518.09,65205197.91,3356357716,356357716,10383314.47,stock,VMT
2020-10-15,16:00:00,3272757446.84,3272757446.84,65205197.91,3337962644.75,337962644.75,10383314.47,stock,VMT
2020-10-16,16:00:00,3280337912.36,3280337912.36,65205197.91,3345543110.27,345543110.27,10383314.47,stock,VMT
2020-10-19,16:00:00,3255234877.25,3255234877.25,65205197.91,3320440075.16,320440075.16,10383314.47,stock,VMT
2020-10-20,16:00:00,3274557654.61,3274557654.61,65205197.91,3339762852.52,339762852.52,10383314.47,stock,VMT
2020-10-21,16:00:00,3241219304.56,3241219304.56,65205197.91,3306424502.47,306424502.47,10383314.47,stock,VMT
2020-10-22,16:00:00,3221719879.56,3221719879.56,65332833.11,3287052712.66,287052712.66,10415223.27,stock,VMT
2020-10-23,16:00:00,3184166800.68,3184166800.68,65332833.11,3249499633.78,249499633.78,10415223.27,stock,VMT
2020-10-26,16:00:00,3171485848.1,3171485848.1,65332833.11,3236818681.2,236818681.2,10415223.27,stock,VMT
2020-10-27,16:00:00,3167487130.67,3167487130.67,65332833.11,3232819963.78,232819963.78,10415223.27,stock,VMT
2020-10-28,16:00:00,3161721468.63,3161721468.63,65332833.11,3227054301.74,227054301.74,10415223.27,stock,VMT
2020-10-29,16:00:00,3157798057.76,3157798057.76,65332833.11,3223130890.87,223130890.87,10415223.27,stock,VMT
2020-10-30,16:00:00,3093466721.39,3093466721.39,65332833.11,3158799554.5,158799554.5,10415223.27,stock,VMT
2020-11-02,16:00:00,3082448570.52,3082448570.52,65332833.11,3147781403.62,147781403.62,10415223.27,stock,VMT
2020-11-03,16:00:00,3139677383.23,3139677383.23,65332833.11,3205010216.33,205010216.33,10415223.27,stock,VMT
2020-11-04,16:00:00,3140467104.8,3140467104.8,65332833.11,3205799937.91,205799937.91,10415223.27,stock,VMT
2020-11-05,16:00:00,3190599468.01,3190599468.01,65332833.11,3255932301.12,255932301.12,10415223.27,stock,VMT
2020-11-06,16:00:00,3181086524.35,3181086524.35,65332833.11,3246419357.45,246419357.45,10415223.27,stock,VMT
2020-11-09,16:00:00,3232059427.98,3232059427.98,65332833.11,3297392261.08,297392261.08,10415223.27,stock,VMT
2020-11-10,16:00:00,3219096296.36,3219096296.36,65332833.11,3284429129.47,284429129.47,10415223.27,stock,VMT
2020-11-11,16:00:00,3214693700.48,3214693700.48,65332833.11,3280026533.59,280026533.59,10415223.27,stock,VMT
2020-11-12,16:00:00,3230752654.3,3230752654.3,65332833.11,3296085487.4,296085487.4,10415223.27,stock,VMT
2020-11-13,16:00:00,3219866600.17,3219866600.17,65332833.11,3285199433.28,285199433.28,10415223.27,stock,VMT
2020-11-16,16:00:00,3274225556.29,3274225556.29,65332833.11,3339558389.4,339558389.4,10415223.27,stock,VMT
2020-11-17,16:00:00,3270562931.17,3270562931.17,65332833.11,3335895764.28,335895764.28,10415223.27,stock,VMT
2020-11-18,16:00:00,3286914579.86,3286914579.86,65332833.11,3352247412.96,352247412.96,10415223.27,stock,VMT
2020-11-19,16:00:00,3285326611.56,3285326611.56,65332833.11,3350659444.67,350659444.67,10415223.27,stock,VMT
2020-11-20,16:00:00,3317454806.43,3317454806.43,65332833.11,3382787639.53,382787639.53,10415223.27,stock,VMT
2020-11-23,16:00:00,3345721455.28,3345721455.28,65332833.11,3411054288.38,411054288.38,10415223.27,stock,VMT
2020-11-24,16:00:00,3338540271.16,3338540271.16,65577690.71,3404117961.87,404117961.87,10476437.67,stock,VMT
2020-11-25,16:00:00,3292409048.9,3292409048.9,65577690.71,3357986739.6,357986739.6,10476437.67,stock,VMT
2020-11-26,16:00:00,3284916867.33,3284916867.33,65577690.71,3350494558.03,350494558.03,10476437.67,stock,VMT
2020-11-27,16:00:00,3294561001.7,3294561001.7,65577690.71,3360138692.41,360138692.41,10476437.67,stock,VMT
2020-11-30,16:00:00,3281045802.21,3281045802.21,65577690.71,3346623492.92,346623492.92,10476437.67,stock,VMT
2020-12-01,16:00:00,3318903297.4,3318903297.4,65577690.71,3384480988.11,384480988.11,10476437.67,stock,VMT
2020-12-02,16:00:00,3328237792.07,3328237792.07,65749402.71,3393987194.77,393987194.77,10519365.67,stock,VMT
2020-12-03,16:00:00,3329477043.9,3329477043.9,65749402.71,3395226446.6,395226446.6,10519365.67,stock,VMT
2020-12-04,16:00:00,3339164709.5,3339164709.5,65749402.71,3404914112.21,404914112.21,10519365.67,stock,VMT
2020-12-07,16:00:00,3319333368.78,3319333368.78,65749402.71,3385082771.48,385082771.48,10519365.67,stock,VMT
2020-12-08,16:00:00,3312800420.55,3312800420.55,65749402.71,3378549823.26,378549823.26,10519365.67,stock,VMT
2020-12-09,16:00:00,3263867873.14,3263867873.14,65749402.71,3329617275.85,329617275.85,10519365.67,stock,VMT
2020-12-10,16:00:00,3268918270.05,3268918270.05,65749402.71,3334667672.76,334667672.76,10519365.67,stock,VMT
2020-12-11,16:00:00,3233359620.56,3233359620.56,65749402.71,3299109023.26,299109023.26,10519365.67,stock,VMT
2020-12-14,16:00:00,3250612341.51,3250612341.51,65749402.71,3316361744.22,316361744.22,10519365.67,stock,VMT
2020-12-15,16:00:00,3251913970.91,3251913970.91,65749402.71,3317663373.62,317663373.62,10519365.67,stock,VMT
2020-12-16,16:00:00,3249075627.81,3249075627.81,65749402.71,3314825030.52,314825030.52,10519365.67,stock,VMT
2020-12-17,16:00:00,3285248368.34,3285248368.34,65749402.71,3350997771.05,350997771.05,10519365.67,stock,VMT
2020-12-18,16:00:00,3297032463.71,3297032463.71,65749402.71,3362781866.42,362781866.42,10519365.67,stock,VMT
2020-12-21,16:00:00,3339410838.39,3339410838.39,65749402.71,3405160241.09,405160241.09,10519365.67,stock,VMT
2020-12-22,16:00:00,3298696964,3298696964,65749402.71,3364446366.71,364446366.71,10519365.67,stock,VMT
2020-12-23,16:00:00,3333608961.24,3333608961.24,65749402.71,3399358363.95,399358363.95,10519365.67,stock,VMT
2020-12-24,16:00:00,3278123253.87,3278123253.87,65749402.71,3343872656.57,343872656.57,10519365.67,stock,VMT
2020-12-25,16:00:00,3311424779.5,3311424779.5,65749402.71,3377174182.21,377174182.21,10519365.67,stock,VMT
2020-12-28,16:00:00,3314872642.82,3314872642.82,65749402.71,3380622045.53,380622045.53,10519365.67,stock,VMT
2020-12-29,16:00:00,3282378337.43,3282378337.43,65749402.71,3348127740.13,348127740.13,10519365.67,stock,VMT
2020-12-30,16:00:00,3316352336.93,3316352336.93,65749402.71,3382101739.64,382101739.64,10519365.67,stock,VMT
2020-12-31,16:00:00,3357160421.81,3357160421.81,65749402.71,3422909824.52,422909824.52,10519365.67,stock,VMT
2021-01-04,16:00:00,3402287322.2,3402287322.2,65749402.71,3468036724.91,468036724.91,10519365.67,stock,VMT
2021-01-05,16:00:00,3387665101.37,3387665101.37,65749402.71,3453414504.08,453414504.08,10519365.67,stock,VMT
2021-01-06,16:00:00,3365485592.92,3365485592.92,65749402.71,3431234995.63,431234995.63,10519365.67,stock,VMT
2021-01-07,16:00:00,3315108144.14,3315108144.14,65749402.71,3380857546.84,380857546.84,10519365.67,stock,VMT
2021-01-08,16:00:00,3320623024.34,3320623024.34,65749402.71,3386372427.04,386372427.04,10519365.67,stock,VMT
2021-01-11,16:00:00,3248951987.82,3248951987.82,65749402.71,3314701390.53,314701390.53,10519365.67,stock,VMT
2021-01-12,16:00:00,3292872082.46,3292872082.46,65749402.71,3358621485.16,358621485.16,10519365.67,stock,VMT
2021-01-13,16:00:00,3262195297.23,3262195297.23,65749402.71,3327944699.94,327944699.94,10519365.67,stock,VMT
2021-01-14,16:00:00,3234824474.43,3234824474.43,65749402.71,3300573877.13,300573877.13,10519365.67,stock,VMT
2021-01-15,16:00:00,3242744215.24,3242744215.24,65749402.71,3308493617.94,308493617.94,10519365.67,stock,VMT
2021-01-18,16:00:00,3280497421,3280497421,65749402.71,3346246823.7,346246823.7,10519365.67,stock,VMT
2021-01-19,16:00:00,3272983898.26,3272983898.26,65749402.71,3338733300.96,338733300.96,10519365.67,stock,VMT
2021-01-20,16:00:00,3281474647.65,3281474647.65,65749402.71,3347224050.36,347224050.36,10519365.67,stock,VMT
2021-01-21,16:00:00,3313205825.14,3313205825.14,65749402.71,3378955227.85,378955227.85,10519365.67,stock,VMT
2021-01-22,16:00:00,3280450177.13,3280450177.13,65749402.71,3346199579.83,346199579.83,10519365.67,stock,VMT
2021-01-25,16:00:00,3251623825.81,3251623825.81,65749402.71,3317373228.52,317373228.52,10519365.67,stock,VMT
2021-01-26,16:00:00,3209750613.61,3209750613.61,65749402.71,3275500016.32,275500016.32,10519365.67,stock,VMT
2021-01-27,16:00:00,3211885641.72,3211885641.72,65749402.71,3277635044.43,277635044.42,10519365.67,stock,VMT
2021-01-28,16:00:00,3163752450.46,3163752450.46,65749402.71,3229501853.16,229501853.16,10519365.67,stock,VMT
2021-01-29,16:00:00,3124265483.25,3124265483.25,65749402.71,3190014885.96,190014885.96,10519365.67,stock,VMT
2021-02-01,16:00:00,3135138628.96,3135138628.96,65749402.71,3200888031.67,200888031.67,10519365.67,stock,VMT
2021-02-02,16:00:00,3146763471.91,3146763471.91,65749402.71,3212512874.62,212512874.62,10519365.67,stock,VMT
2021-02-03,16:00:00,3111770925.18,3111770925.18,72206188.32,3183977113.5,183977113.5,10531780.06,stock,VMT
2021-02-04,16:00:00,3072456287.56,3072456287.56,72206188.32,3144662475.87,144662475.87,10531780.06,stock,VMT
2021-02-05,16:00:00,3036929690.67,3036929690.67,65618993.01,3102548683.68,102548683.68,10537647.37,stock,VMT
2021-02-08,16:00:00,3044111990.13,3044111990.13,71753908.29,3115865898.41,115865898.41,10549444.09,stock,VMT
2021-02-09,16:00:00,3112203854.74,3112203854.74,71753908.29,3183957763.03,183957763.03,10549444.09,stock,VMT
2021-02-10,16:00:00,3131787925.51,3131787925.51,71753908.29,3203541833.79,203541833.79,10549444.09,stock,VMT
2021-02-18,16:00:00,3207443311.23,3207443311.23,71753908.29,3279197219.51,279197219.51,10549444.09,stock,VMT
2021-02-19,16:00:00,3280117393.84,3280117393.84,65536468.93,3345653862.77,345653862.77,10554979.45,stock,VMT
2021-02-22,16:00:00,3297338934.09,3297338934.09,65536468.93,3362875403.01,362875403.01,10554979.45,stock,VMT
2021-02-23,16:00:00,3299748291.21,3299748291.21,65536468.93,3365284760.13,365284760.13,10554979.45,stock,VMT
2021-02-24,16:00:00,3265103958.48,3265103958.48,65536468.93,3330640427.41,330640427.41,10554979.45,stock,VMT
2021-02-25,16:00:00,3258409996.07,3258409996.07,65536468.93,3323946465,323946465,10554979.45,stock,VMT
2021-02-26,16:00:00,3226585194.27,3226585194.27,65536468.93,3292121663.2,292121663.2,10554979.45,stock,VMT
2021-03-01,16:00:00,3291656617.54,3291656617.54,65536468.93,3357193086.46,357193086.46,10554979.45,stock,VMT
2021-03-02,16:00:00,3271841872.65,3271841872.65,65536468.93,3337378341.58,337378341.58,10554979.45,stock,VMT
2021-03-03,16:00:00,3329147591.98,3329147591.98,65536468.93,3394684060.91,394684060.91,10554979.45,stock,VMT
2021-03-04,16:00:00,3301877958.52,3301877958.52,65536468.93,3367414427.45,367414427.45,10554979.45,stock,VMT
2021-03-05,16:00:00,3309553310.67,3309553310.67,65536468.93,3375089779.6,375089779.6,10554979.45,stock,VMT
2021-03-08,16:00:00,3265212645.73,3265212645.73,65536468.93,3330749114.66,330749114.66,10554979.45,stock,VMT
2021-03-09,16:00:00,3204411793.25,3204411793.25,65536468.93,3269948262.17,269948262.17,10554979.45,stock,VMT
2021-03-10,16:00:00,3184126182.68,3184126182.68,65536468.93,3249662651.61,249662651.61,10554979.45,stock,VMT
2021-03-11,16:00:00,3251000780.3,3251000780.3,65536468.93,3316537249.23,316537249.23,10554979.45,stock,VMT
2021-03-12,16:00:00,3278320155.38,3278320155.38,65536468.93,3343856624.31,343856624.31,10554979.45,stock,VMT
2021-03-15,16:00:00,3274067910.88,3274067910.88,65536468.93,3339604379.81,339604379.81,10554979.45,stock,VMT
2021-03-16,16:00:00,3296544520.38,3296544520.38,65536468.93,3362080989.31,362080989.31,10554979.45,stock,VMT
2021-03-17,16:00:00,3294766870.64,3294766870.64,65536468.93,3360303339.56,360303339.56,10554979.45,stock,VMT
2021-03-18,16:00:00,3311540120.01,3311540120.01,65536468.93,3377076588.94,377076588.94,10554979.45,stock,VMT
2021-03-19,16:00:00,3285855322.26,3285855322.26,65536468.93,3351391791.18,351391791.18,10554979.45,stock,VMT
2021-03-22,16:00:00,3343436656.55,3343436656.55,65536468.93,3408973125.48,408973125.48,10554979.45,stock,VMT
2021-03-23,16:00:00,3282576314.98,3282576314.98,65536468.93,3348112783.91,348112783.91,10554979.45,stock,VMT
2021-03-24,16:00:00,3241823330.89,3241823330.89,65536468.93,3307359799.82,307359799.82,10554979.45,stock,VMT
2021-03-25,16:00:00,3227915695.57,3227915695.57,65536468.93,3293452164.49,293452164.49,10554979.45,stock,VMT
2021-03-26,16:00:00,3275327033.72,3275327033.72,65536468.93,3340863502.65,340863502.65,10554979.45,stock,VMT
2021-03-29,16:00:00,3279836166.6,3279836166.6,65536468.93,3345372635.53,345372635.53,10554979.45,stock,VMT
2021-03-30,16:00:00,3266292246.38,3266292246.38,65536468.93,3331828715.3,331828715.3,10554979.45,stock,VMT
2021-03-31,16:00:00,3260923069.48,3260923069.48,65536468.93,3326459538.41,326459538.41,10554979.45,stock,VMT
2021-04-01,16:00:00,3285491445.6,3285491445.6,65536468.93,3351027914.52,351027914.52,10554979.45,stock,VMT
2021-04-02,16:00:00,3281010931.32,3281010931.32,65536468.93,3346547400.25,346547400.25,10554979.45,stock,VMT
2021-04-06,16:00:00,3302905970.04,3302905970.04,65536468.93,3368442438.97,368442438.97,10554979.45,stock,VMT
2021-04-07,16:00:00,3327454240.47,3327454240.47,65536468.93,3392990709.39,392990709.39,10554979.45,stock,VMT
2021-04-08,16:00:00,3312972862.45,3312972862.45,65536468.93,3378509331.38,378509331.38,10554979.45,stock,VMT
2021-04-09,16:00:00,3306030721.82,3306030721.82,65536468.93,3371567190.75,371567190.75,10554979.45,stock,VMT
2021-04-12,16:00:00,3282160485.48,3282160485.48,65536468.93,3347696954.41,347696954.41,10554979.45,stock,VMT
2021-04-13,16:00:00,3255804174.65,3255804174.65,65536468.93,3321340643.58,321340643.58,10554979.45,stock,VMT
2021-04-14,16:00:00,3284963495.41,3284963495.41,65536468.93,3350499964.34,350499964.34,10554979.45,stock,VMT
2021-04-15,16:00:00,3281707544.7,3281707544.7,65536468.93,3347244013.63,347244013.63,10554979.45,stock,VMT
2021-04-16,16:00:00,3337967959.28,3337967959.28,65737131.49,3403705090.77,403705090.77,10605145.09,stock,VMT
2021-04-19,16:00:00,3368460080.4,3368460080.4,65737131.49,3434197211.88,434197211.88,10605145.09,stock,VMT
2021-04-20,16:00:00,3359900943.01,3359900943.01,65737131.49,3425638074.49,425638074.49,10605145.09,stock,VMT
2021-04-21,16:00:00,3346684169.23,3346684169.23,65737131.49,3412421300.72,412421300.72,10605145.09,stock,VMT
2021-04-22,16:00:00,3351769544.51,3351769544.51,65737131.49,3417506676,417506676,10605145.09,stock,VMT
2021-04-23,16:00:00,3338146993.72,3338146993.72,65960523.49,3404107517.21,404107517.21,10660993.09,stock,VMT
2021-04-26,16:00:00,3323068693.5,3323068693.5,65960523.49,3389029216.99,389029216.99,10660993.09,stock,VMT
2021-04-27,16:00:00,3290856383.61,3290856383.61,65960523.49,3356816907.09,356816907.09,10660993.09,stock,VMT
2021-04-28,16:00:00,3318247069.9,3318247069.9,65960523.49,3384207593.38,384207593.38,10660993.09,stock,VMT
2021-04-29,16:00:00,3314940197.8,3314940197.8,65960523.49,3380900721.29,380900721.29,10660993.09,stock,VMT
2021-04-30,16:00:00,3298271952.15,3298271952.15,65960523.49,3364232475.64,364232475.64,10660993.09,stock,VMT
2021-05-06,16:00:00,3320418725.48,3320418725.48,65960523.49,3386379248.96,386379248.96,10660993.09,stock,VMT
2021-05-07,16:00:00,3328177924.25,3328177924.25,65960523.49,3394138447.73,394138447.73,10660993.09,stock,VMT
2021-05-10,16:00:00,3366213649.8,3366213649.8,65960523.49,3432174173.28,432174173.28,10660993.09,stock,VMT
2021-05-11,16:00:00,3383900271.44,3383900271.44,66570651.49,3450470922.93,450470922.93,10813525.09,stock,VMT
2021-05-12,16:00:00,3423310490.93,3423310490.93,67241251.49,3490551742.42,490551742.42,10981175.09,stock,VMT
2021-05-13,16:00:00,3400480292.37,3400480292.37,67933651.49,3468413943.85,468413943.85,11154275.09,stock,VMT
2021-05-14,16:00:00,3437763210.76,3437763210.76,67933651.49,3505696862.24,505696862.24,11154275.09,stock,VMT
2021-05-17,16:00:00,3418070523.73,3418070523.73,67933651.49,3486004175.22,486004175.22,11154275.09,stock,VMT
2021-05-18,16:00:00,3442186561.47,3442186561.47,68360155.49,3510546716.96,510546716.96,11260901.09,stock,VMT
2021-05-19,16:00:00,3444529663.78,3444529663.78,68360155.49,3512889819.26,512889819.26,11260901.09,stock,VMT
2021-05-20,16:00:00,3420185630.83,3420185630.83,69053378.21,3489239009.04,489239009.04,11434206.77,stock,VMT
2021-05-21,16:00:00,3429650003.1,3429650003.1,69212666.21,3498862669.31,498862669.31,11474028.77,stock,VMT
2021-05-24,16:00:00,3458715441.97,3458715441.97,69479738.21,3528195180.18,528195180.18,11540796.77,stock,VMT
2021-05-25,16:00:00,3493776975.74,3493776975.74,69778352.64,3563555328.38,563555328.38,11615450.38,stock,VMT
2021-05-26,16:00:00,3525480989.08,3525480989.08,70286072.64,3595767061.71,595767061.71,11742380.38,stock,VMT
2021-05-27,16:00:00,3537663703.24,3537663703.24,71057261.1,3608720964.35,608720964.35,11935177.49,stock,VMT
2021-05-28,16:00:00,3534096513.47,3534096513.47,71465357.1,3605561870.58,605561870.58,12037201.49,stock,VMT
2021-05-31,16:00:00,3563900111.94,3563900111.94,71490715.5,3635390827.44,635390827.44,12043541.09,stock,VMT
2021-06-01,16:00:00,3587213566.07,3587213566.07,71501836.06,3658715402.13,658715402.13,12046321.23,stock,VMT
2021-06-02,16:00:00,3567436503.01,3567436503.01,71501836.06,3638938339.08,638938339.08,12046321.23,stock,VMT
2021-06-03,16:00:00,3583593877.09,3583593877.09,72337947.89,3655931824.98,655931824.98,12255349.19,stock,VMT
2021-06-04,16:00:00,3579740070.54,3579740070.54,73255480.69,3652995551.22,652995551.22,12484732.39,stock,VMT
2021-06-07,16:00:00,3623553586.22,3623553586.22,62228839.75,3685782425.97,685782425.97,12571490.33,stock,VMT
2021-06-08,16:00:00,3608262332.88,3608262332.88,62525306.79,3670787639.67,670787639.67,12645607.09,stock,VMT
2021-06-09,16:00:00,3622864862.46,3622864862.46,63645525.19,3686510387.64,686510387.64,12925661.69,stock,VMT
2021-06-10,16:00:00,3618672369.59,3618672369.59,63700291.59,3682372661.18,682372661.18,12939353.29,stock,VMT
2021-06-11,16:00:00,3607644830.69,3607644830.69,63758195.59,3671403026.28,671403026.28,12953829.29,stock,VMT
2021-06-15,16:00:00,3560643699.17,3560643699.17,64981055.59,3625624754.76,625624754.76,13259544.29,stock,VMT
2021-06-16,16:00:00,3502972116.62,3502972116.62,65811817.19,3568783933.81,568783933.81,13467234.69,stock,VMT
2021-06-17,16:00:00,3515682028.14,3515682028.14,69108704.07,3584790732.21,584790732.21,14291456.41,stock,VMT
2021-06-18,16:00:00,3534738910.94,3534738910.94,69108704.07,3603847615.01,603847615.01,14291456.41,stock,VMT
2021-06-21,16:00:00,3561203592.07,3561203592.07,69157539.27,3630361131.34,630361131.34,14303665.21,stock,VMT
2021-06-22,16:00:00,3590232832.25,3590232832.25,69293651.27,3659526483.52,659526483.52,14337693.21,stock,VMT
2021-06-23,16:00:00,3604731751.9,3604731751.9,70206242.63,3674937994.53,674937994.53,14565841.05,stock,VMT
2021-06-24,16:00:00,3586448608.36,3586448608.36,71770244.98,3658218853.34,658218853.34,14956841.64,stock,VMT
2021-06-25,16:00:00,3609044196.05,3609044196.05,72549116.58,3681593312.63,681593312.63,15151559.54,stock,VMT
2021-06-28,16:00:00,3615806269.15,3615806269.15,72701682.06,3688507951.21,688507951.21,15189700.91,stock,VMT
2021-06-29,16:00:00,3591262812.08,3591262812.08,72908844.01,3664171656.09,664171656.09,15241491.39,stock,VMT
2021-06-30,16:00:00,3600312081.36,3600312081.36,73177703.88,3673489785.24,673489785.24,15308706.36,stock,VMT
2021-07-01,16:00:00,3555532012.13,3555532012.13,73456948.58,3628988960.71,628988960.71,15378517.54,stock,VMT
2021-07-02,16:00:00,3524165584.85,3524165584.85,74158359.62,3598323944.47,598323944.47,15553870.3,stock,VMT
2021-07-05,16:00:00,3548005509.88,3548005509.88,74705888.66,3622711398.55,622711398.55,15690752.56,stock,VMT
2021-07-06,16:00:00,3555173908.05,3555173908.05,75848100.26,3631022008.31,631022008.31,15976305.46,stock,VMT
2021-07-07,16:00:00,3573490253.47,3573490253.47,76855693.06,3650345946.53,650345946.53,16228203.66,stock,VMT
2021-07-08,16:00:00,3547949782.64,3547949782.64,77487936.97,3625437719.61,625437719.61,16386264.63,stock,VMT
2021-07-09,16:00:00,3593131454.78,3593131454.78,77601972.97,3670733427.75,670733427.75,16414773.63,stock,VMT
2021-07-12,16:00:00,3621114380.93,3621114380.93,78329955.21,3699444336.14,699444336.14,16596769.19,stock,VMT
2021-07-13,16:00:00,3662342724.97,3662342724.97,78786345.54,3741129070.51,741129070.51,16710866.78,stock,VMT
2021-07-14,16:00:00,3658606694.58,3658606694.58,79654153.22,3738260847.79,738260847.79,16927818.7,stock,VMT
2021-07-15,16:00:00,3689265678.04,3689265678.04,80253952.5,3769519630.54,769519630.54,17077768.52,stock,VMT
2021-07-16,16:00:00,3711464502.7,3711464502.7,80470229.94,3791934732.63,791934732.63,17131837.88,stock,VMT
2021-07-19,16:00:00,3705173469.09,3705173469.09,80786933.94,3785960403.03,785960403.03,17211013.88,stock,VMT
2021-07-20,16:00:00,3718455279.54,3718455279.54,81512123.54,3799967403.07,799967403.07,17392311.28,stock,VMT
2021-07-21,16:00:00,3753470543.27,3753470543.27,82110123.54,3835580666.81,835580666.81,17541811.28,stock,VMT
2021-07-22,16:00:00,3759656456.02,3759656456.02,84421767.86,3844078223.88,844078223.88,18119722.36,stock,VMT
2021-07-23,16:00:00,3732451099.46,3732451099.46,84421767.86,3816872867.32,816872867.32,18119722.36,stock,VMT
2021-07-26,16:00:00,3652810701.16,3652810701.16,84600296.42,3737410997.58,737410997.58,18164354.5,stock,VMT
2021-07-27,16:00:00,3563483635.95,3563483635.95,84607125.22,3648090761.17,648090761.17,18166061.7,stock,VMT
2021-07-28,16:00:00,3497065353.35,3497065353.35,84714583.06,3581779936.41,581779936.41,18192926.16,stock,VMT
2021-07-29,16:00:00,3553889720.51,3553889720.51,85328150.26,3639217870.77,639217870.77,18346317.96,stock,VMT
2021-07-30,16:00:00,3551551486.12,3551551486.12,85328150.26,3636879636.38,636879636.38,18346317.96,stock,VMT
2021-08-02,16:00:00,3607071159.65,3607071159.65,85328150.26,3692399309.91,692399309.91,18346317.96,stock,VMT
2021-08-03,16:00:00,3585262818.95,3585262818.95,85634483.54,3670897302.49,670897302.49,18422901.28,stock,VMT
2021-08-04,16:00:00,3631977112.38,3631977112.38,85694397.38,3717671509.76,717671509.76,18437879.74,stock,VMT
2021-08-05,16:00:00,3604985925.87,3604985925.87,85694397.38,3690680323.24,690680323.24,18437879.74,stock,VMT
2021-08-06,16:00:00,3616033861.78,3616033861.78,85694397.38,3701728259.16,701728259.16,18437879.74,stock,VMT
2021-08-09,16:00:00,3655936433.75,3655936433.75,85694397.38,3741630831.13,741630831.13,18437879.74,stock,VMT
2021-08-10,16:00:00,3693602963.5,3693602963.5,85694397.38,3779297360.87,779297360.87,18437879.74,stock,VMT
2021-08-11,16:00:00,3713094512.63,3713094512.63,85786542.98,3798881055.61,798881055.61,18460916.14,stock,VMT
2021-08-12,16:00:00,3728663677.57,3728663677.57,85970772.54,3814634450.11,814634450.11,18506973.53,stock,VMT
2021-08-13,16:00:00,3748859857.23,3748859857.23,86391544.54,3835251401.77,835251401.77,18612166.53,stock,VMT
2021-08-16,16:00:00,3745206931.86,3745206931.86,86391544.54,3831598476.4,831598476.4,18612166.53,stock,VMT
2021-08-17,16:00:00,3656664004.51,3656664004.51,86391544.54,3743055549.05,743055549.05,18612166.53,stock,VMT
2021-08-18,16:00:00,3690320507.97,3690320507.97,86391544.54,3776712052.51,776712052.51,18612166.53,stock,VMT
2021-08-19,16:00:00,3678989265.91,3678989265.91,86538200.54,3765527466.45,765527466.45,18648830.53,stock,VMT
2021-08-20,16:00:00,3655311516.51,3655311516.51,86538200.54,3741849717.05,741849717.05,18648830.53,stock,VMT
2021-08-23,16:00:00,3721312178.02,3721312178.02,86656550.78,3807968728.8,807968728.8,18678418.09,stock,VMT
2021-08-24,16:00:00,3762729673.77,3762729673.77,86760781.18,3849490454.94,849490454.94,18704475.69,stock,VMT
2021-08-25,16:00:00,3809604056.89,3809604056.89,86760781.18,3896364838.07,896364838.07,18704475.69,stock,VMT
2021-08-26,16:00:00,3804685320.89,3804685320.89,86760781.18,3891446102.07,891446102.07,18704475.69,stock,VMT
2021-08-27,16:00:00,3838387882.56,3838387882.56,86760781.18,3925148663.74,925148663.74,18704475.69,stock,VMT
2021-08-30,16:00:00,3867519758.65,3867519758.65,86760781.18,3954280539.82,954280539.82,18704475.69,stock,VMT
2021-08-31,16:00:00,3928121053.55,3928121053.55,86760781.18,4014881834.72,1014881834.72,18704475.69,stock,VMT
2021-09-01,16:00:00,3907830969.95,3907830969.95,86760781.18,3994591751.13,994591751.13,18704475.69,stock,VMT
2021-09-02,16:00:00,3988045272.05,3988045272.05,86760781.18,4074806053.22,1074806053.22,18704475.69,stock,VMT
2021-09-03,16:00:00,3966432479.42,3966432479.42,86760781.18,4053193260.6,1053193260.6,18704475.69,stock,VMT
2021-09-06,16:00:00,3999335502.52,3999335502.52,86760781.18,4086096283.7,1086096283.7,18704475.69,stock,VMT
2021-09-07,16:00:00,4089041559.1,4089041559.1,86760781.18,4175802340.27,1175802340.27,18704475.69,stock,VMT
2021-09-08,16:00:00,4146650789.25,4146650789.25,86760781.18,4233411570.43,1233411570.43,18704475.69,stock,VMT
2021-09-09,16:00:00,4186565386.84,4186565386.84,86760781.18,4273326168.02,1273326168.02,18704475.69,stock,VMT
2021-09-10,16:00:00,4148691439.92,4148691439.92,86760781.18,4235452221.1,1235452221.1,18704475.69,stock,VMT
2021-09-13,16:00:00,4209363467.13,4209363467.13,86760781.18,4296124248.31,1296124248.31,18704475.69,stock,VMT
2021-09-14,16:00:00,4155489346.05,4155489346.05,86760781.18,4242250127.23,1242250127.23,18704475.69,stock,VMT
2021-09-15,16:00:00,4184845273.99,4184845273.99,86760781.18,4271606055.17,1271606055.17,18704475.69,stock,VMT
2021-09-16,16:00:00,4135046543.18,4135046543.18,87052518.78,4222099061.95,1222099061.95,18777410.09,stock,VMT
2021-09-17,16:00:00,4124560234.2,4124560234.2,87052518.78,4211612752.98,1211612752.98,18777410.09,stock,VMT
2021-09-22,16:00:00,4189149113.13,4189149113.13,87052518.78,4276201631.9,1276201631.9,18777410.09,stock,VMT
2021-09-23,16:00:00,4214278361.49,4214278361.49,87267158.78,4301545520.26,1301545520.26,18831070.09,stock,VMT
2021-09-24,16:00:00,4116162445.09,4116162445.09,87267158.78,4203429603.87,1203429603.87,18831070.09,stock,VMT
2021-09-27,16:00:00,3959519412.77,3959519412.77,87267158.78,4046786571.55,1046786571.55,18831070.09,stock,VMT
2021-09-28,16:00:00,3991585478.62,3991585478.62,87267158.78,4078852637.4,1078852637.4,18831070.09,stock,VMT
2021-09-29,16:00:00,3853278108.92,3853278108.92,87774878.78,3941052987.69,941052987.69,18958000.09,stock,VMT
2021-09-30,16:00:00,3940212130.55,3940212130.55,87774878.78,4027987009.33,1027987009.33,18958000.09,stock,VMT
2021-10-08,16:00:00,3951080414.98,3951080414.98,87774878.78,4038855293.76,1038855293.76,18958000.09,stock,VMT
2021-10-11,16:00:00,3931649828.56,3931649828.56,87774878.78,4019424707.34,1019424707.34,18958000.09,stock,VMT
2021-10-12,16:00:00,3863283154.58,3863283154.58,87774878.78,3951058033.36,951058033.36,18958000.09,stock,VMT
2021-10-13,16:00:00,3850478012.92,3850478012.92,87774878.78,3938252891.7,938252891.7,18958000.09,stock,VMT
2021-10-14,16:00:00,3854986975.5,3854986975.5,88348794.78,3943335770.28,943335770.28,19101479.09,stock,VMT
2021-10-15,16:00:00,3851275526.75,3851275526.75,88348794.78,3939624321.53,939624321.53,19101479.09,stock,VMT
2021-10-18,16:00:00,3896228347.42,3896228347.42,88348794.78,3984577142.2,984577142.2,19101479.09,stock,VMT
2021-10-19,16:00:00,3915313464.58,3915313464.58,88348794.78,4003662259.36,1003662259.36,19101479.09,stock,VMT
2021-10-20,16:00:00,3926401195.75,3926401195.75,88348794.78,4014749990.52,1014749990.52,19101479.09,stock,VMT
2021-10-21,16:00:00,3931129163.81,3931129163.81,88348794.78,4019477958.58,1019477958.58,19101479.09,stock,VMT
2021-10-22,16:00:00,3870663748.01,3870663748.01,88348794.78,3959012542.79,959012542.79,19101479.09,stock,VMT
2021-10-25,16:00:00,3901988399.56,3901988399.56,88348794.78,3990337194.34,990337194.34,19101479.09,stock,VMT
2021-10-26,16:00:00,3902215238.03,3902215238.03,88348794.78,3990564032.81,990564032.81,19101479.09,stock,VMT
2021-10-27,16:00:00,3879358730.2,3879358730.2,88348794.78,3967707524.98,967707524.98,19101479.09,stock,VMT
2021-10-28,16:00:00,3781671414.57,3781671414.57,88348794.78,3870020209.35,870020209.35,19101479.09,stock,VMT
2021-10-29,16:00:00,3830457920.72,3830457920.72,88348794.78,3918806715.5,918806715.5,19101479.09,stock,VMT
2021-11-01,16:00:00,3853761824.08,3853761824.08,88348794.78,3942110618.86,942110618.86,19101479.09,stock,VMT
2021-11-02,16:00:00,3770253923.65,3770253923.65,88348794.78,3858602718.43,858602718.43,19101479.09,stock,VMT
2021-11-03,16:00:00,3775230140.28,3775230140.28,88348794.78,3863578935.06,863578935.06,19101479.09,stock,VMT
2021-11-04,16:00:00,3822333808.06,3822333808.06,88348794.78,3910682602.84,910682602.84,19101479.09,stock,VMT
2021-11-05,16:00:00,3750576361.31,3750576361.31,88348794.78,3838925156.08,838925156.08,19101479.09,stock,VMT
2021-11-08,16:00:00,3783342152.75,3783342152.75,88348794.78,3871690947.52,871690947.52,19101479.09,stock,VMT
2021-11-09,16:00:00,3818110735.84,3818110735.84,88348794.78,3906459530.62,906459530.62,19101479.09,stock,VMT
2021-11-10,16:00:00,3824365745.26,3824365745.26,88348794.78,3912714540.03,912714540.03,19101479.09,stock,VMT
2021-11-11,16:00:00,3847156318.54,3847156318.54,88348794.78,3935505113.32,935505113.32,19101479.09,stock,VMT
2021-11-12,16:00:00,3863226605.24,3863226605.24,88348794.78,3951575400.02,951575400.02,19101479.09,stock,VMT
2021-11-15,16:00:00,3849187093.64,3849187093.64,88348794.78,3937535888.42,937535888.42,19101479.09,stock,VMT
2021-11-16,16:00:00,3818784774.04,3818784774.04,88422799,3907207573.04,907207573.04,19119980.14,stock,VMT
2021-11-17,16:00:00,3871743678.37,3871743678.37,88422799,3960166477.37,960166477.37,19119980.14,stock,VMT
2021-11-18,16:00:00,3870817874.26,3870817874.26,88422799,3959240673.26,959240673.26,19119980.14,stock,VMT
2021-11-19,16:00:00,3914557434.64,3914557434.64,88422799,4002980233.65,1002980233.65,19119980.14,stock,VMT
2021-11-22,16:00:00,3940389703.71,3940389703.71,88422799,4028812502.71,1028812502.71,19119980.14,stock,VMT
2021-11-23,16:00:00,3951410012.18,3951410012.18,88422799,4039832811.18,1039832811.18,19119980.14,stock,VMT
2021-11-24,16:00:00,3962278000.9,3962278000.9,88422799,4050700799.9,1050700799.9,19119980.14,stock,VMT
2021-11-25,16:00:00,3958082976.93,3958082976.93,88422799,4046505775.94,1046505775.94,19119980.14,stock,VMT
2021-11-26,16:00:00,3950352400.28,3950352400.28,88422799,4038775199.28,1038775199.28,19119980.14,stock,VMT
2021-11-29,16:00:00,3952467360.25,3952467360.25,88422799,4040890159.25,1040890159.25,19119980.14,stock,VMT
2021-11-30,16:00:00,3974479996.76,3974479996.76,88422799,4062902795.76,1062902795.76,19119980.14,stock,VMT
2021-12-01,16:00:00,4023139082.8,4023139082.8,88422799,4111561881.8,1111561881.8,19119980.14,stock,VMT
2021-12-02,16:00:00,4017090353.87,4017090353.87,88422799,4105513152.87,1105513152.87,19119980.14,stock,VMT
2021-12-03,16:00:00,4041933680.65,4041933680.65,88422799,4130356479.65,1130356479.65,19119980.14,stock,VMT
2021-12-06,16:00:00,4029885192.32,4029885192.32,88422799,4118307991.32,1118307991.32,19119980.14,stock,VMT
2021-12-07,16:00:00,4023870858.87,4023870858.87,88422799,4112293657.87,1112293657.87,19119980.14,stock,VMT
2021-12-08,16:00:00,4067971147.17,4067971147.17,88422799,4156393946.17,1156393946.17,19119980.14,stock,VMT
2021-12-09,16:00:00,4075756762.53,4075756762.53,88422799,4164179561.53,1164179561.53,19119980.14,stock,VMT
2021-12-10,16:00:00,4075133461.78,4075133461.78,88422799,4163556260.78,1163556260.78,19119980.14,stock,VMT
2021-12-13,16:00:00,4086841994.29,4086841994.29,88422799,4175264793.3,1175264793.3,19119980.14,stock,VMT
2021-12-14,16:00:00,4073995378.93,4073995378.93,88422799,4162418177.93,1162418177.93,19119980.14,stock,VMT
2021-12-15,16:00:00,4104901411.06,4104901411.06,88422799,4193324210.06,1193324210.06,19119980.14,stock,VMT
2021-12-16,16:00:00,4152441268.76,4152441268.76,88422799,4240864067.76,1240864067.76,19119980.14,stock,VMT
2021-12-17,16:00:00,4134048050.7,4134048050.7,88422799,4222470849.7,1222470849.7,19119980.14,stock,VMT
2021-12-20,16:00:00,4086232908.8,4086232908.8,88422799,4174655707.8,1174655707.8,19119980.14,stock,VMT
2021-12-21,16:00:00,4136333934.22,4136333934.22,88422799,4224756733.22,1224756733.22,19119980.14,stock,VMT
2021-12-22,16:00:00,4167296510.89,4167296510.89,88422799,4255719309.89,1255719309.89,19119980.14,stock,VMT
2021-12-23,16:00:00,4163574408.96,4163574408.96,88422799,4251997207.96,1251997207.96,19119980.14,stock,VMT
2021-12-24,16:00:00,4112034305.01,4112034305.01,88422799,4200457104.01,1200457104.01,19119980.14,stock,VMT
2021-12-27,16:00:00,4110620738.31,4110620738.31,88422799,4199043537.31,1199043537.31,19119980.14,stock,VMT
2021-12-28,16:00:00,4101764230.15,4101764230.15,88422799,4190187029.15,1190187029.15,19119980.14,stock,VMT
2021-12-29,16:00:00,4089356438.58,4089356438.58,88422799,4177779237.59,1177779237.59,19119980.14,stock,VMT
2021-12-30,16:00:00,4126254866.22,4126254866.22,88422799,4214677665.22,1214677665.22,19119980.14,stock,VMT
2021-12-31,16:00:00,4151176134.15,4151176134.15,88422799,4239598933.16,1239598933.16,19119980.14,stock,VMT
2022-01-04,16:00:00,4186881569.2,4186881569.2,88422799,4275304368.2,1275304368.2,19119980.14,stock,VMT
2022-01-05,16:00:00,4123193197.94,4123193197.94,88422799,4211615996.94,1211615996.94,19119980.14,stock,VMT
2022-01-06,16:00:00,4163319523.74,4163319523.74,88422799,4251742322.74,1251742322.74,19119980.14,stock,VMT
2022-01-07,16:00:00,4112113358.76,4112113358.76,88422799,4200536157.76,1200536157.76,19119980.14,stock,VMT
2022-01-10,16:00:00,4126015003.6,4126015003.6,88422799,4214437802.6,1214437802.6,19119980.14,stock,VMT
2022-01-11,16:00:00,4124337679.75,4124337679.75,88422799,4212760478.75,1212760478.75,19119980.14,stock,VMT
2022-01-12,16:00:00,4156905868.88,4156905868.88,88422799,4245328667.88,1245328667.88,19119980.14,stock,VMT
2022-01-13,16:00:00,4105961032.46,4105961032.46,88422799,4194383831.46,1194383831.46,19119980.14,stock,VMT
2022-01-14,16:00:00,4064452257.97,4064452257.97,88422799,4152875056.97,1152875056.97,19119980.14,stock,VMT
2022-01-17,16:00:00,4086345596.78,4086345596.78,88422799,4174768395.78,1174768395.78,19119980.14,stock,VMT
2022-01-18,16:00:00,4060917472.89,4060917472.89,88416116.99,4149333589.88,1149333589.88,19119980.14,stock,VMT
2022-01-19,16:00:00,4038068965.94,4038068965.94,88416116.99,4126485082.93,1126485082.93,19119980.14,stock,VMT
2022-01-20,16:00:00,3970410691.18,3970410691.18,88416116.99,4058826808.17,1058826808.17,19119980.14,stock,VMT
2022-01-21,16:00:00,3936225349.3,3936225349.3,88416116.99,4024641466.28,1024641466.28,19119980.14,stock,VMT
2022-01-24,16:00:00,3922571654.05,3922571654.05,88416116.99,4010987771.04,1010987771.04,19119980.14,stock,VMT
2022-01-25,16:00:00,3765718506.8,3765718506.8,88416116.99,3854134623.79,854134623.79,19119980.14,stock,VMT
2022-01-26,16:00:00,3798476971.73,3798476971.73,88416116.99,3886893088.72,886893088.72,19119980.14,stock,VMT
2022-01-27,16:00:00,3713229719.53,3713229719.53,88416116.99,3801645836.51,801645836.51,19119980.14,stock,VMT
2022-01-28,16:00:00,3727894890.95,3727894890.95,88416116.99,3816311007.94,816311007.94,19119980.14,stock,VMT
2022-02-07,16:00:00,3808357804.74,3808357804.74,88416116.99,3896773921.73,896773921.73,19119980.14,stock,VMT
2022-02-08,16:00:00,3882969689.03,3882969689.03,88416116.99,3971385806.02,971385806.02,19119980.14,stock,VMT
2022-02-09,16:00:00,3939525625.73,3939525625.73,88416116.99,4027941742.72,1027941742.72,19119980.14,stock,VMT
2022-02-10,16:00:00,3958008152.28,3958008152.28,88416116.99,4046424269.26,1046424269.26,19119980.14,stock,VMT
2022-02-11,16:00:00,3898310698.8,3898310698.8,88416116.99,3986726815.79,986726815.79,19119980.14,stock,VMT
2022-02-14,16:00:00,3884900277.41,3884900277.41,88416116.99,3973316394.39,973316394.39,19119980.14,stock,VMT
2022-02-15,16:00:00,3896633071.69,3896633071.69,88416116.99,3985049188.68,985049188.68,19119980.14,stock,VMT
2022-02-16,16:00:00,3951403241.54,3951403241.54,88416116.99,4039819358.52,1039819358.52,19119980.14,stock,VMT
2022-02-17,16:00:00,3954636104.83,3954636104.83,88416116.99,4043052221.82,1043052221.82,19119980.14,stock,VMT
2022-02-18,16:00:00,3992406750.69,3992406750.69,88416116.99,4080822867.68,1080822867.68,19119980.14,stock,VMT
2022-02-21,16:00:00,4021846473.29,4021846473.29,88416116.99,4110262590.28,1110262590.28,19119980.14,stock,VMT
2022-02-22,16:00:00,3997008244.24,3997008244.24,88416116.99,4085424361.22,1085424361.22,19119980.14,stock,VMT
2022-02-23,16:00:00,4049444874.17,4049444874.17,88416116.99,4137860991.16,1137860991.16,19119980.14,stock,VMT
2022-02-24,16:00:00,3966738015.52,3966738015.52,88416116.99,4055154132.51,1055154132.51,19119980.14,stock,VMT
2022-02-25,16:00:00,4012347183.62,4012347183.62,88416116.99,4100763300.61,1100763300.61,19119980.14,stock,VMT
2022-02-28,16:00:00,4030137546.05,4030137546.05,88416116.99,4118553663.04,1118553663.04,19119980.14,stock,VMT
2022-03-01,16:00:00,4061993946.66,4061993946.66,88416116.99,4150410063.65,1150410063.65,19119980.14,stock,VMT
2022-03-02,16:00:00,4101390548.59,4101390548.59,88416116.99,4189806665.58,1189806665.58,19119980.14,stock,VMT
2022-03-03,16:00:00,4133320485.43,4133320485.43,88416116.99,4221736602.41,1221736602.41,19119980.14,stock,VMT
2022-03-04,16:00:00,4085656270.68,4085656270.68,88416116.99,4174072387.67,1174072387.67,19119980.14,stock,VMT
2022-03-07,16:00:00,4027095694.48,4027095694.48,88416116.99,4115511811.46,1115511811.46,19119980.14,stock,VMT
2022-03-08,16:00:00,3891227066.07,3891227066.07,88416116.99,3979643183.06,979643183.06,19119980.14,stock,VMT
2022-03-09,16:00:00,3839657520.42,3839657520.42,88416116.99,3928073637.41,928073637.41,19119980.14,stock,VMT
2022-03-10,16:00:00,3925459976.78,3925459976.78,88416116.99,4013876093.77,1013876093.77,19119980.14,stock,VMT
2022-03-11,16:00:00,3957730447.03,3957730447.03,88416116.99,4046146564.01,1046146564.01,19119980.14,stock,VMT
2022-03-14,16:00:00,3845848078.45,3845848078.45,88416116.99,3934264195.44,934264195.44,19119980.14,stock,VMT
2022-03-15,16:00:00,3641038730.22,3641038730.22,88416116.99,3729454847.21,729454847.21,19119980.14,stock,VMT
2022-03-16,16:00:00,3758643373.74,3758643373.74,88416116.99,3847059490.73,847059490.73,19119980.14,stock,VMT
2022-03-17,16:00:00,3813771426.83,3813771426.83,88416116.99,3902187543.82,902187543.82,19119980.14,stock,VMT
2022-03-18,16:00:00,3887660611.15,3887660611.15,88416116.99,3976076728.14,976076728.14,19119980.14,stock,VMT
2022-03-21,16:00:00,3928855727.63,3928855727.63,88416116.99,4017271844.62,1017271844.62,19119980.14,stock,VMT
2022-03-22,16:00:00,3935499846.89,3935499846.89,88416116.99,4023915963.88,1023915963.88,19119980.14,stock,VMT
2022-03-23,16:00:00,3946453991.03,3946453991.03,88416116.99,4034870108.02,1034870108.02,19119980.14,stock,VMT
2022-03-24,16:00:00,3922668738.69,3922668738.69,88416116.99,4011084855.68,1011084855.68,19119980.14,stock,VMT
2022-03-25,16:00:00,3904324229.62,3904324229.62,88416116.99,3992740346.61,992740346.61,19119980.14,stock,VMT
2022-03-28,16:00:00,3904463578.7,3904463578.7,88416116.99,3992879695.69,992879695.69,19119980.14,stock,VMT
2022-03-29,16:00:00,3908505384.21,3908505384.21,88416116.99,3996921501.2,996921501.2,19119980.14,stock,VMT
2022-03-30,16:00:00,3969536156.54,3969536156.54,88448493.23,4057984649.77,1057984649.77,19128074.2,stock,VMT
2022-03-31,16:00:00,3954223130.55,3954223130.55,88448493.23,4042671623.77,1042671623.77,19128074.2,stock,VMT
2022-04-01,16:00:00,3962642345.45,3962642345.45,88448493.23,4051090838.68,1051090838.68,19128074.2,stock,VMT
2022-04-06,16:00:00,3996923515.71,3996923515.71,88448493.23,4085372008.94,1085372008.94,19128074.2,stock,VMT
2022-04-07,16:00:00,3916841949.34,3916841949.34,88448493.23,4005290442.57,1005290442.57,19128074.2,stock,VMT
2022-04-08,16:00:00,3920645081.85,3920645081.85,88448493.23,4009093575.08,1009093575.08,19128074.2,stock,VMT
2022-04-11,16:00:00,3825421175.24,3825421175.24,88448493.23,3913869668.47,913869668.47,19128074.2,stock,VMT
2022-04-12,16:00:00,3897036790.81,3897036790.81,88448493.23,3985485284.03,985485284.03,19128074.2,stock,VMT
2022-04-13,16:00:00,3855990284.11,3855990284.11,88448493.23,3944438777.34,944438777.34,19128074.2,stock,VMT
2022-04-14,16:00:00,3916102294.08,3916102294.08,88448493.23,4004550787.31,1004550787.31,19128074.2,stock,VMT
2022-04-15,16:00:00,3856180579.04,3856180579.04,88448493.23,3944629072.27,944629072.27,19128074.2,stock,VMT
2022-04-18,16:00:00,3840366847.16,3840366847.16,88581481.36,3928948328.51,928948328.51,19161321.23,stock,VMT
2022-04-19,16:00:00,3885661572.33,3885661572.33,88581481.36,3974243053.69,974243053.69,19161321.23,stock,VMT
2022-04-20,16:00:00,3832311734.18,3832311734.18,88581481.36,3920893215.53,920893215.53,19161321.23,stock,VMT
2022-04-21,16:00:00,3677018924.09,3677018924.09,88581481.36,3765600405.45,765600405.45,19161321.23,stock,VMT
2022-04-22,16:00:00,3658618880.51,3658618880.51,88581481.36,3747200361.86,747200361.86,19161321.23,stock,VMT
2022-04-25,16:00:00,3413368858.99,3413368858.99,88634637.36,3502003496.35,502003496.35,19174610.23,stock,VMT
2022-04-26,16:00:00,3306252412.93,3306252412.93,88966842.96,3395219255.89,395219255.89,19257661.63,stock,VMT
2022-04-27,16:00:00,3383592496.31,3383592496.31,88966842.96,3472559339.27,472559339.27,19257661.63,stock,VMT
2022-04-28,16:00:00,3378890123.93,3378890123.93,89396442.96,3468286566.89,468286566.89,19365061.63,stock,VMT
2022-04-29,16:00:00,3497341367.03,3497341367.03,89396442.96,3586737809.99,586737809.99,19365061.63,stock,VMT
2022-05-05,16:00:00,3545855678.05,3545855678.05,89396442.96,3635252121,635252121,19365061.63,stock,VMT
2022-05-06,16:00:00,3471527693.71,3471527693.71,89663514.96,3561191208.66,561191208.66,19431829.63,stock,VMT
2022-05-09,16:00:00,3518526768.45,3518526768.45,90468234.96,3608995003.41,608995003.41,19633009.63,stock,VMT
2022-05-10,16:00:00,3565737456.08,3565737456.08,90468234.96,3656205691.04,656205691.04,19633009.63,stock,VMT
2022-05-11,16:00:00,3573892440.12,3573892440.12,90468234.96,3664360675.07,664360675.07,19633009.63,stock,VMT
2022-05-12,16:00:00,3584732154.65,3584732154.65,90622434.96,3675354589.6,675354589.6,19671559.63,stock,VMT
2022-05-13,16:00:00,3623139492.71,3623139492.71,90622434.96,3713761927.66,713761927.66,19671559.63,stock,VMT
2022-05-16,16:00:00,3655751891.08,3655751891.08,90880002.96,3746631894.03,746631894.03,19735951.63,stock,VMT
2022-05-17,16:00:00,3656329958.88,3656329958.88,90880002.96,3747209961.84,747209961.84,19735951.63,stock,VMT
2022-05-18,16:00:00,3663702322.67,3663702322.67,91180122.96,3754882445.63,754882445.63,19810981.63,stock,VMT
2022-05-19,16:00:00,3691134647.71,3691134647.71,91742610.96,3782877258.67,782877258.67,19951603.63,stock,VMT
2022-05-20,16:00:00,3747359554.17,3747359554.17,91785087.76,3839144641.93,839144641.93,19962222.83,stock,VMT
2022-05-23,16:00:00,3792135668.99,3792135668.99,91910790.16,3884046459.14,884046459.14,19993648.43,stock,VMT
2022-05-24,16:00:00,3670084169.37,3670084169.37,92229070.16,3762313239.52,762313239.52,20073218.43,stock,VMT
2022-05-25,16:00:00,3751248525.2,3751248525.2,93930115.05,3845178640.26,845178640.26,20498479.66,stock,VMT
2022-05-26,16:00:00,3779222790.74,3779222790.74,94622123.95,3873844914.69,873844914.69,20671481.88,stock,VMT
2022-05-27,16:00:00,3799642609.2,3799642609.2,94622123.95,3894264733.15,894264733.15,20671481.88,stock,VMT
2022-05-30,16:00:00,3843543241.18,3843543241.18,94749698.35,3938292939.53,938292939.53,20703375.48,stock,VMT
2022-05-31,16:00:00,3874889793.57,3874889793.57,95077148.7,3969966942.27,969966942.27,20785238.07,stock,VMT
2022-06-01,16:00:00,3872285768.48,3872285768.48,96600319.13,3968886087.61,968886087.61,21166030.68,stock,VMT
2022-06-02,16:00:00,3874525241.61,3874525241.61,96843279.13,3971368520.73,971368520.73,21226770.68,stock,VMT
2022-06-06,16:00:00,3910661382.69,3910661382.69,96843279.13,4007504661.81,1007504661.81,21226770.68,stock,VMT
2022-06-07,16:00:00,3904275681.84,3904275681.84,98162419.13,4002438100.97,1002438100.97,21556555.68,stock,VMT
2022-06-08,16:00:00,3918712201.63,3918712201.63,98344606.33,4017056807.96,1017056807.96,21602102.48,stock,VMT
2022-06-09,16:00:00,3872495348.75,3872495348.75,99777384.65,3972272733.39,972272733.39,21960297.06,stock,VMT
2022-06-10,16:00:00,3933877710.19,3933877710.19,103243525.77,4037121235.95,1037121235.95,22826832.34,stock,VMT
2022-06-13,16:00:00,3939362204.46,3939362204.46,103243525.77,4042605730.23,1042605730.23,22826832.34,stock,VMT
2022-06-14,16:00:00,3966934189.33,3966934189.33,104945965.77,4071880155.1,1071880155.1,23252442.34,stock,VMT
2022-06-15,16:00:00,3935200067.37,3935200067.37,107170232.97,4042370300.34,1042370300.34,23808509.14,stock,VMT
2022-06-16,16:00:00,3919088920.9,3919088920.9,108263618.81,4027352539.71,1027352539.71,24081855.6,stock,VMT
2022-06-17,16:00:00,3924294255.45,3924294255.45,109393630.89,4033687886.33,1033687886.33,24364358.62,stock,VMT
2022-06-20,16:00:00,3942277476.55,3942277476.55,109982611.25,4052260087.81,1052260087.81,24511603.71,stock,VMT
2022-06-21,16:00:00,3909730612,3909730612,110068742.45,4019799354.46,1019799354.46,24533136.51,stock,VMT
2022-06-22,16:00:00,3871668681.93,3871668681.93,111063296.85,3982731978.79,982731978.79,24781775.11,stock,VMT
2022-06-23,16:00:00,3912097297.54,3912097297.54,111872384.47,4023969682.01,1023969682.01,24984047.01,stock,VMT
2022-06-24,16:00:00,3938480769.73,3938480769.73,112974016.47,4051454786.2,1051454786.2,25259455.01,stock,VMT
2022-06-27,16:00:00,3974272792.3,3974272792.3,113569245.51,4087842037.81,1087842037.81,25408262.27,stock,VMT
2022-06-28,16:00:00,4025845602.75,4025845602.75,114861217.96,4140706820.7,1140706820.7,25731255.38,stock,VMT
2022-06-29,16:00:00,3941726349.9,3941726349.9,117478349.78,4059204699.68,1059204699.68,26385538.34,stock,VMT
2022-06-30,16:00:00,3972268718.54,3972268718.54,117549340.01,4089818058.55,1089818058.55,26403285.9,stock,VMT
2022-07-01,16:00:00,3983977439.49,3983977439.49,117549340.01,4101526779.5,1101526779.5,26403285.9,stock,VMT
2022-07-04,16:00:00,4012955452.31,4012955452.31,117636141.5,4130591593.82,1130591593.82,26424986.27,stock,VMT
2022-07-05,16:00:00,4017561540.71,4017561540.71,118198655.1,4135760195.82,1135760195.82,26565614.67,stock,VMT
2022-07-06,16:00:00,3923017471.35,3923017471.35,118966587.66,4041984059.01,1041984059.01,26757597.81,stock,VMT
2022-07-07,16:00:00,3954204288.69,3954204288.69,119452801.57,4073657090.26,1073657090.26,26879151.29,stock,VMT
2022-07-08,16:00:00,3936333411.52,3936333411.52,119452801.57,4055786213.08,1055786213.08,26879151.29,stock,VMT
2022-07-11,16:00:00,3914564219.29,3914564219.29,119595355.19,4034159574.48,1034159574.48,26914789.69,stock,VMT
2022-07-12,16:00:00,3876577689.4,3876577689.4,119640120.79,3996217810.19,996217810.19,26925981.09,stock,VMT
2022-07-13,16:00:00,3917767903.59,3917767903.59,121984788.79,4039752692.38,1039752692.38,27512148.09,stock,VMT
2022-07-14,16:00:00,3905423640.65,3905423640.65,123804089.02,4029227729.67,1029227729.67,27966973.15,stock,VMT
2022-07-15,16:00:00,3825456485.76,3825456485.76,123939905.02,3949396390.78,949396390.78,28000927.15,stock,VMT
2022-07-18,16:00:00,3911875613.33,3911875613.33,124225374.62,4036100987.95,1036100987.95,28072294.55,stock,VMT
2022-07-19,16:00:00,3930847399.72,3930847399.72,125257627.42,4056105027.14,1056105027.14,28330357.75,stock,VMT
2022-07-20,16:00:00,3970049992.47,3970049992.47,125699858.62,4095749851.09,1095749851.09,28440915.55,stock,VMT
2022-07-21,16:00:00,3935824469.37,3935824469.37,125998756.54,4061823225.91,1061823225.91,28515640.03,stock,VMT
2022-07-22,16:00:00,3920452265.43,3920452265.43,126093004.54,4046545269.97,1046545269.97,28539202.03,stock,VMT
2022-07-25,16:00:00,3899385087.25,3899385087.25,126093004.54,4025478091.79,1025478091.79,28539202.03,stock,VMT
2022-07-26,16:00:00,3942989576.99,3942989576.99,126170665.34,4069160242.33,1069160242.33,28558617.23,stock,VMT
2022-07-27,16:00:00,3938873665.12,3938873665.12,126809865.34,4065683530.46,1065683530.46,28718417.23,stock,VMT
2022-07-28,16:00:00,3949355051.62,3949355051.62,126809865.34,4076164916.96,1076164916.96,28718417.23,stock,VMT
2022-07-29,16:00:00,3917539761.8,3917539761.8,127420532.94,4044960294.74,1044960294.74,28871084.13,stock,VMT
2022-08-01,16:00:00,3926106705.76,3926106705.76,127420532.94,4053527238.7,1053527238.7,28871084.13,stock,VMT
2022-08-02,16:00:00,3771634884.44,3771634884.44,127493404.14,3899128288.58,899128288.58,28889301.93,stock,VMT
2022-08-03,16:00:00,3750071800.39,3750071800.39,127493404.14,3877565204.53,877565204.53,28889301.93,stock,VMT
2022-08-04,16:00:00,3795415562.35,3795415562.35,127493404.14,3922908966.49,922908966.49,28889301.93,stock,VMT
2022-08-05,16:00:00,3833311249.51,3833311249.51,127493404.14,3960804653.65,960804653.65,28889301.93,stock,VMT
2022-08-08,16:00:00,3875768219.49,3875768219.49,127875901.74,4003644121.23,1003644121.23,28984926.33,stock,VMT
2022-08-09,16:00:00,3900905928.94,3900905928.94,127875901.74,4028781830.68,1028781830.68,28984926.33,stock,VMT
2022-08-10,16:00:00,3895421312.4,3895421312.4,128002001.74,4023423314.14,1023423314.14,29016451.33,stock,VMT
2022-08-11,16:00:00,3950361772.91,3950361772.91,128002001.74,4078363774.65,1078363774.65,29016451.33,stock,VMT
2022-08-12,16:00:00,3978540535.54,3978540535.54,128002001.74,4106542537.28,1106542537.28,29016451.33,stock,VMT
2022-08-15,16:00:00,4008851002.12,4008851002.12,128016682.54,4136867684.66,1136867684.66,29020121.53,stock,VMT
2022-08-16,16:00:00,4040847609.63,4040847609.63,128233410.7,4169081020.34,1169081020.34,29074303.57,stock,VMT
2022-08-17,16:00:00,4056370544.49,4056370544.49,128930381.9,4185300926.39,1185300926.39,29248546.37,stock,VMT
2022-08-18,16:00:00,4032729146.24,4032729146.24,129513065.1,4162242211.34,1162242211.34,29394217.17,stock,VMT
2022-08-19,16:00:00,4014274172.24,4014274172.24,129513065.1,4143787237.34,1143787237.34,29394217.17,stock,VMT
2022-08-22,16:00:00,4055794961.18,4055794961.18,129513065.1,4185308026.28,1185308026.28,29394217.17,stock,VMT
2022-08-23,16:00:00,4073751450.82,4073751450.82,129513065.1,4203264515.92,1203264515.92,29394217.17,stock,VMT
2022-08-24,16:00:00,3981219128.82,3981219128.82,129643315.92,4110862444.73,1110862444.73,29426779.87,stock,VMT
2022-08-25,16:00:00,4011366431.77,4011366431.77,129870167.82,4141236599.59,1141236599.59,29483492.85,stock,VMT
2022-08-26,16:00:00,3994577825.37,3994577825.37,129870167.82,4124447993.19,1124447993.19,29483492.85,stock,VMT
2022-08-29,16:00:00,4020693509.1,4020693509.1,129870167.82,4150563676.92,1150563676.92,29483492.85,stock,VMT
2022-08-30,16:00:00,3978126081.07,3978126081.07,129870167.82,4107996248.89,1107996248.89,29483492.85,stock,VMT
2022-08-31,16:00:00,3888190481.71,3888190481.71,129870167.82,4018060649.53,1018060649.53,29483492.85,stock,VMT
2022-09-01,16:00:00,3880322791.87,3880322791.87,129870167.82,4010192959.68,1010192959.68,29483492.85,stock,VMT
2022-09-02,16:00:00,3906171779.06,3906171779.06,129870167.82,4036041946.88,1036041946.88,29483492.85,stock,VMT
2022-09-05,16:00:00,3941528246.54,3941528246.54,129870167.82,4071398414.36,1071398414.36,29483492.85,stock,VMT
2022-09-06,16:00:00,4014107213.58,4014107213.58,129870167.82,4143977381.4,1143977381.4,29483492.85,stock,VMT
2022-09-07,16:00:00,4017877094.85,4017877094.85,129870167.82,4147747262.67,1147747262.67,29483492.85,stock,VMT
2022-09-08,16:00:00,3994515186.84,3994515186.84,129870167.82,4124385354.65,1124385354.65,29483492.85,stock,VMT
2022-09-09,16:00:00,4008835162.95,4008835162.95,129870167.82,4138705330.76,1138705330.76,29483492.85,stock,VMT
2022-09-13,16:00:00,3998208505.47,3998208505.47,129870167.82,4128078673.29,1128078673.29,29483492.85,stock,VMT
2022-09-14,16:00:00,3964789081.79,3964789081.79,129870167.82,4094659249.61,1094659249.61,29483492.85,stock,VMT
2022-09-15,16:00:00,3892719162.31,3892719162.31,129870167.82,4022589330.13,1022589330.13,29483492.85,stock,VMT
2022-09-16,16:00:00,3776225027.33,3776225027.33,130161905.42,3906386932.75,906386932.75,29556427.25,stock,VMT
2022-09-19,16:00:00,3746228753.86,3746228753.86,130161905.42,3876390659.28,876390659.28,29556427.25,stock,VMT
2022-09-20,16:00:00,3787973926.99,3787973926.99,130161905.42,3918135832.41,918135832.41,29556427.25,stock,VMT
2022-09-21,16:00:00,3815900509.27,3815900509.27,130161905.42,3946062414.69,946062414.69,29556427.25,stock,VMT
2022-09-22,16:00:00,3796702022.42,3796702022.42,130161905.42,3926863927.84,926863927.84,29556427.25,stock,VMT
2022-09-23,16:00:00,3741413303.15,3741413303.15,130161905.42,3871575208.57,871575208.57,29556427.25,stock,VMT
2022-09-26,16:00:00,3651999176.83,3651999176.83,130161905.42,3782161082.25,782161082.25,29556427.25,stock,VMT
2022-09-27,16:00:00,3715549193.87,3715549193.87,130366494.3,3845915688.17,845915688.17,29607574.47,stock,VMT
2022-09-28,16:00:00,3624386455.45,3624386455.45,130581134.3,3754967589.75,754967589.75,29661234.47,stock,VMT
2022-09-29,16:00:00,3600218663.07,3600218663.07,130581134.3,3730799797.36,730799797.36,29661234.47,stock,VMT
2022-09-30,16:00:00,3589607408.21,3589607408.21,130581134.3,3720188542.51,720188542.51,29661234.47,stock,VMT
2022-10-10,16:00:00,3539259081.55,3539259081.55,130581134.3,3669840215.84,669840215.84,29661234.47,stock,VMT
2022-10-11,16:00:00,3557687021.15,3557687021.15,130581134.3,3688268155.45,688268155.45,29661234.47,stock,VMT
2022-10-12,16:00:00,3618979556.28,3618979556.28,130876291.1,3749855847.38,749855847.38,29735023.67,stock,VMT
2022-10-13,16:00:00,3625215083.36,3625215083.36,130876291.1,3756091374.45,756091374.45,29735023.67,stock,VMT
2022-10-14,16:00:00,3691216653.89,3691216653.89,130876291.1,3822092944.99,822092944.99,29735023.67,stock,VMT
2022-10-17,16:00:00,3729159617.47,3729159617.47,130876291.1,3860035908.56,860035908.56,29735023.67,stock,VMT
2022-10-18,16:00:00,3731214474.32,3731214474.32,130876291.1,3862090765.41,862090765.41,29735023.67,stock,VMT
2022-10-19,16:00:00,3707460598.42,3707460598.42,130876291.1,3838336889.52,838336889.52,29735023.67,stock,VMT
2022-10-20,16:00:00,3688192199.58,3688192199.58,130876291.1,3819068490.68,819068490.68,29735023.67,stock,VMT
2022-10-21,16:00:00,3693038909.15,3693038909.15,130876291.1,3823915200.25,823915200.25,29735023.67,stock,VMT
2022-10-24,16:00:00,3614609603.79,3614609603.79,130876291.1,3745485894.88,745485894.88,29735023.67,stock,VMT
2022-10-25,16:00:00,3600596697.09,3600596697.09,130876291.1,3731472988.19,731472988.19,29735023.67,stock,VMT
2022-10-26,16:00:00,3645836880.82,3645836880.82,130876291.1,3776713171.91,776713171.91,29735023.67,stock,VMT
2022-10-27,16:00:00,3647811353.46,3647811353.46,130876291.1,3778687644.56,778687644.56,29735023.67,stock,VMT
2022-10-28,16:00:00,3515302129.01,3515302129.01,130876291.1,3646178420.1,646178420.1,29735023.67,stock,VMT
2022-10-31,16:00:00,3508509864.96,3508509864.96,130876291.1,3639386156.06,639386156.06,29735023.67,stock,VMT
2022-11-01,16:00:00,3597124096.88,3597124096.88,130876291.1,3728000387.98,728000387.98,29735023.67,stock,VMT
2022-11-02,16:00:00,3645768117.83,3645768117.83,130876291.1,3776644408.92,776644408.92,29735023.67,stock,VMT
2022-11-03,16:00:00,3653187286.7,3653187286.7,130876291.1,3784063577.79,784063577.79,29735023.67,stock,VMT
2022-11-04,16:00:00,3727059302.13,3727059302.13,130876291.1,3857935593.22,857935593.22,29735023.67,stock,VMT
2022-11-07,16:00:00,3756300798.67,3756300798.67,130876291.1,3887177089.77,887177089.77,29735023.67,stock,VMT
2022-11-08,16:00:00,3749729099.05,3749729099.05,130976833.72,3880705932.77,880705932.77,29760159.33,stock,VMT
2022-11-09,16:00:00,3750151301.69,3750151301.69,130976833.72,3881128135.41,881128135.41,29760159.33,stock,VMT
2022-11-10,16:00:00,3743125850.18,3743125850.18,130976833.72,3874102683.9,874102683.9,29760159.33,stock,VMT
2022-11-11,16:00:00,3787101189.02,3787101189.02,130976833.72,3918078022.74,918078022.74,29760159.33,stock,VMT
2022-11-14,16:00:00,3766858419.83,3766858419.83,130976833.72,3897835253.55,897835253.55,29760159.33,stock,VMT
2022-11-15,16:00:00,3824222889.16,3824222889.16,130976833.72,3955199722.88,955199722.88,29760159.33,stock,VMT
2022-11-16,16:00:00,3827062301.64,3827062301.64,130976833.72,3958039135.36,958039135.36,29760159.33,stock,VMT
2022-11-17,16:00:00,3830810993.45,3830810993.45,130976833.72,3961787827.17,961787827.17,29760159.33,stock,VMT
2022-11-18,16:00:00,3811314635.16,3811314635.16,130976833.72,3942291468.88,942291468.88,29760159.33,stock,VMT
2022-11-21,16:00:00,3820378998.58,3820378998.58,130976833.72,3951355832.3,951355832.3,29760159.33,stock,VMT
2022-11-22,16:00:00,3811946277.07,3811946277.07,130976833.72,3942923110.79,942923110.79,29760159.33,stock,VMT
2022-11-23,16:00:00,3812985399.86,3812985399.86,130976833.72,3943962233.58,943962233.58,29760159.33,stock,VMT
2022-11-24,16:00:00,3813465182.62,3813465182.62,130976833.72,3944442016.34,944442016.34,29760159.33,stock,VMT
2022-11-25,16:00:00,3811630532.5,3811630532.5,130976833.72,3942607366.22,942607366.22,29760159.33,stock,VMT
2022-11-28,16:00:00,3806681795.92,3806681795.92,130976833.72,3937658629.64,937658629.64,29760159.33,stock,VMT
2022-11-29,16:00:00,3884211505.03,3884211505.03,130976833.72,4015188338.76,1015188338.76,29760159.33,stock,VMT
2022-11-30,16:00:00,3885804980.23,3885804980.23,130976833.72,4016781813.95,1016781813.95,29760159.33,stock,VMT
2022-12-01,16:00:00,3894389374.87,3894389374.87,130976833.72,4025366208.59,1025366208.59,29760159.33,stock,VMT
2022-12-02,16:00:00,3895172132.79,3895172132.79,130976833.72,4026148966.51,1026148966.51,29760159.33,stock,VMT
2022-12-05,16:00:00,3957943512.36,3957943512.36,130976833.72,4088920346.08,1088920346.08,29760159.33,stock,VMT
2022-12-06,16:00:00,3956597723.51,3956597723.51,130976833.72,4087574557.23,1087574557.23,29760159.33,stock,VMT
2022-12-07,16:00:00,3951495492.91,3951495492.91,130976833.72,4082472326.64,1082472326.64,29760159.33,stock,VMT
2022-12-08,16:00:00,3951917100.32,3951917100.32,130976833.72,4082893934.04,1082893934.04,29760159.33,stock,VMT
2022-12-09,16:00:00,3942560749.15,3942560749.15,130976833.72,4073537582.87,1073537582.87,29760159.33,stock,VMT
2022-12-12,16:00:00,3906476113.12,3906476113.12,130976833.72,4037452946.84,1037452946.84,29760159.33,stock,VMT
2022-12-13,16:00:00,3923011012.3,3923011012.3,130976833.72,4053987846.02,1053987846.02,29760159.33,stock,VMT
2022-12-14,16:00:00,3911897966.93,3911897966.93,130976833.72,4042874800.65,1042874800.65,29760159.33,stock,VMT
2022-12-15,16:00:00,3901751794.64,3901751794.64,130976833.72,4032728628.36,1032728628.36,29760159.33,stock,VMT
2022-12-16,16:00:00,3902160097.63,3902160097.63,130976833.72,4033136931.36,1033136931.36,29760159.33,stock,VMT
2022-12-19,16:00:00,3808964414.78,3808964414.78,130976833.72,3939941248.5,939941248.5,29760159.33,stock,VMT
2022-12-20,16:00:00,3775207439.96,3775207439.96,130976833.72,3906184273.68,906184273.68,29760159.33,stock,VMT
2022-12-21,16:00:00,3760934204.56,3760934204.56,131387550.52,3892321755.08,892321755.08,29862838.53,stock,VMT
2022-12-22,16:00:00,3716561350.84,3716561350.84,131387550.52,3847948901.37,847948901.37,29862838.53,stock,VMT
2022-12-23,16:00:00,3701992244.32,3701992244.32,131387550.52,3833379794.84,833379794.84,29862838.53,stock,VMT
2022-12-26,16:00:00,3745413134.38,3745413134.38,131387550.52,3876800684.9,876800684.9,29862838.53,stock,VMT
2022-12-27,16:00:00,3768034014.71,3768034014.71,131387550.52,3899421565.23,899421565.23,29862838.53,stock,VMT
2022-12-28,16:00:00,3741910531.29,3741910531.29,131387550.52,3873298081.81,873298081.81,29862838.53,stock,VMT
2022-12-29,16:00:00,3724683703.64,3724683703.64,131387550.52,3856071254.16,856071254.16,29862838.53,stock,VMT
2022-12-30,16:00:00,3758141987.37,3758141987.37,131387550.52,3889529537.89,889529537.89,29862838.53,stock,VMT
2023-01-03,16:00:00,3816445306.09,3816445306.09,131387550.52,3947832856.61,947832856.61,29862838.53,stock,VMT
2023-01-04,16:00:00,3819082252.07,3819082252.07,131387550.52,3950469802.59,950469802.59,29862838.53,stock,VMT
2023-01-05,16:00:00,3833813966.44,3833813966.44,131387550.52,3965201516.96,965201516.96,29862838.53,stock,VMT
2023-01-06,16:00:00,3815111392.48,3815111392.48,131387550.52,3946498943,946498943,29862838.53,stock,VMT
2023-01-09,16:00:00,3830467529.55,3830467529.55,131387550.52,3961855080.07,961855080.07,29862838.53,stock,VMT
2023-01-10,16:00:00,3807799666.7,3807799666.7,131387550.52,3939187217.23,939187217.23,29862838.53,stock,VMT
2023-01-11,16:00:00,3794917332.76,3794917332.76,131387550.52,3926304883.28,926304883.28,29862838.53,stock,VMT
2023-01-12,16:00:00,3782154491.78,3782154491.78,131387550.52,3913542042.3,913542042.3,29862838.53,stock,VMT
2023-01-13,16:00:00,3802954726.07,3802954726.07,131387550.52,3934342276.59,934342276.59,29862838.53,stock,VMT
2023-01-16,16:00:00,3840298079.06,3840298079.06,131387550.52,3971685629.58,971685629.58,29862838.53,stock,VMT
2023-01-17,16:00:00,3822804578.55,3822804578.55,131387550.52,3954192129.07,954192129.07,29862838.53,stock,VMT
2023-01-18,16:00:00,3841736541.68,3841736541.68,131387550.52,3973124092.2,973124092.2,29862838.53,stock,VMT
2023-01-19,16:00:00,3856660873.94,3856660873.94,131387550.52,3988048424.46,988048424.46,29862838.53,stock,VMT
2023-01-20,16:00:00,3904167097.35,3904167097.35,131387550.52,4035554647.87,1035554647.87,29862838.53,stock,VMT
2023-01-30,16:00:00,3938264819.79,3938264819.79,131387550.52,4069652370.31,1069652370.31,29862838.53,stock,VMT
2023-01-31,16:00:00,3955557038.75,3955557038.75,131387550.52,4086944589.27,1086944589.27,29862838.53,stock,VMT
2023-02-01,16:00:00,4005695052.33,4005695052.33,131387550.52,4137082602.85,1137082602.85,29862838.53,stock,VMT
2023-02-02,16:00:00,4019031612.1,4019031612.1,131387550.52,4150419162.62,1150419162.62,29862838.53,stock,VMT
2023-02-03,16:00:00,4000984650.83,4000984650.83,131387550.52,4132372201.35,1132372201.35,29862838.53,stock,VMT
2023-02-06,16:00:00,3986848984.27,3986848984.27,131387550.52,4118236534.79,1118236534.79,29862838.53,stock,VMT
2023-02-07,16:00:00,4006726002.28,4006726002.28,131387550.52,4138113552.8,1138113552.8,29862838.53,stock,VMT
2023-02-08,16:00:00,3984143155.51,3984143155.51,131387550.52,4115530706.03,1115530706.03,29862838.53,stock,VMT
2023-02-09,16:00:00,4018104524.68,4018104524.68,131387550.52,4149492075.2,1149492075.2,29862838.53,stock,VMT
2023-02-10,16:00:00,4026258781.47,4026258781.47,131387550.52,4157646331.99,1157646331.99,29862838.53,stock,VMT
2023-02-13,16:00:00,4060764238.94,4060764238.94,131387550.52,4192151789.46,1192151789.46,29862838.53,stock,VMT
2023-02-14,16:00:00,4069837991.54,4069837991.54,131387550.52,4201225542.06,1201225542.06,29862838.53,stock,VMT
2023-02-15,16:00:00,4050557490.06,4050557490.06,131387550.52,4181945040.59,1181945040.59,29862838.53,stock,VMT
2023-02-16,16:00:00,3975619964.88,3975619964.88,131387550.52,4107007515.4,1107007515.4,29862838.53,stock,VMT
2023-02-17,16:00:00,3971823367.68,3971823367.68,131387550.52,4103210918.2,1103210918.2,29862838.53,stock,VMT
2023-02-20,16:00:00,4021994126.71,4021994126.71,131387550.52,4153381677.23,1153381677.23,29862838.53,stock,VMT
2023-02-21,16:00:00,4053943567.68,4053943567.68,131387550.52,4185331118.2,1185331118.2,29862838.53,stock,VMT
2023-02-22,16:00:00,4057238184.65,4057238184.65,131387550.52,4188625735.17,1188625735.17,29862838.53,stock,VMT
2023-02-23,16:00:00,4045161745.26,4045161745.26,131387550.52,4176549295.79,1176549295.79,29862838.53,stock,VMT
2023-02-24,16:00:00,4037250786.92,4037250786.92,131387550.52,4168638337.44,1168638337.44,29862838.53,stock,VMT
2023-02-27,16:00:00,4016854010.8,4016854010.8,131387550.52,4148241561.33,1148241561.33,29862838.53,stock,VMT
2023-02-28,16:00:00,4055376095.96,4055376095.96,131387550.52,4186763646.49,1186763646.49,29862838.53,stock,VMT
2023-03-01,16:00:00,4073954001.54,4073954001.54,131387550.52,4205341552.06,1205341552.06,29862838.53,stock,VMT
2023-03-02,16:00:00,4061386429.48,4061386429.48,131387550.52,4192773980,1192773980,29862838.53,stock,VMT
2023-03-03,16:00:00,4078760940.07,4078760940.07,131387550.52,4210148490.6,1210148490.6,29862838.53,stock,VMT
2023-03-06,16:00:00,4074993656.38,4074993656.38,131387550.52,4206381206.9,1206381206.9,29862838.53,stock,VMT
2023-03-07,16:00:00,4010810446.93,4010810446.93,131387550.52,4142197997.45,1142197997.45,29862838.53,stock,VMT
2023-03-08,16:00:00,4022895444.44,4022895444.44,131387550.52,4154282994.96,1154282994.96,29862838.53,stock,VMT
2023-03-09,16:00:00,4009726366.2,4009726366.2,131387550.52,4141113916.72,1141113916.72,29862838.53,stock,VMT
2023-03-10,16:00:00,3950439847.26,3950439847.26,131387550.52,4081827397.78,1081827397.78,29862838.53,stock,VMT
2023-03-13,16:00:00,3968509635.81,3968509635.81,131387550.52,4099897186.33,1099897186.33,29862838.53,stock,VMT
2023-03-14,16:00:00,3919541586.01,3919541586.01,131387550.52,4050929136.53,1050929136.53,29862838.53,stock,VMT
2023-03-15,16:00:00,3966493033.04,3966493033.04,131387550.52,4097880583.56,1097880583.56,29862838.53,stock,VMT
2023-03-16,16:00:00,3911677126.89,3911677126.89,131387550.52,4043064677.41,1043064677.41,29862838.53,stock,VMT
2023-03-17,16:00:00,3928633580.26,3928633580.26,131387550.52,4060021130.78,1060021130.78,29862838.53,stock,VMT
2023-03-20,16:00:00,3902603955.58,3902603955.58,131387550.52,4033991506.1,1033991506.1,29862838.53,stock,VMT
2023-03-21,16:00:00,3939790308.8,3939790308.8,131387550.52,4071177859.32,1071177859.32,29862838.53,stock,VMT
2023-03-22,16:00:00,3939626056.12,3939626056.12,131387550.52,4071013606.64,1071013606.64,29862838.53,stock,VMT
2023-03-23,16:00:00,3930203097.93,3930203097.93,131387550.52,4061590648.46,1061590648.46,29862838.53,stock,VMT
2023-03-24,16:00:00,3900392138.21,3900392138.21,131387550.52,4031779688.73,1031779688.73,29862838.53,stock,VMT
2023-03-27,16:00:00,3892366728.74,3892366728.74,131387550.52,4023754279.27,1023754279.27,29862838.53,stock,VMT
2023-03-28,16:00:00,3888771696.16,3888771696.16,131387550.52,4020159246.68,1020159246.68,29862838.53,stock,VMT
2023-03-29,16:00:00,3863388179.44,3863388179.44,131387550.52,3994775729.96,994775729.96,29862838.53,stock,VMT
2023-03-30,16:00:00,3862357812.14,3862357812.14,131387550.52,3993745362.66,993745362.66,29862838.53,stock,VMT
2023-03-31,16:00:00,3895719880.42,3895719880.42,131387550.52,4027107430.94,1027107430.94,29862838.53,stock,VMT
2023-04-03,16:00:00,3917922893.23,3917922893.23,131387550.52,4049310443.75,1049310443.75,29862838.53,stock,VMT
2023-04-04,16:00:00,3907986098.32,3907986098.32,131387550.52,4039373648.84,1039373648.84,29862838.53,stock,VMT
2023-04-06,16:00:00,3886715523.23,3886715523.23,131387550.52,4018103073.75,1018103073.75,29862838.53,stock,VMT
2023-04-07,16:00:00,3913950262.34,3913950262.34,131387550.52,4045337812.86,1045337812.86,29862838.53,stock,VMT
2023-04-10,16:00:00,3888988445.04,3888988445.04,131464866.62,4020453311.65,1020453311.65,29882167.55,stock,VMT
2023-04-11,16:00:00,3888545911.04,3888545911.04,131464866.62,4020010777.66,1020010777.66,29882167.55,stock,VMT
2023-04-12,16:00:00,3902552725.03,3902552725.03,131464866.62,4034017591.65,1034017591.65,29882167.55,stock,VMT
2023-04-13,16:00:00,3902598223.83,3902598223.83,131464866.62,4034063090.45,1034063090.45,29882167.55,stock,VMT
2023-04-14,16:00:00,3905924320.32,3905924320.32,131758384.79,4037682705.11,1037682705.11,29955547.09,stock,VMT
2023-04-17,16:00:00,3940980713.08,3940980713.08,131758384.79,4072739097.87,1072739097.87,29955547.09,stock,VMT
2023-04-18,16:00:00,3920499619.51,3920499619.51,131758384.79,4052258004.3,1052258004.3,29955547.09,stock,VMT
2023-04-19,16:00:00,3897784475.98,3897784475.98,131758384.79,4029542860.77,1029542860.77,29955547.09,stock,VMT
2023-04-20,16:00:00,3874551364.83,3874551364.83,131758384.79,4006309749.62,1006309749.62,29955547.09,stock,VMT
2023-04-21,16:00:00,3811031050.58,3811031050.58,131758384.79,3942789435.37,942789435.37,29955547.09,stock,VMT
2023-04-24,16:00:00,3790578711.51,3790578711.51,131758384.79,3922337096.3,922337096.3,29955547.09,stock,VMT
2023-04-25,16:00:00,3745528260.46,3745528260.46,131758384.79,3877286645.26,877286645.26,29955547.09,stock,VMT
2023-04-26,16:00:00,3780148011.58,3780148011.58,131758384.79,3911906396.38,911906396.38,29955547.09,stock,VMT
2023-04-27,16:00:00,3793471460.82,3793471460.82,132210820.79,3925682281.61,925682281.61,30068656.09,stock,VMT
2023-04-28,16:00:00,3850654314.53,3850654314.53,132210820.79,3982865135.33,982865135.33,30068656.09,stock,VMT
2023-05-04,16:00:00,3888322627.88,3888322627.88,132210820.79,4020533448.68,1020533448.68,30068656.09,stock,VMT
2023-05-05,16:00:00,3873825254.11,3873825254.11,132881420.79,4006706674.9,1006706674.9,30236306.09,stock,VMT
2023-05-08,16:00:00,3901805600.24,3901805600.24,132881420.79,4034687021.04,1034687021.04,30236306.09,stock,VMT
2023-05-09,16:00:00,3862808158.45,3862808158.45,132881420.79,3995689579.25,995689579.25,30236306.09,stock,VMT
2023-05-10,16:00:00,3854394868.34,3854394868.34,132881420.79,3987276289.14,987276289.14,30236306.09,stock,VMT
2023-05-11,16:00:00,3858159262.29,3858159262.29,132881420.79,3991040683.08,991040683.08,30236306.09,stock,VMT
2023-05-12,16:00:00,3824118612.73,3824118612.73,132881420.79,3957000033.52,957000033.52,30236306.09,stock,VMT
2023-05-15,16:00:00,3844065661.49,3844065661.49,133148492.79,3977214154.29,977214154.29,30303074.09,stock,VMT
2023-05-16,16:00:00,3808622548.95,3808622548.95,133148492.79,3941771041.74,941771041.74,30303074.09,stock,VMT
2023-05-17,16:00:00,3823980476.05,3823980476.05,133148492.79,3957128968.84,957128968.84,30303074.09,stock,VMT
2023-05-18,16:00:00,3816609620.44,3816609620.44,136184857.59,3952794478.03,952794478.03,31062165.29,stock,VMT
2023-05-19,16:00:00,3803477009.87,3803477009.87,136768337.59,3940245347.46,940245347.46,31208035.29,stock,VMT
2023-05-22,16:00:00,3821448180.79,3821448180.79,136768337.59,3958216518.39,958216518.39,31208035.29,stock,VMT
2023-05-23,16:00:00,3785992228.58,3785992228.58,137139991.55,3923132220.13,923132220.13,31300948.78,stock,VMT
2023-05-24,16:00:00,3751691850.49,3751691850.49,138008840.71,3889700691.2,889700691.2,31518161.07,stock,VMT
2023-05-25,16:00:00,3738506728.45,3738506728.45,138628132.71,3877134861.16,877134861.16,31672984.07,stock,VMT
2023-05-26,16:00:00,3757792455.73,3757792455.73,138773023.11,3896565478.84,896565478.84,31709206.67,stock,VMT
2023-05-29,16:00:00,3751859384.24,3751859384.24,138973381.19,3890832765.43,890832765.43,31759296.19,stock,VMT
2023-05-30,16:00:00,3767014340.56,3767014340.56,139188814.79,3906203155.35,906203155.35,31813154.59,stock,VMT
2023-05-31,16:00:00,3751037879.1,3751037879.1,139262334.79,3890300213.89,890300213.89,31831534.59,stock,VMT
2023-06-01,16:00:00,3743585999.17,3743585999.17,139348465.99,3882934465.16,882934465.16,31853067.39,stock,VMT
2023-06-02,16:00:00,3778199534.39,3778199534.39,139348465.99,3917548000.38,917548000.38,31853067.39,stock,VMT
2023-06-05,16:00:00,3801690554.72,3801690554.72,140264619.59,3941955174.31,941955174.31,32082105.79,stock,VMT
2023-06-06,16:00:00,3736335783.99,3736335783.99,140540007.91,3876875791.9,876875791.9,32150952.87,stock,VMT
2023-06-07,16:00:00,3749183155.03,3749183155.03,140744282.76,3889927437.79,889927437.79,32202021.58,stock,VMT
2023-06-08,16:00:00,3750932321.14,3750932321.14,141496983.56,3892429304.7,892429304.7,32390196.78,stock,VMT
2023-06-09,16:00:00,3761495493.5,3761495493.5,141878555.56,3903374049.06,903374049.06,32485589.78,stock,VMT
2023-06-12,16:00:00,3774548271.67,3774548271.67,142488071.46,3917036343.13,917036343.13,32637968.76,stock,VMT
2023-06-13,16:00:00,3774067390.26,3774067390.26,143530289.86,3917597680.13,917597680.13,32898523.36,stock,VMT
2023-06-14,16:00:00,3789268832.69,3789268832.69,146916873.39,3936185706.09,936185706.09,33745169.24,stock,VMT
2023-06-15,16:00:00,3799645513.72,3799645513.72,148959263.79,3948604777.51,948604777.51,34255766.84,stock,VMT
2023-06-16,16:00:00,3818246042.56,3818246042.56,151244055.79,3969490098.35,969490098.35,34826964.84,stock,VMT
2023-06-19,16:00:00,3799895688.72,3799895688.72,152595425.39,3952491114.11,952491114.11,35164807.24,stock,VMT
2023-06-20,16:00:00,3759272794.24,3759272794.24,153578391.47,3912851185.71,912851185.71,35410548.76,stock,VMT
2023-06-21,16:00:00,3725707566.9,3725707566.9,154197516.59,3879905083.49,879905083.49,35565330.04,stock,VMT
2023-06-26,16:00:00,3686423910.89,3686423910.89,154602132.91,3841026043.8,841026043.8,35666484.12,stock,VMT
2023-06-27,16:00:00,3755851936.49,3755851936.49,155488478.12,3911340414.61,911340414.61,35888070.42,stock,VMT
2023-06-28,16:00:00,3760654617.81,3760654617.81,157695546.6,3918350164.4,918350164.4,36439837.54,stock,VMT
2023-06-29,16:00:00,3761059892.5,3761059892.5,159857116.52,3920917009.02,920917009.02,36980230.02,stock,VMT
2023-06-30,16:00:00,3798441534.03,3798441534.03,160161526.12,3958603060.15,958603060.15,37056332.42,stock,VMT
2023-07-03,16:00:00,3826564342.56,3826564342.56,160161526.12,3986725868.68,986725868.68,37056332.42,stock,VMT
2023-07-04,16:00:00,3825082939.53,3825082939.53,160709148.52,3985792088.05,985792088.05,37193238.02,stock,VMT
2023-07-05,16:00:00,3814994160.16,3814994160.16,163185837.09,3978179997.25,978179997.25,37812410.17,stock,VMT
2023-07-06,16:00:00,3799149506.2,3799149506.2,163460668.41,3962610174.6,962610174.6,37881118,stock,VMT
2023-07-07,16:00:00,3806644425.32,3806644425.32,163547685.21,3970192110.53,970192110.53,37902872.2,stock,VMT
2023-07-10,16:00:00,3819876269.87,3819876269.87,163665243.61,3983541513.48,983541513.48,37932261.8,stock,VMT
2023-07-11,16:00:00,3825951558.32,3825951558.32,163774963.61,3989726521.93,989726521.93,37959691.8,stock,VMT
2023-07-12,16:00:00,3785040067.33,3785040067.33,164989214.95,3950029282.28,950029282.28,38263254.63,stock,VMT
2023-07-13,16:00:00,3802504610.58,3802504610.58,165593359.14,3968097969.72,968097969.72,38414290.68,stock,VMT
2023-07-14,16:00:00,3790628330.07,3790628330.07,168969615.14,3959597945.21,959597945.21,39258354.68,stock,VMT
2023-07-17,16:00:00,3789469318.39,3789469318.39,170734231.14,3960203549.53,960203549.53,39699508.68,stock,VMT
2023-07-18,16:00:00,3790294198.74,3790294198.74,172401168.01,3962695366.75,962695366.75,40116242.9,stock,VMT
2023-07-19,16:00:00,3789305114.31,3789305114.31,173060877.45,3962365991.76,962365991.76,40281170.26,stock,VMT
2023-07-20,16:00:00,3763314716.13,3763314716.13,173344401.45,3936659117.58,936659117.58,40352051.26,stock,VMT
2023-07-21,16:00:00,3781743110.39,3781743110.39,173453611.05,3955196721.44,955196721.44,40379353.66,stock,VMT
2023-07-24,16:00:00,3782602636.98,3782602636.98,173453611.05,3956056248.03,956056248.03,40379353.66,stock,VMT
2023-07-25,16:00:00,3835193605.54,3835193605.54,174051611.05,4009245216.58,1009245216.58,40528853.66,stock,VMT
2023-07-26,16:00:00,3843330039.93,3843330039.93,174051611.05,4017381650.98,1017381650.98,40528853.66,stock,VMT
2023-07-27,16:00:00,3821002059.33,3821002059.33,175047855.37,3996049914.69,996049914.69,40777914.74,stock,VMT
2023-07-28,16:00:00,3861325701.86,3861325701.86,175047855.37,4036373557.23,1036373557.23,40777914.74,stock,VMT
2023-07-31,16:00:00,3902439699.02,3902439699.02,175047855.37,4077487554.39,1077487554.39,40777914.74,stock,VMT
2023-08-01,16:00:00,3905872021.91,3905872021.91,175296433.78,4081168455.69,1081168455.69,40846917.74,stock,VMT
2023-08-02,16:00:00,3888472530.2,3888472530.2,175372734.18,4063845264.37,1063845264.37,40865992.84,stock,VMT
2023-08-03,16:00:00,3902266842.02,3902266842.02,175372734.18,4077639576.19,1077639576.19,40865992.84,stock,VMT
2023-08-04,16:00:00,3892331647.25,3892331647.25,175372734.18,4067704381.43,1067704381.43,40865992.84,stock,VMT
2023-08-07,16:00:00,3858473115.86,3858473115.86,175372734.18,4033845850.04,1033845850.04,40865992.84,stock,VMT
2023-08-08,16:00:00,3856954505.64,3856954505.64,175520103.78,4032474609.41,1032474609.41,40902835.24,stock,VMT
2023-08-09,16:00:00,3822589389.63,3822589389.63,175665307.78,3998254697.41,998254697.41,40939136.24,stock,VMT
2023-08-10,16:00:00,3838168483.6,3838168483.6,176437166.98,4014605650.57,1014605650.57,41132101.04,stock,VMT
2023-08-11,16:00:00,3775600234.56,3775600234.56,176437166.98,3952037401.54,952037401.54,41132101.04,stock,VMT
2023-08-14,16:00:00,3785271625.54,3785271625.54,176437166.98,3961708792.51,961708792.51,41132101.04,stock,VMT
2023-08-15,16:00:00,3773510291.43,3773510291.43,176437166.98,3949947458.41,949947458.41,41132101.04,stock,VMT
2023-08-16,16:00:00,3755775542.98,3755775542.98,176437166.98,3932212709.96,932212709.96,41132101.04,stock,VMT
2023-08-17,16:00:00,3791908025.4,3791908025.4,176437166.98,3968345192.37,968345192.37,41132101.04,stock,VMT
2023-08-18,16:00:00,3732170722.58,3732170722.58,176437166.98,3908607889.56,908607889.56,41132101.04,stock,VMT
2023-08-21,16:00:00,3697893694.27,3697893694.27,176437166.98,3874330861.24,874330861.24,41132101.04,stock,VMT
2023-08-22,16:00:00,3703955818.13,3703955818.13,176442630.02,3880398448.15,880398448.15,41133466.8,stock,VMT
2023-08-23,16:00:00,3657506851.53,3657506851.53,176505697.22,3834012548.75,834012548.75,41149233.6,stock,VMT
2023-08-24,16:00:00,3653490928.04,3653490928.04,176936264.31,3830427192.35,830427192.35,41256875.37,stock,VMT
2023-08-25,16:00:00,3625193948.33,3625193948.33,176998346.28,3802192294.61,802192294.61,41272395.86,stock,VMT
2023-08-28,16:00:00,3674426660.72,3674426660.72,177132856.68,3851559517.4,851559517.4,41306023.46,stock,VMT
2023-08-29,16:00:00,3734089200.22,3734089200.22,177132856.68,3911222056.9,911222056.9,41306023.46,stock,VMT
2023-08-30,16:00:00,3704094416.22,3704094416.22,177132856.68,3881227272.9,881227272.9,41306023.46,stock,VMT
2023-08-31,16:00:00,3670734964.57,3670734964.57,177132856.68,3847867821.25,847867821.25,41306023.46,stock,VMT
2023-09-01,16:00:00,3688889775.95,3688889775.95,177132856.68,3866022632.63,866022632.63,41306023.46,stock,VMT
2023-09-04,16:00:00,3746879499.63,3746879499.63,177132856.68,3924012356.31,924012356.31,41306023.46,stock,VMT
2023-09-05,16:00:00,3713763139.16,3713763139.16,177132856.68,3890895995.84,890895995.84,41306023.46,stock,VMT
2023-09-06,16:00:00,3714606580.35,3714606580.35,177132856.68,3891739437.03,891739437.03,41306023.46,stock,VMT
2023-09-07,16:00:00,3664396640.97,3664396640.97,177132856.68,3841529497.65,841529497.65,41306023.46,stock,VMT
2023-09-08,16:00:00,3662040763.38,3662040763.38,177132856.68,3839173620.06,839173620.06,41306023.46,stock,VMT
2023-09-11,16:00:00,3698378118.41,3698378118.41,177132856.68,3875510975.09,875510975.09,41306023.46,stock,VMT
2023-09-12,16:00:00,3700408097.48,3700408097.48,177132856.68,3877540954.16,877540954.16,41306023.46,stock,VMT
2023-09-13,16:00:00,3685855557.43,3685855557.43,177132856.68,3862988414.11,862988414.11,41306023.46,stock,VMT
2023-09-14,16:00:00,3681960008.51,3681960008.51,177397243.88,3859357252.39,859357252.39,41372120.26,stock,VMT
2023-09-15,16:00:00,3701844027.52,3701844027.52,177397243.88,3879241271.4,879241271.4,41372120.26,stock,VMT
2023-09-18,16:00:00,3716400734.53,3716400734.53,177397243.88,3893797978.41,893797978.41,41372120.26,stock,VMT
2023-09-19,16:00:00,3703722557.33,3703722557.33,177568955.88,3881291513.21,881291513.21,41415048.26,stock,VMT
2023-09-20,16:00:00,3674270245.76,3674270245.76,177568955.88,3851839201.63,851839201.63,41415048.26,stock,VMT
2023-09-21,16:00:00,3644628617.52,3644628617.52,177568955.88,3822197573.4,822197573.4,41415048.26,stock,VMT
2023-09-22,16:00:00,3681868926.28,3681868926.28,177568955.88,3859437882.16,859437882.16,41415048.26,stock,VMT
2023-09-25,16:00:00,3657083227.12,3657083227.12,178041889.99,3835125117.11,835125117.11,41533281.79,stock,VMT
2023-09-26,16:00:00,3641339211.93,3641339211.93,178041889.99,3819381101.92,819381101.92,41533281.79,stock,VMT
2023-09-27,16:00:00,3644924932.35,3644924932.35,178041889.99,3822966822.34,822966822.34,41533281.79,stock,VMT
2023-09-28,16:00:00,3670240017.21,3670240017.21,178041889.99,3848281907.2,848281907.2,41533281.79,stock,VMT
2023-10-09,16:00:00,3643042738.56,3643042738.56,178041889.99,3821084628.55,821084628.55,41533281.79,stock,VMT
2023-10-10,16:00:00,3625939518.97,3625939518.97,178041889.99,3803981408.96,803981408.96,41533281.79,stock,VMT
2023-10-11,16:00:00,3609051175.44,3609051175.44,178041889.99,3787093065.43,787093065.43,41533281.79,stock,VMT
2023-10-12,16:00:00,3638223819.13,3638223819.13,178041889.99,3816265709.12,816265709.12,41533281.79,stock,VMT
2023-10-13,16:00:00,3605757926.14,3605757926.14,178222263.59,3783980189.74,783980189.74,41578375.19,stock,VMT
2023-10-16,16:00:00,3599648670.2,3599648670.2,178222263.59,3777870933.79,777870933.79,41578375.19,stock,VMT
2023-10-17,16:00:00,3594658542.47,3594658542.47,178222263.59,3772880806.06,772880806.06,41578375.19,stock,VMT
2023-10-18,16:00:00,3537565506.38,3537565506.38,178222263.59,3715787769.97,715787769.97,41578375.19,stock,VMT
2023-10-19,16:00:00,3488530479.03,3488530479.03,178222263.59,3666752742.62,666752742.62,41578375.19,stock,VMT
2023-10-20,16:00:00,3474747870.59,3474747870.59,178222263.59,3652970134.18,652970134.18,41578375.19,stock,VMT
2023-10-23,16:00:00,3474747870.59,3474747870.59,178222263.59,3652970134.18,652970134.18,41578375.19,stock,VMT
